{
    "imagesInfo": [
        {
            "blPoint": {
                "imageCoords": {
                    "x": -1,
                    "y": -1
                },
                "uvCoords": {
                    "x": -1,
                    "y": -1
                },
                "uvCoordsNormalized": {
                    "x": 0.0,
                    "y": 0.35714285714285715
                },
                "uvCoordsNormalizedYflipped": {
                    "x": 0.0,
                    "y": 1.0
                },
                "worldcoords": {
                    "x": 1349.517857142857,
                    "y": 589.2857142857142,
                    "z": 1487.56
                }
            },
            "brPoint": {
                "imageCoords": {
                    "x": -1,
                    "y": -1
                },
                "uvCoords": {
                    "x": -1,
                    "y": -1
                },
                "uvCoordsNormalized": {
                    "x": 1.0,
                    "y": 0.35714285714285715
                },
                "uvCoordsNormalizedYflipped": {
                    "x": 1.0,
                    "y": 1.0
                },
                "worldcoords": {
                    "x": 1177.5,
                    "y": 589.2857142857142,
                    "z": 1487.5421428571428
                }
            },
            "centerPoint": {
                "imageCoords": {
                    "x": -1,
                    "y": -1
                },
                "uvCoords": {
                    "x": -1,
                    "y": -1
                },
                "uvCoordsNormalized": {
                    "x": 0.5,
                    "y": 0.1785714285714286
                },
                "uvCoordsNormalizedYflipped": {
                    "x": 0.5,
                    "y": 0.8214285714285714
                },
                "worldcoords": {
                    "x": 1263.5,
                    "y": 544.6428571428571,
                    "z": 1487.5510714285713
                }
            },
            "imageFilename": "floor2/wall_18/IMG_7445.JPG",
            "imageHeight": 792,
            "imageIndex": 0,
            "imageWidth": 1188,
            "neighborImages": {
                "bottomImage": {
                    "distance": 1000000.0,
                    "pointIndex": -1
                },
                "leftImage": {
                    "distance": 1000000.0,
                    "pointIndex": -1
                },
                "rightImage": {
                    "distance": 1000000.0,
                    "pointIndex": -1
                },
                "topImage": {
                    "distance": 1000000.0,
                    "pointIndex": -1
                }
            },
            "originX": 0,
            "originY": 0,
            "tlPoint": {
                "imageCoords": {
                    "x": -1,
                    "y": -1
                },
                "uvCoords": {
                    "x": -1,
                    "y": -1
                },
                "uvCoordsNormalized": {
                    "x": 0.0,
                    "y": 5.551115123125783e-17
                },
                "uvCoordsNormalizedYflipped": {
                    "x": 0.0,
                    "y": 0.6428571428571428
                },
                "worldcoords": {
                    "x": 1349.5,
                    "y": 500.00000000000006,
                    "z": 1487.56
                }
            },
            "trPoint": {
                "imageCoords": {
                    "x": -1,
                    "y": -1
                },
                "uvCoords": {
                    "x": -1,
                    "y": -1
                },
                "uvCoordsNormalized": {
                    "x": 1.0,
                    "y": 5.551115123125783e-17
                },
                "uvCoordsNormalizedYflipped": {
                    "x": 1.0,
                    "y": 0.6428571428571428
                },
                "worldcoords": {
                    "x": 1177.5,
                    "y": 500.00000000000006,
                    "z": 1487.56
                }
            }
        },
        {
            "blPoint": {
                "imageCoords": {
                    "x": -1,
                    "y": -1
                },
                "uvCoords": {
                    "x": -1,
                    "y": -1
                },
                "uvCoordsNormalized": {
                    "x": 0.0,
                    "y": 0.6785714285714286
                },
                "uvCoordsNormalizedYflipped": {
                    "x": 0.0,
                    "y": 0.6785714285714286
                },
                "worldcoords": {
                    "x": 1349.5339285714285,
                    "y": 669.6428571428571,
                    "z": 1487.56
                }
            },
            "brPoint": {
                "imageCoords": {
                    "x": -1,
                    "y": -1
                },
                "uvCoords": {
                    "x": -1,
                    "y": -1
                },
                "uvCoordsNormalized": {
                    "x": 1.0,
                    "y": 0.6785714285714286
                },
                "uvCoordsNormalizedYflipped": {
                    "x": 1.0,
                    "y": 0.6785714285714286
                },
                "worldcoords": {
                    "x": 1177.5,
                    "y": 669.6428571428571,
                    "z": 1487.5260714285714
                }
            },
            "centerPoint": {
                "imageCoords": {
                    "x": -1,
                    "y": -1
                },
                "uvCoords": {
                    "x": -1,
                    "y": -1
                },
                "uvCoordsNormalized": {
                    "x": 0.5,
                    "y": 0.5
                },
                "uvCoordsNormalizedYflipped": {
                    "x": 0.5,
                    "y": 0.5
                },
                "worldcoords": {
                    "x": 1263.5,
                    "y": 625.0,
                    "z": 1487.5349999999999
                }
            },
            "imageFilename": "floor2/wall_18/IMG_7446.JPG",
            "imageHeight": 792,
            "imageIndex": 1,
            "imageWidth": 1188,
            "neighborImages": {
                "bottomImage": {
                    "distance": 1000000.0,
                    "pointIndex": -1
                },
                "leftImage": {
                    "distance": 1000000.0,
                    "pointIndex": -1
                },
                "rightImage": {
                    "distance": 1000000.0,
                    "pointIndex": -1
                },
                "topImage": {
                    "distance": 1000000.0,
                    "pointIndex": -1
                }
            },
            "originX": 0,
            "originY": 0,
            "tlPoint": {
                "imageCoords": {
                    "x": -1,
                    "y": -1
                },
                "uvCoords": {
                    "x": -1,
                    "y": -1
                },
                "uvCoordsNormalized": {
                    "x": 0.0,
                    "y": 0.32142857142857145
                },
                "uvCoordsNormalizedYflipped": {
                    "x": 0.0,
                    "y": 0.3214285714285714
                },
                "worldcoords": {
                    "x": 1349.5160714285714,
                    "y": 580.3571428571429,
                    "z": 1487.56
                }
            },
            "trPoint": {
                "imageCoords": {
                    "x": -1,
                    "y": -1
                },
                "uvCoords": {
                    "x": -1,
                    "y": -1
                },
                "uvCoordsNormalized": {
                    "x": 1.0,
                    "y": 0.32142857142857145
                },
                "uvCoordsNormalizedYflipped": {
                    "x": 1.0,
                    "y": 0.3214285714285714
                },
                "worldcoords": {
                    "x": 1177.5,
                    "y": 580.3571428571429,
                    "z": 1487.5439285714288
                }
            }
        },
        {
            "blPoint": {
                "imageCoords": {
                    "x": -1,
                    "y": -1
                },
                "uvCoords": {
                    "x": -1,
                    "y": -1
                },
                "uvCoordsNormalized": {
                    "x": 0.0,
                    "y": 0.9999999999999999
                },
                "uvCoordsNormalizedYflipped": {
                    "x": 0.0,
                    "y": 0.3571428571428572
                },
                "worldcoords": {
                    "x": 1349.55,
                    "y": 749.9999999999999,
                    "z": 1487.56
                }
            },
            "brPoint": {
                "imageCoords": {
                    "x": -1,
                    "y": -1
                },
                "uvCoords": {
                    "x": -1,
                    "y": -1
                },
                "uvCoordsNormalized": {
                    "x": 1.0,
                    "y": 0.9999999999999999
                },
                "uvCoordsNormalizedYflipped": {
                    "x": 1.0,
                    "y": 0.3571428571428572
                },
                "worldcoords": {
                    "x": 1177.5,
                    "y": 749.9999999999999,
                    "z": 1487.51
                }
            },
            "centerPoint": {
                "imageCoords": {
                    "x": -1,
                    "y": -1
                },
                "uvCoords": {
                    "x": -1,
                    "y": -1
                },
                "uvCoordsNormalized": {
                    "x": 0.5,
                    "y": 0.8214285714285714
                },
                "uvCoordsNormalizedYflipped": {
                    "x": 0.5,
                    "y": 0.1785714285714286
                },
                "worldcoords": {
                    "x": 1263.5160714285714,
                    "y": 705.3571428571429,
                    "z": 1487.5349999999999
                }
            },
            "imageFilename": "floor2/wall_18/IMG_7447.JPG",
            "imageHeight": 792,
            "imageIndex": 2,
            "imageWidth": 1188,
            "neighborImages": {
                "bottomImage": {
                    "distance": 1000000.0,
                    "pointIndex": -1
                },
                "leftImage": {
                    "distance": 1000000.0,
                    "pointIndex": -1
                },
                "rightImage": {
                    "distance": 1000000.0,
                    "pointIndex": -1
                },
                "topImage": {
                    "distance": 1000000.0,
                    "pointIndex": -1
                }
            },
            "originX": 0,
            "originY": 0,
            "tlPoint": {
                "imageCoords": {
                    "x": -1,
                    "y": -1
                },
                "uvCoords": {
                    "x": -1,
                    "y": -1
                },
                "uvCoordsNormalized": {
                    "x": 0.0,
                    "y": 0.6428571428571428
                },
                "uvCoordsNormalizedYflipped": {
                    "x": 0.0,
                    "y": 1.1102230246251565e-16
                },
                "worldcoords": {
                    "x": 1349.5321428571428,
                    "y": 660.7142857142858,
                    "z": 1487.56
                }
            },
            "trPoint": {
                "imageCoords": {
                    "x": -1,
                    "y": -1
                },
                "uvCoords": {
                    "x": -1,
                    "y": -1
                },
                "uvCoordsNormalized": {
                    "x": 1.0,
                    "y": 0.6428571428571428
                },
                "uvCoordsNormalizedYflipped": {
                    "x": 1.0,
                    "y": 1.1102230246251565e-16
                },
                "worldcoords": {
                    "x": 1177.5,
                    "y": 660.7142857142858,
                    "z": 1487.527857142857
                }
            }
        }
    ],
    "materialIndex": 32,
    "materialName": "./floor2/wall_18/flatten_canvas.resized.jpg",
    "overviewImageInfo": {
        "blPoint": {
            "imageCoords": {
                "x": 0,
                "y": 2216
            },
            "uvCoords": {
                "x": -1,
                "y": -1
            },
            "uvCoordsNormalized": {
                "x": 0,
                "y": 1
            },
            "uvCoordsNormalizedYflipped": {
                "x": -1,
                "y": -1
            },
            "worldcoords": {
                "x": 1349.55,
                "y": 750.0,
                "z": 1487.56
            }
        },
        "brPoint": {
            "imageCoords": {
                "x": 1187,
                "y": 2216
            },
            "uvCoords": {
                "x": -1,
                "y": -1
            },
            "uvCoordsNormalized": {
                "x": 1,
                "y": 1
            },
            "uvCoordsNormalizedYflipped": {
                "x": -1,
                "y": -1
            },
            "worldcoords": {
                "x": 1177.5,
                "y": 750.0,
                "z": 1487.51
            }
        },
        "centerPoint": {
            "imageCoords": {
                "x": 594,
                "y": 1108
            },
            "uvCoords": {
                "x": -1,
                "y": -1
            },
            "uvCoordsNormalized": {
                "x": -1,
                "y": -1
            },
            "uvCoordsNormalizedYflipped": {
                "x": -1,
                "y": -1
            },
            "worldcoords": {
                "x": 0,
                "y": 0,
                "z": 0
            }
        },
        "imageFilename": "NA",
        "imageHeight": 2217,
        "imageIndex": 0,
        "imageWidth": 1188,
        "neighborImages": {
            "bottomImage": {
                "distance": 1000000.0,
                "pointIndex": -1
            },
            "leftImage": {
                "distance": 1000000.0,
                "pointIndex": -1
            },
            "rightImage": {
                "distance": 1000000.0,
                "pointIndex": -1
            },
            "topImage": {
                "distance": 1000000.0,
                "pointIndex": -1
            }
        },
        "originX": 0,
        "originY": 0,
        "tlPoint": {
            "imageCoords": {
                "x": -1,
                "y": -1
            },
            "uvCoords": {
                "x": -1,
                "y": -1
            },
            "uvCoordsNormalized": {
                "x": 0,
                "y": 0
            },
            "uvCoordsNormalizedYflipped": {
                "x": -1,
                "y": -1
            },
            "worldcoords": {
                "x": 1349.5,
                "y": 500.0,
                "z": 1487.56
            }
        },
        "trPoint": {
            "imageCoords": {
                "x": 1187,
                "y": 0
            },
            "uvCoords": {
                "x": -1,
                "y": -1
            },
            "uvCoordsNormalized": {
                "x": 1,
                "y": 0
            },
            "uvCoordsNormalizedYflipped": {
                "x": -1,
                "y": -1
            },
            "worldcoords": {
                "x": 1177.5,
                "y": 500.0,
                "z": 1487.56
            }
        }
    }
}