{
    "imagesInfo": [
        {
            "blPoint": {
                "imageCoords": {
                    "x": -1,
                    "y": -1
                },
                "uvCoords": {
                    "x": -1,
                    "y": -1
                },
                "uvCoordsNormalized": {
                    "x": 0.0,
                    "y": 0.35714285714285715
                },
                "uvCoordsNormalizedYflipped": {
                    "x": 0.0,
                    "y": 1.0
                },
                "worldcoords": {
                    "x": 859.4821428571429,
                    "y": 339.2857142857143,
                    "z": 1491.5421428571426
                }
            },
            "brPoint": {
                "imageCoords": {
                    "x": -1,
                    "y": -1
                },
                "uvCoords": {
                    "x": -1,
                    "y": -1
                },
                "uvCoordsNormalized": {
                    "x": 0.18181818181818182,
                    "y": 0.35714285714285715
                },
                "uvCoordsNormalizedYflipped": {
                    "x": 0.18181818181818182,
                    "y": 1.0
                },
                "worldcoords": {
                    "x": 722.0366883116883,
                    "y": 339.2857142857143,
                    "z": 1491.5512337662337
                }
            },
            "centerPoint": {
                "imageCoords": {
                    "x": -1,
                    "y": -1
                },
                "uvCoords": {
                    "x": -1,
                    "y": -1
                },
                "uvCoordsNormalized": {
                    "x": 0.09090909090909091,
                    "y": 0.1785714285714286
                },
                "uvCoordsNormalizedYflipped": {
                    "x": 0.09090909090909091,
                    "y": 0.8214285714285714
                },
                "worldcoords": {
                    "x": 790.7683441558441,
                    "y": 294.64285714285717,
                    "z": 1491.5556168831167
                }
            },
            "imageFilename": "floor1/wall_1/IMG_7157.JPG",
            "imageHeight": 792,
            "imageIndex": 0,
            "imageWidth": 1188,
            "neighborImages": {
                "bottomImage": {
                    "distance": 1000000.0,
                    "pointIndex": -1
                },
                "leftImage": {
                    "distance": 1000000.0,
                    "pointIndex": -1
                },
                "rightImage": {
                    "distance": 1000000.0,
                    "pointIndex": -1
                },
                "topImage": {
                    "distance": 1000000.0,
                    "pointIndex": -1
                }
            },
            "originX": 0,
            "originY": 0,
            "tlPoint": {
                "imageCoords": {
                    "x": -1,
                    "y": -1
                },
                "uvCoords": {
                    "x": -1,
                    "y": -1
                },
                "uvCoordsNormalized": {
                    "x": 0.0,
                    "y": 5.551115123125783e-17
                },
                "uvCoordsNormalizedYflipped": {
                    "x": 0.0,
                    "y": 0.6428571428571428
                },
                "worldcoords": {
                    "x": 859.5,
                    "y": 250.00000000000003,
                    "z": 1491.56
                }
            },
            "trPoint": {
                "imageCoords": {
                    "x": -1,
                    "y": -1
                },
                "uvCoords": {
                    "x": -1,
                    "y": -1
                },
                "uvCoordsNormalized": {
                    "x": 0.18181818181818182,
                    "y": 5.551115123125783e-17
                },
                "uvCoordsNormalizedYflipped": {
                    "x": 0.18181818181818182,
                    "y": 0.6428571428571428
                },
                "worldcoords": {
                    "x": 722.0545454545454,
                    "y": 250.0,
                    "z": 1491.550909090909
                }
            }
        },
        {
            "blPoint": {
                "imageCoords": {
                    "x": -1,
                    "y": -1
                },
                "uvCoords": {
                    "x": -1,
                    "y": -1
                },
                "uvCoordsNormalized": {
                    "x": 0.1636363636363636,
                    "y": 0.35714285714285715
                },
                "uvCoordsNormalizedYflipped": {
                    "x": 0.1636363636363636,
                    "y": 1.0
                },
                "worldcoords": {
                    "x": 735.7812337662338,
                    "y": 339.2857142857143,
                    "z": 1491.5503246753246
                }
            },
            "brPoint": {
                "imageCoords": {
                    "x": -1,
                    "y": -1
                },
                "uvCoords": {
                    "x": -1,
                    "y": -1
                },
                "uvCoordsNormalized": {
                    "x": 0.34545454545454546,
                    "y": 0.35714285714285715
                },
                "uvCoordsNormalizedYflipped": {
                    "x": 0.34545454545454546,
                    "y": 1.0
                },
                "worldcoords": {
                    "x": 598.3357792207792,
                    "y": 339.2857142857143,
                    "z": 1491.5594155844155
                }
            },
            "centerPoint": {
                "imageCoords": {
                    "x": -1,
                    "y": -1
                },
                "uvCoords": {
                    "x": -1,
                    "y": -1
                },
                "uvCoordsNormalized": {
                    "x": 0.2545454545454545,
                    "y": 0.1785714285714286
                },
                "uvCoordsNormalizedYflipped": {
                    "x": 0.2545454545454545,
                    "y": 0.8214285714285714
                },
                "worldcoords": {
                    "x": 667.067435064935,
                    "y": 294.6428571428571,
                    "z": 1491.5562012987011
                }
            },
            "imageFilename": "floor1/wall_1/IMG_7158.JPG",
            "imageHeight": 792,
            "imageIndex": 1,
            "imageWidth": 1188,
            "neighborImages": {
                "bottomImage": {
                    "distance": 1000000.0,
                    "pointIndex": -1
                },
                "leftImage": {
                    "distance": 1000000.0,
                    "pointIndex": -1
                },
                "rightImage": {
                    "distance": 1000000.0,
                    "pointIndex": -1
                },
                "topImage": {
                    "distance": 1000000.0,
                    "pointIndex": -1
                }
            },
            "originX": 0,
            "originY": 0,
            "tlPoint": {
                "imageCoords": {
                    "x": -1,
                    "y": -1
                },
                "uvCoords": {
                    "x": -1,
                    "y": -1
                },
                "uvCoordsNormalized": {
                    "x": 0.1636363636363636,
                    "y": 5.551115123125783e-17
                },
                "uvCoordsNormalizedYflipped": {
                    "x": 0.1636363636363636,
                    "y": 0.6428571428571428
                },
                "worldcoords": {
                    "x": 735.7990909090909,
                    "y": 250.0,
                    "z": 1491.551818181818
                }
            },
            "trPoint": {
                "imageCoords": {
                    "x": -1,
                    "y": -1
                },
                "uvCoords": {
                    "x": -1,
                    "y": -1
                },
                "uvCoordsNormalized": {
                    "x": 0.34545454545454546,
                    "y": 5.551115123125783e-17
                },
                "uvCoordsNormalizedYflipped": {
                    "x": 0.34545454545454546,
                    "y": 0.6428571428571428
                },
                "worldcoords": {
                    "x": 598.3536363636364,
                    "y": 250.0,
                    "z": 1491.542727272727
                }
            }
        },
        {
            "blPoint": {
                "imageCoords": {
                    "x": -1,
                    "y": -1
                },
                "uvCoords": {
                    "x": -1,
                    "y": -1
                },
                "uvCoordsNormalized": {
                    "x": 0.32727272727272727,
                    "y": 0.35714285714285715
                },
                "uvCoordsNormalizedYflipped": {
                    "x": 0.32727272727272727,
                    "y": 1.0
                },
                "worldcoords": {
                    "x": 612.0803246753246,
                    "y": 339.2857142857142,
                    "z": 1491.5585064935065
                }
            },
            "brPoint": {
                "imageCoords": {
                    "x": -1,
                    "y": -1
                },
                "uvCoords": {
                    "x": -1,
                    "y": -1
                },
                "uvCoordsNormalized": {
                    "x": 0.509090909090909,
                    "y": 0.35714285714285715
                },
                "uvCoordsNormalizedYflipped": {
                    "x": 0.509090909090909,
                    "y": 1.0
                },
                "worldcoords": {
                    "x": 474.6348701298702,
                    "y": 339.2857142857143,
                    "z": 1491.5524025974025
                }
            },
            "centerPoint": {
                "imageCoords": {
                    "x": -1,
                    "y": -1
                },
                "uvCoords": {
                    "x": -1,
                    "y": -1
                },
                "uvCoordsNormalized": {
                    "x": 0.4181818181818182,
                    "y": 0.1785714285714286
                },
                "uvCoordsNormalizedYflipped": {
                    "x": 0.4181818181818182,
                    "y": 0.8214285714285714
                },
                "worldcoords": {
                    "x": 543.366525974026,
                    "y": 294.6428571428571,
                    "z": 1491.5480194805195
                }
            },
            "imageFilename": "floor1/wall_1/IMG_7159.JPG",
            "imageHeight": 792,
            "imageIndex": 2,
            "imageWidth": 1188,
            "neighborImages": {
                "bottomImage": {
                    "distance": 1000000.0,
                    "pointIndex": -1
                },
                "leftImage": {
                    "distance": 1000000.0,
                    "pointIndex": -1
                },
                "rightImage": {
                    "distance": 1000000.0,
                    "pointIndex": -1
                },
                "topImage": {
                    "distance": 1000000.0,
                    "pointIndex": -1
                }
            },
            "originX": 0,
            "originY": 0,
            "tlPoint": {
                "imageCoords": {
                    "x": -1,
                    "y": -1
                },
                "uvCoords": {
                    "x": -1,
                    "y": -1
                },
                "uvCoordsNormalized": {
                    "x": 0.32727272727272727,
                    "y": 5.551115123125783e-17
                },
                "uvCoordsNormalizedYflipped": {
                    "x": 0.32727272727272727,
                    "y": 0.6428571428571428
                },
                "worldcoords": {
                    "x": 612.0981818181818,
                    "y": 250.00000000000003,
                    "z": 1491.5436363636363
                }
            },
            "trPoint": {
                "imageCoords": {
                    "x": -1,
                    "y": -1
                },
                "uvCoords": {
                    "x": -1,
                    "y": -1
                },
                "uvCoordsNormalized": {
                    "x": 0.509090909090909,
                    "y": 5.551115123125783e-17
                },
                "uvCoordsNormalizedYflipped": {
                    "x": 0.509090909090909,
                    "y": 0.6428571428571428
                },
                "worldcoords": {
                    "x": 474.6527272727273,
                    "y": 250.00000000000003,
                    "z": 1491.5345454545454
                }
            }
        },
        {
            "blPoint": {
                "imageCoords": {
                    "x": -1,
                    "y": -1
                },
                "uvCoords": {
                    "x": -1,
                    "y": -1
                },
                "uvCoordsNormalized": {
                    "x": 0.49090909090909085,
                    "y": 0.35714285714285715
                },
                "uvCoordsNormalizedYflipped": {
                    "x": 0.49090909090909085,
                    "y": 1.0
                },
                "worldcoords": {
                    "x": 488.37941558441565,
                    "y": 339.2857142857143,
                    "z": 1491.5533116883116
                }
            },
            "brPoint": {
                "imageCoords": {
                    "x": -1,
                    "y": -1
                },
                "uvCoords": {
                    "x": -1,
                    "y": -1
                },
                "uvCoordsNormalized": {
                    "x": 0.6727272727272726,
                    "y": 0.35714285714285715
                },
                "uvCoordsNormalizedYflipped": {
                    "x": 0.6727272727272726,
                    "y": 1.0
                },
                "worldcoords": {
                    "x": 350.9339610389611,
                    "y": 339.2857142857143,
                    "z": 1491.5442207792207
                }
            },
            "centerPoint": {
                "imageCoords": {
                    "x": -1,
                    "y": -1
                },
                "uvCoords": {
                    "x": -1,
                    "y": -1
                },
                "uvCoordsNormalized": {
                    "x": 0.5818181818181818,
                    "y": 0.1785714285714286
                },
                "uvCoordsNormalizedYflipped": {
                    "x": 0.5818181818181818,
                    "y": 0.8214285714285714
                },
                "worldcoords": {
                    "x": 419.66561688311685,
                    "y": 294.6428571428571,
                    "z": 1491.5398376623375
                }
            },
            "imageFilename": "floor1/wall_1/IMG_7160.JPG",
            "imageHeight": 792,
            "imageIndex": 3,
            "imageWidth": 1188,
            "neighborImages": {
                "bottomImage": {
                    "distance": 1000000.0,
                    "pointIndex": -1
                },
                "leftImage": {
                    "distance": 1000000.0,
                    "pointIndex": -1
                },
                "rightImage": {
                    "distance": 1000000.0,
                    "pointIndex": -1
                },
                "topImage": {
                    "distance": 1000000.0,
                    "pointIndex": -1
                }
            },
            "originX": 0,
            "originY": 0,
            "tlPoint": {
                "imageCoords": {
                    "x": -1,
                    "y": -1
                },
                "uvCoords": {
                    "x": -1,
                    "y": -1
                },
                "uvCoordsNormalized": {
                    "x": 0.49090909090909085,
                    "y": 5.551115123125783e-17
                },
                "uvCoordsNormalizedYflipped": {
                    "x": 0.49090909090909085,
                    "y": 0.6428571428571428
                },
                "worldcoords": {
                    "x": 488.39727272727276,
                    "y": 250.00000000000003,
                    "z": 1491.5354545454543
                }
            },
            "trPoint": {
                "imageCoords": {
                    "x": -1,
                    "y": -1
                },
                "uvCoords": {
                    "x": -1,
                    "y": -1
                },
                "uvCoordsNormalized": {
                    "x": 0.6727272727272726,
                    "y": 5.551115123125783e-17
                },
                "uvCoordsNormalizedYflipped": {
                    "x": 0.6727272727272726,
                    "y": 0.6428571428571428
                },
                "worldcoords": {
                    "x": 350.9518181818182,
                    "y": 250.00000000000003,
                    "z": 1491.5263636363636
                }
            }
        },
        {
            "blPoint": {
                "imageCoords": {
                    "x": -1,
                    "y": -1
                },
                "uvCoords": {
                    "x": -1,
                    "y": -1
                },
                "uvCoordsNormalized": {
                    "x": 0.6545454545454545,
                    "y": 0.35714285714285715
                },
                "uvCoordsNormalizedYflipped": {
                    "x": 0.6545454545454545,
                    "y": 1.0
                },
                "worldcoords": {
                    "x": 364.6785064935065,
                    "y": 339.28571428571433,
                    "z": 1491.54512987013
                }
            },
            "brPoint": {
                "imageCoords": {
                    "x": -1,
                    "y": -1
                },
                "uvCoords": {
                    "x": -1,
                    "y": -1
                },
                "uvCoordsNormalized": {
                    "x": 0.8363636363636364,
                    "y": 0.35714285714285715
                },
                "uvCoordsNormalizedYflipped": {
                    "x": 0.8363636363636364,
                    "y": 1.0
                },
                "worldcoords": {
                    "x": 227.23305194805192,
                    "y": 339.2857142857143,
                    "z": 1491.536038961039
                }
            },
            "centerPoint": {
                "imageCoords": {
                    "x": -1,
                    "y": -1
                },
                "uvCoords": {
                    "x": -1,
                    "y": -1
                },
                "uvCoordsNormalized": {
                    "x": 0.7454545454545455,
                    "y": 0.1785714285714286
                },
                "uvCoordsNormalizedYflipped": {
                    "x": 0.7454545454545455,
                    "y": 0.8214285714285714
                },
                "worldcoords": {
                    "x": 295.9647077922077,
                    "y": 294.6428571428571,
                    "z": 1491.531655844156
                }
            },
            "imageFilename": "floor1/wall_1/IMG_7161.JPG",
            "imageHeight": 792,
            "imageIndex": 4,
            "imageWidth": 1188,
            "neighborImages": {
                "bottomImage": {
                    "distance": 1000000.0,
                    "pointIndex": -1
                },
                "leftImage": {
                    "distance": 1000000.0,
                    "pointIndex": -1
                },
                "rightImage": {
                    "distance": 1000000.0,
                    "pointIndex": -1
                },
                "topImage": {
                    "distance": 1000000.0,
                    "pointIndex": -1
                }
            },
            "originX": 0,
            "originY": 0,
            "tlPoint": {
                "imageCoords": {
                    "x": -1,
                    "y": -1
                },
                "uvCoords": {
                    "x": -1,
                    "y": -1
                },
                "uvCoordsNormalized": {
                    "x": 0.6545454545454545,
                    "y": 5.551115123125783e-17
                },
                "uvCoordsNormalizedYflipped": {
                    "x": 0.6545454545454545,
                    "y": 0.6428571428571428
                },
                "worldcoords": {
                    "x": 364.6963636363637,
                    "y": 250.00000000000003,
                    "z": 1491.5272727272727
                }
            },
            "trPoint": {
                "imageCoords": {
                    "x": -1,
                    "y": -1
                },
                "uvCoords": {
                    "x": -1,
                    "y": -1
                },
                "uvCoordsNormalized": {
                    "x": 0.8363636363636364,
                    "y": 5.551115123125783e-17
                },
                "uvCoordsNormalizedYflipped": {
                    "x": 0.8363636363636364,
                    "y": 0.6428571428571428
                },
                "worldcoords": {
                    "x": 227.25090909090903,
                    "y": 250.00000000000003,
                    "z": 1491.5181818181818
                }
            }
        },
        {
            "blPoint": {
                "imageCoords": {
                    "x": -1,
                    "y": -1
                },
                "uvCoords": {
                    "x": -1,
                    "y": -1
                },
                "uvCoordsNormalized": {
                    "x": 0.8181818181818182,
                    "y": 0.35714285714285715
                },
                "uvCoordsNormalizedYflipped": {
                    "x": 0.8181818181818182,
                    "y": 1.0
                },
                "worldcoords": {
                    "x": 240.97759740259738,
                    "y": 339.28571428571433,
                    "z": 1491.536948051948
                }
            },
            "brPoint": {
                "imageCoords": {
                    "x": -1,
                    "y": -1
                },
                "uvCoords": {
                    "x": -1,
                    "y": -1
                },
                "uvCoordsNormalized": {
                    "x": 1.0,
                    "y": 0.35714285714285715
                },
                "uvCoordsNormalizedYflipped": {
                    "x": 1.0,
                    "y": 1.0
                },
                "worldcoords": {
                    "x": 103.53214285714284,
                    "y": 339.2857142857143,
                    "z": 1491.527857142857
                }
            },
            "centerPoint": {
                "imageCoords": {
                    "x": -1,
                    "y": -1
                },
                "uvCoords": {
                    "x": -1,
                    "y": -1
                },
                "uvCoordsNormalized": {
                    "x": 0.9090909090909092,
                    "y": 0.1785714285714286
                },
                "uvCoordsNormalizedYflipped": {
                    "x": 0.9090909090909092,
                    "y": 0.8214285714285714
                },
                "worldcoords": {
                    "x": 172.26379870129864,
                    "y": 294.6428571428571,
                    "z": 1491.5234740259739
                }
            },
            "imageFilename": "floor1/wall_1/IMG_7162.JPG",
            "imageHeight": 792,
            "imageIndex": 5,
            "imageWidth": 1188,
            "neighborImages": {
                "bottomImage": {
                    "distance": 1000000.0,
                    "pointIndex": -1
                },
                "leftImage": {
                    "distance": 1000000.0,
                    "pointIndex": -1
                },
                "rightImage": {
                    "distance": 1000000.0,
                    "pointIndex": -1
                },
                "topImage": {
                    "distance": 1000000.0,
                    "pointIndex": -1
                }
            },
            "originX": 0,
            "originY": 0,
            "tlPoint": {
                "imageCoords": {
                    "x": -1,
                    "y": -1
                },
                "uvCoords": {
                    "x": -1,
                    "y": -1
                },
                "uvCoordsNormalized": {
                    "x": 0.8181818181818182,
                    "y": 5.551115123125783e-17
                },
                "uvCoordsNormalizedYflipped": {
                    "x": 0.8181818181818182,
                    "y": 0.6428571428571428
                },
                "worldcoords": {
                    "x": 240.9954545454545,
                    "y": 250.00000000000003,
                    "z": 1491.5190909090911
                }
            },
            "trPoint": {
                "imageCoords": {
                    "x": -1,
                    "y": -1
                },
                "uvCoords": {
                    "x": -1,
                    "y": -1
                },
                "uvCoordsNormalized": {
                    "x": 1.0,
                    "y": 5.551115123125783e-17
                },
                "uvCoordsNormalizedYflipped": {
                    "x": 1.0,
                    "y": 0.6428571428571428
                },
                "worldcoords": {
                    "x": 103.55,
                    "y": 250.00000000000003,
                    "z": 1491.51
                }
            }
        },
        {
            "blPoint": {
                "imageCoords": {
                    "x": -1,
                    "y": -1
                },
                "uvCoords": {
                    "x": -1,
                    "y": -1
                },
                "uvCoordsNormalized": {
                    "x": 0.84375,
                    "y": 0.6785714285714286
                },
                "uvCoordsNormalizedYflipped": {
                    "x": 0.84375,
                    "y": 0.6785714285714286
                },
                "worldcoords": {
                    "x": 221.63325892857142,
                    "y": 419.6428571428571,
                    "z": 1491.5517410714285
                }
            },
            "brPoint": {
                "imageCoords": {
                    "x": -1,
                    "y": -1
                },
                "uvCoords": {
                    "x": -1,
                    "y": -1
                },
                "uvCoordsNormalized": {
                    "x": 1.0,
                    "y": 0.6785714285714286
                },
                "uvCoordsNormalizedYflipped": {
                    "x": 1.0,
                    "y": 0.6785714285714286
                },
                "worldcoords": {
                    "x": 103.51607142857142,
                    "y": 419.6428571428571,
                    "z": 1491.5439285714285
                }
            },
            "centerPoint": {
                "imageCoords": {
                    "x": -1,
                    "y": -1
                },
                "uvCoords": {
                    "x": -1,
                    "y": -1
                },
                "uvCoordsNormalized": {
                    "x": 0.921875,
                    "y": 0.5
                },
                "uvCoordsNormalizedYflipped": {
                    "x": 0.921875,
                    "y": 0.5
                },
                "worldcoords": {
                    "x": 162.58359375,
                    "y": 375.0,
                    "z": 1491.5389062499999
                }
            },
            "imageFilename": "floor1/wall_1/IMG_7163.JPG",
            "imageHeight": 792,
            "imageIndex": 6,
            "imageWidth": 1188,
            "neighborImages": {
                "bottomImage": {
                    "distance": 1000000.0,
                    "pointIndex": -1
                },
                "leftImage": {
                    "distance": 1000000.0,
                    "pointIndex": -1
                },
                "rightImage": {
                    "distance": 1000000.0,
                    "pointIndex": -1
                },
                "topImage": {
                    "distance": 1000000.0,
                    "pointIndex": -1
                }
            },
            "originX": 0,
            "originY": 0,
            "tlPoint": {
                "imageCoords": {
                    "x": -1,
                    "y": -1
                },
                "uvCoords": {
                    "x": -1,
                    "y": -1
                },
                "uvCoordsNormalized": {
                    "x": 0.84375,
                    "y": 0.32142857142857145
                },
                "uvCoordsNormalizedYflipped": {
                    "x": 0.84375,
                    "y": 0.3214285714285714
                },
                "worldcoords": {
                    "x": 221.65111607142856,
                    "y": 330.3571428571429,
                    "z": 1491.5338839285714
                }
            },
            "trPoint": {
                "imageCoords": {
                    "x": -1,
                    "y": -1
                },
                "uvCoords": {
                    "x": -1,
                    "y": -1
                },
                "uvCoordsNormalized": {
                    "x": 1.0,
                    "y": 0.32142857142857145
                },
                "uvCoordsNormalizedYflipped": {
                    "x": 1.0,
                    "y": 0.3214285714285714
                },
                "worldcoords": {
                    "x": 103.53392857142859,
                    "y": 330.3571428571429,
                    "z": 1491.5260714285714
                }
            }
        },
        {
            "blPoint": {
                "imageCoords": {
                    "x": -1,
                    "y": -1
                },
                "uvCoords": {
                    "x": -1,
                    "y": -1
                },
                "uvCoordsNormalized": {
                    "x": 0.703125,
                    "y": 0.6785714285714286
                },
                "uvCoordsNormalizedYflipped": {
                    "x": 0.703125,
                    "y": 0.6785714285714286
                },
                "worldcoords": {
                    "x": 327.93872767857147,
                    "y": 419.6428571428571,
                    "z": 1491.5587723214285
                }
            },
            "brPoint": {
                "imageCoords": {
                    "x": -1,
                    "y": -1
                },
                "uvCoords": {
                    "x": -1,
                    "y": -1
                },
                "uvCoordsNormalized": {
                    "x": 0.859375,
                    "y": 0.6785714285714286
                },
                "uvCoordsNormalizedYflipped": {
                    "x": 0.859375,
                    "y": 0.6785714285714286
                },
                "worldcoords": {
                    "x": 209.82154017857144,
                    "y": 419.6428571428571,
                    "z": 1491.5509598214285
                }
            },
            "centerPoint": {
                "imageCoords": {
                    "x": -1,
                    "y": -1
                },
                "uvCoords": {
                    "x": -1,
                    "y": -1
                },
                "uvCoordsNormalized": {
                    "x": 0.78125,
                    "y": 0.5
                },
                "uvCoordsNormalizedYflipped": {
                    "x": 0.78125,
                    "y": 0.5
                },
                "worldcoords": {
                    "x": 268.8890625,
                    "y": 375.0,
                    "z": 1491.5459375
                }
            },
            "imageFilename": "floor1/wall_1/IMG_7164.JPG",
            "imageHeight": 792,
            "imageIndex": 7,
            "imageWidth": 1188,
            "neighborImages": {
                "bottomImage": {
                    "distance": 1000000.0,
                    "pointIndex": -1
                },
                "leftImage": {
                    "distance": 1000000.0,
                    "pointIndex": -1
                },
                "rightImage": {
                    "distance": 1000000.0,
                    "pointIndex": -1
                },
                "topImage": {
                    "distance": 1000000.0,
                    "pointIndex": -1
                }
            },
            "originX": 0,
            "originY": 0,
            "tlPoint": {
                "imageCoords": {
                    "x": -1,
                    "y": -1
                },
                "uvCoords": {
                    "x": -1,
                    "y": -1
                },
                "uvCoordsNormalized": {
                    "x": 0.703125,
                    "y": 0.32142857142857145
                },
                "uvCoordsNormalizedYflipped": {
                    "x": 0.703125,
                    "y": 0.3214285714285714
                },
                "worldcoords": {
                    "x": 327.9565848214286,
                    "y": 330.3571428571429,
                    "z": 1491.5409151785714
                }
            },
            "trPoint": {
                "imageCoords": {
                    "x": -1,
                    "y": -1
                },
                "uvCoords": {
                    "x": -1,
                    "y": -1
                },
                "uvCoordsNormalized": {
                    "x": 0.859375,
                    "y": 0.32142857142857145
                },
                "uvCoordsNormalizedYflipped": {
                    "x": 0.859375,
                    "y": 0.3214285714285714
                },
                "worldcoords": {
                    "x": 209.83939732142858,
                    "y": 330.3571428571429,
                    "z": 1491.5331026785716
                }
            }
        },
        {
            "blPoint": {
                "imageCoords": {
                    "x": -1,
                    "y": -1
                },
                "uvCoords": {
                    "x": -1,
                    "y": -1
                },
                "uvCoordsNormalized": {
                    "x": 0.5625,
                    "y": 0.6785714285714286
                },
                "uvCoordsNormalizedYflipped": {
                    "x": 0.5625,
                    "y": 0.6785714285714286
                },
                "worldcoords": {
                    "x": 434.2441964285714,
                    "y": 419.6428571428571,
                    "z": 1491.5541964285715
                }
            },
            "brPoint": {
                "imageCoords": {
                    "x": -1,
                    "y": -1
                },
                "uvCoords": {
                    "x": -1,
                    "y": -1
                },
                "uvCoordsNormalized": {
                    "x": 0.71875,
                    "y": 0.6785714285714286
                },
                "uvCoordsNormalizedYflipped": {
                    "x": 0.71875,
                    "y": 0.6785714285714286
                },
                "worldcoords": {
                    "x": 316.1270089285714,
                    "y": 419.6428571428571,
                    "z": 1491.5579910714284
                }
            },
            "centerPoint": {
                "imageCoords": {
                    "x": -1,
                    "y": -1
                },
                "uvCoords": {
                    "x": -1,
                    "y": -1
                },
                "uvCoordsNormalized": {
                    "x": 0.640625,
                    "y": 0.5
                },
                "uvCoordsNormalizedYflipped": {
                    "x": 0.640625,
                    "y": 0.5
                },
                "worldcoords": {
                    "x": 375.19453125,
                    "y": 375.0,
                    "z": 1491.55296875
                }
            },
            "imageFilename": "floor1/wall_1/IMG_7165.JPG",
            "imageHeight": 792,
            "imageIndex": 8,
            "imageWidth": 1188,
            "neighborImages": {
                "bottomImage": {
                    "distance": 1000000.0,
                    "pointIndex": -1
                },
                "leftImage": {
                    "distance": 1000000.0,
                    "pointIndex": -1
                },
                "rightImage": {
                    "distance": 1000000.0,
                    "pointIndex": -1
                },
                "topImage": {
                    "distance": 1000000.0,
                    "pointIndex": -1
                }
            },
            "originX": 0,
            "originY": 0,
            "tlPoint": {
                "imageCoords": {
                    "x": -1,
                    "y": -1
                },
                "uvCoords": {
                    "x": -1,
                    "y": -1
                },
                "uvCoordsNormalized": {
                    "x": 0.5625,
                    "y": 0.32142857142857145
                },
                "uvCoordsNormalizedYflipped": {
                    "x": 0.5625,
                    "y": 0.3214285714285714
                },
                "worldcoords": {
                    "x": 434.2620535714286,
                    "y": 330.3571428571429,
                    "z": 1491.5479464285715
                }
            },
            "trPoint": {
                "imageCoords": {
                    "x": -1,
                    "y": -1
                },
                "uvCoords": {
                    "x": -1,
                    "y": -1
                },
                "uvCoordsNormalized": {
                    "x": 0.71875,
                    "y": 0.32142857142857145
                },
                "uvCoordsNormalizedYflipped": {
                    "x": 0.71875,
                    "y": 0.3214285714285714
                },
                "worldcoords": {
                    "x": 316.14486607142857,
                    "y": 330.3571428571429,
                    "z": 1491.5401339285715
                }
            }
        },
        {
            "blPoint": {
                "imageCoords": {
                    "x": -1,
                    "y": -1
                },
                "uvCoords": {
                    "x": -1,
                    "y": -1
                },
                "uvCoordsNormalized": {
                    "x": 0.421875,
                    "y": 0.6785714285714286
                },
                "uvCoordsNormalizedYflipped": {
                    "x": 0.421875,
                    "y": 0.6785714285714286
                },
                "worldcoords": {
                    "x": 540.5496651785714,
                    "y": 419.6428571428571,
                    "z": 1491.5471651785713
                }
            },
            "brPoint": {
                "imageCoords": {
                    "x": -1,
                    "y": -1
                },
                "uvCoords": {
                    "x": -1,
                    "y": -1
                },
                "uvCoordsNormalized": {
                    "x": 0.578125,
                    "y": 0.6785714285714286
                },
                "uvCoordsNormalizedYflipped": {
                    "x": 0.578125,
                    "y": 0.6785714285714286
                },
                "worldcoords": {
                    "x": 422.43247767857144,
                    "y": 419.6428571428571,
                    "z": 1491.5549776785713
                }
            },
            "centerPoint": {
                "imageCoords": {
                    "x": -1,
                    "y": -1
                },
                "uvCoords": {
                    "x": -1,
                    "y": -1
                },
                "uvCoordsNormalized": {
                    "x": 0.5,
                    "y": 0.5
                },
                "uvCoordsNormalizedYflipped": {
                    "x": 0.5,
                    "y": 0.5
                },
                "worldcoords": {
                    "x": 481.5,
                    "y": 375.0,
                    "z": 1491.56
                }
            },
            "imageFilename": "floor1/wall_1/IMG_7166.JPG",
            "imageHeight": 792,
            "imageIndex": 9,
            "imageWidth": 1188,
            "neighborImages": {
                "bottomImage": {
                    "distance": 1000000.0,
                    "pointIndex": -1
                },
                "leftImage": {
                    "distance": 1000000.0,
                    "pointIndex": -1
                },
                "rightImage": {
                    "distance": 1000000.0,
                    "pointIndex": -1
                },
                "topImage": {
                    "distance": 1000000.0,
                    "pointIndex": -1
                }
            },
            "originX": 0,
            "originY": 0,
            "tlPoint": {
                "imageCoords": {
                    "x": -1,
                    "y": -1
                },
                "uvCoords": {
                    "x": -1,
                    "y": -1
                },
                "uvCoordsNormalized": {
                    "x": 0.421875,
                    "y": 0.32142857142857145
                },
                "uvCoordsNormalizedYflipped": {
                    "x": 0.421875,
                    "y": 0.3214285714285714
                },
                "worldcoords": {
                    "x": 540.5675223214286,
                    "y": 330.3571428571429,
                    "z": 1491.5549776785715
                }
            },
            "trPoint": {
                "imageCoords": {
                    "x": -1,
                    "y": -1
                },
                "uvCoords": {
                    "x": -1,
                    "y": -1
                },
                "uvCoordsNormalized": {
                    "x": 0.578125,
                    "y": 0.32142857142857145
                },
                "uvCoordsNormalizedYflipped": {
                    "x": 0.578125,
                    "y": 0.3214285714285714
                },
                "worldcoords": {
                    "x": 422.4503348214286,
                    "y": 330.3571428571429,
                    "z": 1491.5471651785715
                }
            }
        },
        {
            "blPoint": {
                "imageCoords": {
                    "x": -1,
                    "y": -1
                },
                "uvCoords": {
                    "x": -1,
                    "y": -1
                },
                "uvCoordsNormalized": {
                    "x": 0.28125,
                    "y": 0.6785714285714286
                },
                "uvCoordsNormalizedYflipped": {
                    "x": 0.28125,
                    "y": 0.6785714285714286
                },
                "worldcoords": {
                    "x": 646.8551339285714,
                    "y": 419.6428571428571,
                    "z": 1491.5401339285713
                }
            },
            "brPoint": {
                "imageCoords": {
                    "x": -1,
                    "y": -1
                },
                "uvCoords": {
                    "x": -1,
                    "y": -1
                },
                "uvCoordsNormalized": {
                    "x": 0.4375,
                    "y": 0.6785714285714286
                },
                "uvCoordsNormalizedYflipped": {
                    "x": 0.4375,
                    "y": 0.6785714285714286
                },
                "worldcoords": {
                    "x": 528.7379464285714,
                    "y": 419.6428571428571,
                    "z": 1491.5479464285713
                }
            },
            "centerPoint": {
                "imageCoords": {
                    "x": -1,
                    "y": -1
                },
                "uvCoords": {
                    "x": -1,
                    "y": -1
                },
                "uvCoordsNormalized": {
                    "x": 0.359375,
                    "y": 0.5
                },
                "uvCoordsNormalizedYflipped": {
                    "x": 0.359375,
                    "y": 0.5
                },
                "worldcoords": {
                    "x": 587.80546875,
                    "y": 375.0,
                    "z": 1491.5529687499998
                }
            },
            "imageFilename": "floor1/wall_1/IMG_7167.JPG",
            "imageHeight": 792,
            "imageIndex": 10,
            "imageWidth": 1188,
            "neighborImages": {
                "bottomImage": {
                    "distance": 1000000.0,
                    "pointIndex": -1
                },
                "leftImage": {
                    "distance": 1000000.0,
                    "pointIndex": -1
                },
                "rightImage": {
                    "distance": 1000000.0,
                    "pointIndex": -1
                },
                "topImage": {
                    "distance": 1000000.0,
                    "pointIndex": -1
                }
            },
            "originX": 0,
            "originY": 0,
            "tlPoint": {
                "imageCoords": {
                    "x": -1,
                    "y": -1
                },
                "uvCoords": {
                    "x": -1,
                    "y": -1
                },
                "uvCoordsNormalized": {
                    "x": 0.28125,
                    "y": 0.32142857142857145
                },
                "uvCoordsNormalizedYflipped": {
                    "x": 0.28125,
                    "y": 0.3214285714285714
                },
                "worldcoords": {
                    "x": 646.8729910714286,
                    "y": 330.35714285714283,
                    "z": 1491.5579910714284
                }
            },
            "trPoint": {
                "imageCoords": {
                    "x": -1,
                    "y": -1
                },
                "uvCoords": {
                    "x": -1,
                    "y": -1
                },
                "uvCoordsNormalized": {
                    "x": 0.4375,
                    "y": 0.32142857142857145
                },
                "uvCoordsNormalizedYflipped": {
                    "x": 0.4375,
                    "y": 0.3214285714285714
                },
                "worldcoords": {
                    "x": 528.7558035714286,
                    "y": 330.3571428571429,
                    "z": 1491.5541964285715
                }
            }
        },
        {
            "blPoint": {
                "imageCoords": {
                    "x": -1,
                    "y": -1
                },
                "uvCoords": {
                    "x": -1,
                    "y": -1
                },
                "uvCoordsNormalized": {
                    "x": 0.140625,
                    "y": 0.6785714285714286
                },
                "uvCoordsNormalizedYflipped": {
                    "x": 0.140625,
                    "y": 0.6785714285714286
                },
                "worldcoords": {
                    "x": 753.1606026785714,
                    "y": 419.6428571428571,
                    "z": 1491.5331026785716
                }
            },
            "brPoint": {
                "imageCoords": {
                    "x": -1,
                    "y": -1
                },
                "uvCoords": {
                    "x": -1,
                    "y": -1
                },
                "uvCoordsNormalized": {
                    "x": 0.296875,
                    "y": 0.6785714285714286
                },
                "uvCoordsNormalizedYflipped": {
                    "x": 0.296875,
                    "y": 0.6785714285714286
                },
                "worldcoords": {
                    "x": 635.0434151785714,
                    "y": 419.6428571428571,
                    "z": 1491.5409151785714
                }
            },
            "centerPoint": {
                "imageCoords": {
                    "x": -1,
                    "y": -1
                },
                "uvCoords": {
                    "x": -1,
                    "y": -1
                },
                "uvCoordsNormalized": {
                    "x": 0.21875,
                    "y": 0.5
                },
                "uvCoordsNormalizedYflipped": {
                    "x": 0.21875,
                    "y": 0.5
                },
                "worldcoords": {
                    "x": 694.1109375,
                    "y": 375.0,
                    "z": 1491.5459375
                }
            },
            "imageFilename": "floor1/wall_1/IMG_7168.JPG",
            "imageHeight": 792,
            "imageIndex": 11,
            "imageWidth": 1188,
            "neighborImages": {
                "bottomImage": {
                    "distance": 1000000.0,
                    "pointIndex": -1
                },
                "leftImage": {
                    "distance": 1000000.0,
                    "pointIndex": -1
                },
                "rightImage": {
                    "distance": 1000000.0,
                    "pointIndex": -1
                },
                "topImage": {
                    "distance": 1000000.0,
                    "pointIndex": -1
                }
            },
            "originX": 0,
            "originY": 0,
            "tlPoint": {
                "imageCoords": {
                    "x": -1,
                    "y": -1
                },
                "uvCoords": {
                    "x": -1,
                    "y": -1
                },
                "uvCoordsNormalized": {
                    "x": 0.140625,
                    "y": 0.32142857142857145
                },
                "uvCoordsNormalizedYflipped": {
                    "x": 0.140625,
                    "y": 0.3214285714285714
                },
                "worldcoords": {
                    "x": 753.1784598214286,
                    "y": 330.3571428571429,
                    "z": 1491.5509598214285
                }
            },
            "trPoint": {
                "imageCoords": {
                    "x": -1,
                    "y": -1
                },
                "uvCoords": {
                    "x": -1,
                    "y": -1
                },
                "uvCoordsNormalized": {
                    "x": 0.296875,
                    "y": 0.32142857142857145
                },
                "uvCoordsNormalizedYflipped": {
                    "x": 0.296875,
                    "y": 0.3214285714285714
                },
                "worldcoords": {
                    "x": 635.0612723214286,
                    "y": 330.35714285714283,
                    "z": 1491.5587723214285
                }
            }
        },
        {
            "blPoint": {
                "imageCoords": {
                    "x": -1,
                    "y": -1
                },
                "uvCoords": {
                    "x": -1,
                    "y": -1
                },
                "uvCoordsNormalized": {
                    "x": 0.0,
                    "y": 0.6785714285714286
                },
                "uvCoordsNormalizedYflipped": {
                    "x": 0.0,
                    "y": 0.6785714285714286
                },
                "worldcoords": {
                    "x": 859.4660714285715,
                    "y": 419.6428571428571,
                    "z": 1491.5260714285714
                }
            },
            "brPoint": {
                "imageCoords": {
                    "x": -1,
                    "y": -1
                },
                "uvCoords": {
                    "x": -1,
                    "y": -1
                },
                "uvCoordsNormalized": {
                    "x": 0.15625,
                    "y": 0.6785714285714286
                },
                "uvCoordsNormalizedYflipped": {
                    "x": 0.15625,
                    "y": 0.6785714285714286
                },
                "worldcoords": {
                    "x": 741.3488839285715,
                    "y": 419.6428571428571,
                    "z": 1491.5338839285714
                }
            },
            "centerPoint": {
                "imageCoords": {
                    "x": -1,
                    "y": -1
                },
                "uvCoords": {
                    "x": -1,
                    "y": -1
                },
                "uvCoordsNormalized": {
                    "x": 0.078125,
                    "y": 0.5
                },
                "uvCoordsNormalizedYflipped": {
                    "x": 0.078125,
                    "y": 0.5
                },
                "worldcoords": {
                    "x": 800.41640625,
                    "y": 375.0,
                    "z": 1491.5389062499999
                }
            },
            "imageFilename": "floor1/wall_1/IMG_7169.JPG",
            "imageHeight": 792,
            "imageIndex": 12,
            "imageWidth": 1188,
            "neighborImages": {
                "bottomImage": {
                    "distance": 1000000.0,
                    "pointIndex": -1
                },
                "leftImage": {
                    "distance": 1000000.0,
                    "pointIndex": -1
                },
                "rightImage": {
                    "distance": 1000000.0,
                    "pointIndex": -1
                },
                "topImage": {
                    "distance": 1000000.0,
                    "pointIndex": -1
                }
            },
            "originX": 0,
            "originY": 0,
            "tlPoint": {
                "imageCoords": {
                    "x": -1,
                    "y": -1
                },
                "uvCoords": {
                    "x": -1,
                    "y": -1
                },
                "uvCoordsNormalized": {
                    "x": 0.0,
                    "y": 0.32142857142857145
                },
                "uvCoordsNormalizedYflipped": {
                    "x": 0.0,
                    "y": 0.3214285714285714
                },
                "worldcoords": {
                    "x": 859.4839285714286,
                    "y": 330.3571428571429,
                    "z": 1491.5439285714285
                }
            },
            "trPoint": {
                "imageCoords": {
                    "x": -1,
                    "y": -1
                },
                "uvCoords": {
                    "x": -1,
                    "y": -1
                },
                "uvCoordsNormalized": {
                    "x": 0.15625,
                    "y": 0.32142857142857145
                },
                "uvCoordsNormalizedYflipped": {
                    "x": 0.15625,
                    "y": 0.3214285714285714
                },
                "worldcoords": {
                    "x": 741.3667410714286,
                    "y": 330.35714285714283,
                    "z": 1491.5517410714285
                }
            }
        },
        {
            "blPoint": {
                "imageCoords": {
                    "x": -1,
                    "y": -1
                },
                "uvCoords": {
                    "x": -1,
                    "y": -1
                },
                "uvCoordsNormalized": {
                    "x": 0.0,
                    "y": 0.9999999999999999
                },
                "uvCoordsNormalizedYflipped": {
                    "x": 0.0,
                    "y": 0.3571428571428572
                },
                "worldcoords": {
                    "x": 859.45,
                    "y": 499.99999999999994,
                    "z": 1491.51
                }
            },
            "brPoint": {
                "imageCoords": {
                    "x": -1,
                    "y": -1
                },
                "uvCoords": {
                    "x": -1,
                    "y": -1
                },
                "uvCoordsNormalized": {
                    "x": 0.15625,
                    "y": 0.9999999999999999
                },
                "uvCoordsNormalizedYflipped": {
                    "x": 0.15625,
                    "y": 0.3571428571428572
                },
                "worldcoords": {
                    "x": 741.3328125,
                    "y": 500.0,
                    "z": 1491.5178125
                }
            },
            "centerPoint": {
                "imageCoords": {
                    "x": -1,
                    "y": -1
                },
                "uvCoords": {
                    "x": -1,
                    "y": -1
                },
                "uvCoordsNormalized": {
                    "x": 0.078125,
                    "y": 0.8214285714285714
                },
                "uvCoordsNormalizedYflipped": {
                    "x": 0.078125,
                    "y": 0.1785714285714286
                },
                "worldcoords": {
                    "x": 800.4003348214286,
                    "y": 455.3571428571429,
                    "z": 1491.5228348214284
                }
            },
            "imageFilename": "floor1/wall_1/IMG_7170.JPG",
            "imageHeight": 792,
            "imageIndex": 13,
            "imageWidth": 1188,
            "neighborImages": {
                "bottomImage": {
                    "distance": 1000000.0,
                    "pointIndex": -1
                },
                "leftImage": {
                    "distance": 1000000.0,
                    "pointIndex": -1
                },
                "rightImage": {
                    "distance": 1000000.0,
                    "pointIndex": -1
                },
                "topImage": {
                    "distance": 1000000.0,
                    "pointIndex": -1
                }
            },
            "originX": 0,
            "originY": 0,
            "tlPoint": {
                "imageCoords": {
                    "x": -1,
                    "y": -1
                },
                "uvCoords": {
                    "x": -1,
                    "y": -1
                },
                "uvCoordsNormalized": {
                    "x": 0.0,
                    "y": 0.6428571428571428
                },
                "uvCoordsNormalizedYflipped": {
                    "x": 0.0,
                    "y": 1.1102230246251565e-16
                },
                "worldcoords": {
                    "x": 859.4678571428572,
                    "y": 410.71428571428567,
                    "z": 1491.527857142857
                }
            },
            "trPoint": {
                "imageCoords": {
                    "x": -1,
                    "y": -1
                },
                "uvCoords": {
                    "x": -1,
                    "y": -1
                },
                "uvCoordsNormalized": {
                    "x": 0.15625,
                    "y": 0.6428571428571428
                },
                "uvCoordsNormalizedYflipped": {
                    "x": 0.15625,
                    "y": 1.1102230246251565e-16
                },
                "worldcoords": {
                    "x": 741.3506696428572,
                    "y": 410.71428571428567,
                    "z": 1491.535669642857
                }
            }
        },
        {
            "blPoint": {
                "imageCoords": {
                    "x": -1,
                    "y": -1
                },
                "uvCoords": {
                    "x": -1,
                    "y": -1
                },
                "uvCoordsNormalized": {
                    "x": 0.140625,
                    "y": 0.9999999999999999
                },
                "uvCoordsNormalizedYflipped": {
                    "x": 0.140625,
                    "y": 0.3571428571428572
                },
                "worldcoords": {
                    "x": 753.1445312500001,
                    "y": 500.0,
                    "z": 1491.51703125
                }
            },
            "brPoint": {
                "imageCoords": {
                    "x": -1,
                    "y": -1
                },
                "uvCoords": {
                    "x": -1,
                    "y": -1
                },
                "uvCoordsNormalized": {
                    "x": 0.296875,
                    "y": 0.9999999999999999
                },
                "uvCoordsNormalizedYflipped": {
                    "x": 0.296875,
                    "y": 0.3571428571428572
                },
                "worldcoords": {
                    "x": 635.02734375,
                    "y": 500.0,
                    "z": 1491.52484375
                }
            },
            "centerPoint": {
                "imageCoords": {
                    "x": -1,
                    "y": -1
                },
                "uvCoords": {
                    "x": -1,
                    "y": -1
                },
                "uvCoordsNormalized": {
                    "x": 0.21875,
                    "y": 0.8214285714285714
                },
                "uvCoordsNormalizedYflipped": {
                    "x": 0.21875,
                    "y": 0.1785714285714286
                },
                "worldcoords": {
                    "x": 694.0948660714286,
                    "y": 455.3571428571429,
                    "z": 1491.5298660714286
                }
            },
            "imageFilename": "floor1/wall_1/IMG_7171.JPG",
            "imageHeight": 792,
            "imageIndex": 14,
            "imageWidth": 1188,
            "neighborImages": {
                "bottomImage": {
                    "distance": 1000000.0,
                    "pointIndex": -1
                },
                "leftImage": {
                    "distance": 1000000.0,
                    "pointIndex": -1
                },
                "rightImage": {
                    "distance": 1000000.0,
                    "pointIndex": -1
                },
                "topImage": {
                    "distance": 1000000.0,
                    "pointIndex": -1
                }
            },
            "originX": 0,
            "originY": 0,
            "tlPoint": {
                "imageCoords": {
                    "x": -1,
                    "y": -1
                },
                "uvCoords": {
                    "x": -1,
                    "y": -1
                },
                "uvCoordsNormalized": {
                    "x": 0.140625,
                    "y": 0.6428571428571428
                },
                "uvCoordsNormalizedYflipped": {
                    "x": 0.140625,
                    "y": 1.1102230246251565e-16
                },
                "worldcoords": {
                    "x": 753.1623883928571,
                    "y": 410.71428571428567,
                    "z": 1491.534888392857
                }
            },
            "trPoint": {
                "imageCoords": {
                    "x": -1,
                    "y": -1
                },
                "uvCoords": {
                    "x": -1,
                    "y": -1
                },
                "uvCoordsNormalized": {
                    "x": 0.296875,
                    "y": 0.6428571428571428
                },
                "uvCoordsNormalizedYflipped": {
                    "x": 0.296875,
                    "y": 1.1102230246251565e-16
                },
                "worldcoords": {
                    "x": 635.0452008928571,
                    "y": 410.71428571428567,
                    "z": 1491.542700892857
                }
            }
        },
        {
            "blPoint": {
                "imageCoords": {
                    "x": -1,
                    "y": -1
                },
                "uvCoords": {
                    "x": -1,
                    "y": -1
                },
                "uvCoordsNormalized": {
                    "x": 0.28125,
                    "y": 0.9999999999999999
                },
                "uvCoordsNormalizedYflipped": {
                    "x": 0.28125,
                    "y": 0.3571428571428572
                },
                "worldcoords": {
                    "x": 646.8390625000001,
                    "y": 500.0,
                    "z": 1491.5240625000001
                }
            },
            "brPoint": {
                "imageCoords": {
                    "x": -1,
                    "y": -1
                },
                "uvCoords": {
                    "x": -1,
                    "y": -1
                },
                "uvCoordsNormalized": {
                    "x": 0.4375,
                    "y": 0.9999999999999999
                },
                "uvCoordsNormalizedYflipped": {
                    "x": 0.4375,
                    "y": 0.3571428571428572
                },
                "worldcoords": {
                    "x": 528.7218750000001,
                    "y": 500.0,
                    "z": 1491.531875
                }
            },
            "centerPoint": {
                "imageCoords": {
                    "x": -1,
                    "y": -1
                },
                "uvCoords": {
                    "x": -1,
                    "y": -1
                },
                "uvCoordsNormalized": {
                    "x": 0.359375,
                    "y": 0.8214285714285714
                },
                "uvCoordsNormalizedYflipped": {
                    "x": 0.359375,
                    "y": 0.1785714285714286
                },
                "worldcoords": {
                    "x": 587.7893973214286,
                    "y": 455.3571428571429,
                    "z": 1491.5368973214286
                }
            },
            "imageFilename": "floor1/wall_1/IMG_7172.JPG",
            "imageHeight": 792,
            "imageIndex": 15,
            "imageWidth": 1188,
            "neighborImages": {
                "bottomImage": {
                    "distance": 1000000.0,
                    "pointIndex": -1
                },
                "leftImage": {
                    "distance": 1000000.0,
                    "pointIndex": -1
                },
                "rightImage": {
                    "distance": 1000000.0,
                    "pointIndex": -1
                },
                "topImage": {
                    "distance": 1000000.0,
                    "pointIndex": -1
                }
            },
            "originX": 0,
            "originY": 0,
            "tlPoint": {
                "imageCoords": {
                    "x": -1,
                    "y": -1
                },
                "uvCoords": {
                    "x": -1,
                    "y": -1
                },
                "uvCoordsNormalized": {
                    "x": 0.28125,
                    "y": 0.6428571428571428
                },
                "uvCoordsNormalizedYflipped": {
                    "x": 0.28125,
                    "y": 1.1102230246251565e-16
                },
                "worldcoords": {
                    "x": 646.8569196428572,
                    "y": 410.71428571428567,
                    "z": 1491.541919642857
                }
            },
            "trPoint": {
                "imageCoords": {
                    "x": -1,
                    "y": -1
                },
                "uvCoords": {
                    "x": -1,
                    "y": -1
                },
                "uvCoordsNormalized": {
                    "x": 0.4375,
                    "y": 0.6428571428571428
                },
                "uvCoordsNormalizedYflipped": {
                    "x": 0.4375,
                    "y": 1.1102230246251565e-16
                },
                "worldcoords": {
                    "x": 528.7397321428572,
                    "y": 410.7142857142857,
                    "z": 1491.5497321428572
                }
            }
        },
        {
            "blPoint": {
                "imageCoords": {
                    "x": -1,
                    "y": -1
                },
                "uvCoords": {
                    "x": -1,
                    "y": -1
                },
                "uvCoordsNormalized": {
                    "x": 0.421875,
                    "y": 0.9999999999999999
                },
                "uvCoordsNormalizedYflipped": {
                    "x": 0.421875,
                    "y": 0.3571428571428572
                },
                "worldcoords": {
                    "x": 540.53359375,
                    "y": 500.0,
                    "z": 1491.5310937499999
                }
            },
            "brPoint": {
                "imageCoords": {
                    "x": -1,
                    "y": -1
                },
                "uvCoords": {
                    "x": -1,
                    "y": -1
                },
                "uvCoordsNormalized": {
                    "x": 0.578125,
                    "y": 0.9999999999999999
                },
                "uvCoordsNormalizedYflipped": {
                    "x": 0.578125,
                    "y": 0.3571428571428572
                },
                "worldcoords": {
                    "x": 422.41640625,
                    "y": 499.99999999999994,
                    "z": 1491.5389062499999
                }
            },
            "centerPoint": {
                "imageCoords": {
                    "x": -1,
                    "y": -1
                },
                "uvCoords": {
                    "x": -1,
                    "y": -1
                },
                "uvCoordsNormalized": {
                    "x": 0.5,
                    "y": 0.8214285714285714
                },
                "uvCoordsNormalizedYflipped": {
                    "x": 0.5,
                    "y": 0.1785714285714286
                },
                "worldcoords": {
                    "x": 481.4839285714286,
                    "y": 455.3571428571429,
                    "z": 1491.5439285714285
                }
            },
            "imageFilename": "floor1/wall_1/IMG_7173.JPG",
            "imageHeight": 792,
            "imageIndex": 16,
            "imageWidth": 1188,
            "neighborImages": {
                "bottomImage": {
                    "distance": 1000000.0,
                    "pointIndex": -1
                },
                "leftImage": {
                    "distance": 1000000.0,
                    "pointIndex": -1
                },
                "rightImage": {
                    "distance": 1000000.0,
                    "pointIndex": -1
                },
                "topImage": {
                    "distance": 1000000.0,
                    "pointIndex": -1
                }
            },
            "originX": 0,
            "originY": 0,
            "tlPoint": {
                "imageCoords": {
                    "x": -1,
                    "y": -1
                },
                "uvCoords": {
                    "x": -1,
                    "y": -1
                },
                "uvCoordsNormalized": {
                    "x": 0.421875,
                    "y": 0.6428571428571428
                },
                "uvCoordsNormalizedYflipped": {
                    "x": 0.421875,
                    "y": 1.1102230246251565e-16
                },
                "worldcoords": {
                    "x": 540.5514508928572,
                    "y": 410.7142857142858,
                    "z": 1491.5489508928572
                }
            },
            "trPoint": {
                "imageCoords": {
                    "x": -1,
                    "y": -1
                },
                "uvCoords": {
                    "x": -1,
                    "y": -1
                },
                "uvCoordsNormalized": {
                    "x": 0.578125,
                    "y": 0.6428571428571428
                },
                "uvCoordsNormalizedYflipped": {
                    "x": 0.578125,
                    "y": 1.1102230246251565e-16
                },
                "worldcoords": {
                    "x": 422.43426339285713,
                    "y": 410.7142857142857,
                    "z": 1491.556763392857
                }
            }
        },
        {
            "blPoint": {
                "imageCoords": {
                    "x": -1,
                    "y": -1
                },
                "uvCoords": {
                    "x": -1,
                    "y": -1
                },
                "uvCoordsNormalized": {
                    "x": 0.5625,
                    "y": 0.9999999999999999
                },
                "uvCoordsNormalizedYflipped": {
                    "x": 0.5625,
                    "y": 0.3571428571428572
                },
                "worldcoords": {
                    "x": 434.22812500000003,
                    "y": 499.99999999999994,
                    "z": 1491.538125
                }
            },
            "brPoint": {
                "imageCoords": {
                    "x": -1,
                    "y": -1
                },
                "uvCoords": {
                    "x": -1,
                    "y": -1
                },
                "uvCoordsNormalized": {
                    "x": 0.71875,
                    "y": 0.9999999999999999
                },
                "uvCoordsNormalizedYflipped": {
                    "x": 0.71875,
                    "y": 0.3571428571428572
                },
                "worldcoords": {
                    "x": 316.11093750000003,
                    "y": 499.99999999999994,
                    "z": 1491.5459375
                }
            },
            "centerPoint": {
                "imageCoords": {
                    "x": -1,
                    "y": -1
                },
                "uvCoords": {
                    "x": -1,
                    "y": -1
                },
                "uvCoordsNormalized": {
                    "x": 0.640625,
                    "y": 0.8214285714285714
                },
                "uvCoordsNormalizedYflipped": {
                    "x": 0.640625,
                    "y": 0.1785714285714286
                },
                "worldcoords": {
                    "x": 375.1784598214286,
                    "y": 455.3571428571429,
                    "z": 1491.5509598214285
                }
            },
            "imageFilename": "floor1/wall_1/IMG_7174.JPG",
            "imageHeight": 792,
            "imageIndex": 17,
            "imageWidth": 1188,
            "neighborImages": {
                "bottomImage": {
                    "distance": 1000000.0,
                    "pointIndex": -1
                },
                "leftImage": {
                    "distance": 1000000.0,
                    "pointIndex": -1
                },
                "rightImage": {
                    "distance": 1000000.0,
                    "pointIndex": -1
                },
                "topImage": {
                    "distance": 1000000.0,
                    "pointIndex": -1
                }
            },
            "originX": 0,
            "originY": 0,
            "tlPoint": {
                "imageCoords": {
                    "x": -1,
                    "y": -1
                },
                "uvCoords": {
                    "x": -1,
                    "y": -1
                },
                "uvCoordsNormalized": {
                    "x": 0.5625,
                    "y": 0.6428571428571428
                },
                "uvCoordsNormalizedYflipped": {
                    "x": 0.5625,
                    "y": 1.1102230246251565e-16
                },
                "worldcoords": {
                    "x": 434.2459821428572,
                    "y": 410.7142857142857,
                    "z": 1491.555982142857
                }
            },
            "trPoint": {
                "imageCoords": {
                    "x": -1,
                    "y": -1
                },
                "uvCoords": {
                    "x": -1,
                    "y": -1
                },
                "uvCoordsNormalized": {
                    "x": 0.71875,
                    "y": 0.6428571428571428
                },
                "uvCoordsNormalizedYflipped": {
                    "x": 0.71875,
                    "y": 1.1102230246251565e-16
                },
                "worldcoords": {
                    "x": 316.12879464285714,
                    "y": 410.71428571428567,
                    "z": 1491.556205357143
                }
            }
        },
        {
            "blPoint": {
                "imageCoords": {
                    "x": -1,
                    "y": -1
                },
                "uvCoords": {
                    "x": -1,
                    "y": -1
                },
                "uvCoordsNormalized": {
                    "x": 0.703125,
                    "y": 0.9999999999999999
                },
                "uvCoordsNormalizedYflipped": {
                    "x": 0.703125,
                    "y": 0.3571428571428572
                },
                "worldcoords": {
                    "x": 327.92265625000005,
                    "y": 499.99999999999994,
                    "z": 1491.54515625
                }
            },
            "brPoint": {
                "imageCoords": {
                    "x": -1,
                    "y": -1
                },
                "uvCoords": {
                    "x": -1,
                    "y": -1
                },
                "uvCoordsNormalized": {
                    "x": 0.859375,
                    "y": 0.9999999999999999
                },
                "uvCoordsNormalizedYflipped": {
                    "x": 0.859375,
                    "y": 0.3571428571428572
                },
                "worldcoords": {
                    "x": 209.80546875000002,
                    "y": 499.99999999999994,
                    "z": 1491.5529687500002
                }
            },
            "centerPoint": {
                "imageCoords": {
                    "x": -1,
                    "y": -1
                },
                "uvCoords": {
                    "x": -1,
                    "y": -1
                },
                "uvCoordsNormalized": {
                    "x": 0.78125,
                    "y": 0.8214285714285714
                },
                "uvCoordsNormalizedYflipped": {
                    "x": 0.78125,
                    "y": 0.1785714285714286
                },
                "worldcoords": {
                    "x": 268.8729910714286,
                    "y": 455.3571428571429,
                    "z": 1491.5579910714284
                }
            },
            "imageFilename": "floor1/wall_1/IMG_7175.JPG",
            "imageHeight": 792,
            "imageIndex": 18,
            "imageWidth": 1188,
            "neighborImages": {
                "bottomImage": {
                    "distance": 1000000.0,
                    "pointIndex": -1
                },
                "leftImage": {
                    "distance": 1000000.0,
                    "pointIndex": -1
                },
                "rightImage": {
                    "distance": 1000000.0,
                    "pointIndex": -1
                },
                "topImage": {
                    "distance": 1000000.0,
                    "pointIndex": -1
                }
            },
            "originX": 0,
            "originY": 0,
            "tlPoint": {
                "imageCoords": {
                    "x": -1,
                    "y": -1
                },
                "uvCoords": {
                    "x": -1,
                    "y": -1
                },
                "uvCoordsNormalized": {
                    "x": 0.703125,
                    "y": 0.6428571428571428
                },
                "uvCoordsNormalizedYflipped": {
                    "x": 0.703125,
                    "y": 1.1102230246251565e-16
                },
                "worldcoords": {
                    "x": 327.94051339285716,
                    "y": 410.71428571428567,
                    "z": 1491.5569866071428
                }
            },
            "trPoint": {
                "imageCoords": {
                    "x": -1,
                    "y": -1
                },
                "uvCoords": {
                    "x": -1,
                    "y": -1
                },
                "uvCoordsNormalized": {
                    "x": 0.859375,
                    "y": 0.6428571428571428
                },
                "uvCoordsNormalizedYflipped": {
                    "x": 0.859375,
                    "y": 1.1102230246251565e-16
                },
                "worldcoords": {
                    "x": 209.82332589285716,
                    "y": 410.71428571428567,
                    "z": 1491.5491741071428
                }
            }
        },
        {
            "blPoint": {
                "imageCoords": {
                    "x": -1,
                    "y": -1
                },
                "uvCoords": {
                    "x": -1,
                    "y": -1
                },
                "uvCoordsNormalized": {
                    "x": 0.84375,
                    "y": 0.9999999999999999
                },
                "uvCoordsNormalizedYflipped": {
                    "x": 0.84375,
                    "y": 0.3571428571428572
                },
                "worldcoords": {
                    "x": 221.6171875,
                    "y": 499.99999999999994,
                    "z": 1491.5521875
                }
            },
            "brPoint": {
                "imageCoords": {
                    "x": -1,
                    "y": -1
                },
                "uvCoords": {
                    "x": -1,
                    "y": -1
                },
                "uvCoordsNormalized": {
                    "x": 1.0,
                    "y": 0.9999999999999999
                },
                "uvCoordsNormalizedYflipped": {
                    "x": 1.0,
                    "y": 0.3571428571428572
                },
                "worldcoords": {
                    "x": 103.5,
                    "y": 499.99999999999994,
                    "z": 1491.56
                }
            },
            "centerPoint": {
                "imageCoords": {
                    "x": -1,
                    "y": -1
                },
                "uvCoords": {
                    "x": -1,
                    "y": -1
                },
                "uvCoordsNormalized": {
                    "x": 0.921875,
                    "y": 0.8214285714285714
                },
                "uvCoordsNormalizedYflipped": {
                    "x": 0.921875,
                    "y": 0.1785714285714286
                },
                "worldcoords": {
                    "x": 162.56752232142856,
                    "y": 455.3571428571429,
                    "z": 1491.5549776785713
                }
            },
            "imageFilename": "floor1/wall_1/IMG_7176.JPG",
            "imageHeight": 792,
            "imageIndex": 19,
            "imageWidth": 1188,
            "neighborImages": {
                "bottomImage": {
                    "distance": 1000000.0,
                    "pointIndex": -1
                },
                "leftImage": {
                    "distance": 1000000.0,
                    "pointIndex": -1
                },
                "rightImage": {
                    "distance": 1000000.0,
                    "pointIndex": -1
                },
                "topImage": {
                    "distance": 1000000.0,
                    "pointIndex": -1
                }
            },
            "originX": 0,
            "originY": 0,
            "tlPoint": {
                "imageCoords": {
                    "x": -1,
                    "y": -1
                },
                "uvCoords": {
                    "x": -1,
                    "y": -1
                },
                "uvCoordsNormalized": {
                    "x": 0.84375,
                    "y": 0.6428571428571428
                },
                "uvCoordsNormalizedYflipped": {
                    "x": 0.84375,
                    "y": 1.1102230246251565e-16
                },
                "worldcoords": {
                    "x": 221.63504464285714,
                    "y": 410.71428571428567,
                    "z": 1491.5499553571428
                }
            },
            "trPoint": {
                "imageCoords": {
                    "x": -1,
                    "y": -1
                },
                "uvCoords": {
                    "x": -1,
                    "y": -1
                },
                "uvCoordsNormalized": {
                    "x": 1.0,
                    "y": 0.6428571428571428
                },
                "uvCoordsNormalizedYflipped": {
                    "x": 1.0,
                    "y": 1.1102230246251565e-16
                },
                "worldcoords": {
                    "x": 103.51785714285714,
                    "y": 410.71428571428567,
                    "z": 1491.5421428571428
                }
            }
        }
    ],
    "materialIndex": 3,
    "materialName": "./floor1/wall_1/flatten_canvas.resized.jpg",
    "overviewImageInfo": {
        "blPoint": {
            "imageCoords": {
                "x": 0,
                "y": 2216
            },
            "uvCoords": {
                "x": -1,
                "y": -1
            },
            "uvCoordsNormalized": {
                "x": 0,
                "y": 1
            },
            "uvCoordsNormalizedYflipped": {
                "x": -1,
                "y": -1
            },
            "worldcoords": {
                "x": 859.45,
                "y": 500.0,
                "z": 1491.51
            }
        },
        "brPoint": {
            "imageCoords": {
                "x": 7602,
                "y": 2216
            },
            "uvCoords": {
                "x": -1,
                "y": -1
            },
            "uvCoordsNormalized": {
                "x": 1,
                "y": 1
            },
            "uvCoordsNormalizedYflipped": {
                "x": -1,
                "y": -1
            },
            "worldcoords": {
                "x": 103.5,
                "y": 500.0,
                "z": 1491.56
            }
        },
        "centerPoint": {
            "imageCoords": {
                "x": 3801,
                "y": 1108
            },
            "uvCoords": {
                "x": -1,
                "y": -1
            },
            "uvCoordsNormalized": {
                "x": -1,
                "y": -1
            },
            "uvCoordsNormalizedYflipped": {
                "x": -1,
                "y": -1
            },
            "worldcoords": {
                "x": 0,
                "y": 0,
                "z": 0
            }
        },
        "imageFilename": "NA",
        "imageHeight": 2217,
        "imageIndex": 0,
        "imageWidth": 7603,
        "neighborImages": {
            "bottomImage": {
                "distance": 1000000.0,
                "pointIndex": -1
            },
            "leftImage": {
                "distance": 1000000.0,
                "pointIndex": -1
            },
            "rightImage": {
                "distance": 1000000.0,
                "pointIndex": -1
            },
            "topImage": {
                "distance": 1000000.0,
                "pointIndex": -1
            }
        },
        "originX": 0,
        "originY": 0,
        "tlPoint": {
            "imageCoords": {
                "x": -1,
                "y": -1
            },
            "uvCoords": {
                "x": -1,
                "y": -1
            },
            "uvCoordsNormalized": {
                "x": 0,
                "y": 0
            },
            "uvCoordsNormalizedYflipped": {
                "x": -1,
                "y": -1
            },
            "worldcoords": {
                "x": 859.5,
                "y": 250.0,
                "z": 1491.56
            }
        },
        "trPoint": {
            "imageCoords": {
                "x": 7602,
                "y": 0
            },
            "uvCoords": {
                "x": -1,
                "y": -1
            },
            "uvCoordsNormalized": {
                "x": 1,
                "y": 0
            },
            "uvCoordsNormalizedYflipped": {
                "x": -1,
                "y": -1
            },
            "worldcoords": {
                "x": 103.55,
                "y": 250.0,
                "z": 1491.51
            }
        }
    }
}