{
    "imagesInfo": [
        {
            "blPoint": {
                "imageCoords": {
                    "x": -1,
                    "y": -1
                },
                "uvCoords": {
                    "x": -1,
                    "y": -1
                },
                "uvCoordsNormalized": {
                    "x": 0.0,
                    "y": 0.35714285714285715
                },
                "uvCoordsNormalizedYflipped": {
                    "x": 0.0,
                    "y": 1.0
                },
                "worldcoords": {
                    "x": 103.51785714285714,
                    "y": 339.2857142857143,
                    "z": 501.54114285714286
                }
            },
            "brPoint": {
                "imageCoords": {
                    "x": -1,
                    "y": -1
                },
                "uvCoords": {
                    "x": -1,
                    "y": -1
                },
                "uvCoordsNormalized": {
                    "x": 0.27027027027027023,
                    "y": 0.35714285714285715
                },
                "uvCoordsNormalizedYflipped": {
                    "x": 0.27027027027027023,
                    "y": 1.0
                },
                "worldcoords": {
                    "x": 103.51785714285714,
                    "y": 339.2857142857142,
                    "z": 394.00060231660234
                }
            },
            "centerPoint": {
                "imageCoords": {
                    "x": -1,
                    "y": -1
                },
                "uvCoords": {
                    "x": -1,
                    "y": -1
                },
                "uvCoordsNormalized": {
                    "x": 0.13513513513513511,
                    "y": 0.1785714285714286
                },
                "uvCoordsNormalizedYflipped": {
                    "x": 0.13513513513513511,
                    "y": 0.8214285714285714
                },
                "worldcoords": {
                    "x": 103.50892857142857,
                    "y": 294.6428571428571,
                    "z": 447.7798011583012
                }
            },
            "imageFilename": "floor1/wall_16/IMG_7263.JPG",
            "imageHeight": 792,
            "imageIndex": 0,
            "imageWidth": 1188,
            "neighborImages": {
                "bottomImage": {
                    "distance": 1000000.0,
                    "pointIndex": -1
                },
                "leftImage": {
                    "distance": 1000000.0,
                    "pointIndex": -1
                },
                "rightImage": {
                    "distance": 1000000.0,
                    "pointIndex": -1
                },
                "topImage": {
                    "distance": 1000000.0,
                    "pointIndex": -1
                }
            },
            "originX": 0,
            "originY": 0,
            "tlPoint": {
                "imageCoords": {
                    "x": -1,
                    "y": -1
                },
                "uvCoords": {
                    "x": -1,
                    "y": -1
                },
                "uvCoordsNormalized": {
                    "x": 0.0,
                    "y": 5.551115123125783e-17
                },
                "uvCoordsNormalizedYflipped": {
                    "x": 0.0,
                    "y": 0.6428571428571428
                },
                "worldcoords": {
                    "x": 103.5,
                    "y": 250.00000000000003,
                    "z": 501.559
                }
            },
            "trPoint": {
                "imageCoords": {
                    "x": -1,
                    "y": -1
                },
                "uvCoords": {
                    "x": -1,
                    "y": -1
                },
                "uvCoordsNormalized": {
                    "x": 0.27027027027027023,
                    "y": 5.551115123125783e-17
                },
                "uvCoordsNormalizedYflipped": {
                    "x": 0.27027027027027023,
                    "y": 0.6428571428571428
                },
                "worldcoords": {
                    "x": 103.5,
                    "y": 250.00000000000003,
                    "z": 393.9914324324325
                }
            }
        },
        {
            "blPoint": {
                "imageCoords": {
                    "x": -1,
                    "y": -1
                },
                "uvCoords": {
                    "x": -1,
                    "y": -1
                },
                "uvCoordsNormalized": {
                    "x": 0.24324324324324317,
                    "y": 0.35714285714285715
                },
                "uvCoordsNormalizedYflipped": {
                    "x": 0.24324324324324317,
                    "y": 1.0
                },
                "worldcoords": {
                    "x": 103.51785714285714,
                    "y": 339.2857142857143,
                    "z": 404.75465637065645
                }
            },
            "brPoint": {
                "imageCoords": {
                    "x": -1,
                    "y": -1
                },
                "uvCoords": {
                    "x": -1,
                    "y": -1
                },
                "uvCoordsNormalized": {
                    "x": 0.5135135135135134,
                    "y": 0.35714285714285715
                },
                "uvCoordsNormalizedYflipped": {
                    "x": 0.5135135135135134,
                    "y": 1.0
                },
                "worldcoords": {
                    "x": 103.51785714285714,
                    "y": 339.2857142857143,
                    "z": 297.1984787644788
                }
            },
            "centerPoint": {
                "imageCoords": {
                    "x": -1,
                    "y": -1
                },
                "uvCoords": {
                    "x": -1,
                    "y": -1
                },
                "uvCoordsNormalized": {
                    "x": 0.3783783783783783,
                    "y": 0.1785714285714286
                },
                "uvCoordsNormalizedYflipped": {
                    "x": 0.3783783783783783,
                    "y": 0.8214285714285714
                },
                "worldcoords": {
                    "x": 103.50892857142857,
                    "y": 294.6428571428571,
                    "z": 350.973333976834
                }
            },
            "imageFilename": "floor1/wall_16/IMG_7264.JPG",
            "imageHeight": 792,
            "imageIndex": 1,
            "imageWidth": 1188,
            "neighborImages": {
                "bottomImage": {
                    "distance": 1000000.0,
                    "pointIndex": -1
                },
                "leftImage": {
                    "distance": 1000000.0,
                    "pointIndex": -1
                },
                "rightImage": {
                    "distance": 1000000.0,
                    "pointIndex": -1
                },
                "topImage": {
                    "distance": 1000000.0,
                    "pointIndex": -1
                }
            },
            "originX": 0,
            "originY": 0,
            "tlPoint": {
                "imageCoords": {
                    "x": -1,
                    "y": -1
                },
                "uvCoords": {
                    "x": -1,
                    "y": -1
                },
                "uvCoordsNormalized": {
                    "x": 0.24324324324324317,
                    "y": 5.551115123125783e-17
                },
                "uvCoordsNormalizedYflipped": {
                    "x": 0.24324324324324317,
                    "y": 0.6428571428571428
                },
                "worldcoords": {
                    "x": 103.49999999999999,
                    "y": 250.0,
                    "z": 404.74818918918925
                }
            },
            "trPoint": {
                "imageCoords": {
                    "x": -1,
                    "y": -1
                },
                "uvCoords": {
                    "x": -1,
                    "y": -1
                },
                "uvCoordsNormalized": {
                    "x": 0.5135135135135134,
                    "y": 5.551115123125783e-17
                },
                "uvCoordsNormalizedYflipped": {
                    "x": 0.5135135135135134,
                    "y": 0.6428571428571428
                },
                "worldcoords": {
                    "x": 103.5,
                    "y": 250.00000000000003,
                    "z": 297.1806216216217
                }
            }
        },
        {
            "blPoint": {
                "imageCoords": {
                    "x": -1,
                    "y": -1
                },
                "uvCoords": {
                    "x": -1,
                    "y": -1
                },
                "uvCoordsNormalized": {
                    "x": 0.4864864864864864,
                    "y": 0.35714285714285715
                },
                "uvCoordsNormalizedYflipped": {
                    "x": 0.4864864864864864,
                    "y": 1.0
                },
                "worldcoords": {
                    "x": 103.51785714285714,
                    "y": 339.2857142857143,
                    "z": 307.9552355212356
                }
            },
            "brPoint": {
                "imageCoords": {
                    "x": -1,
                    "y": -1
                },
                "uvCoords": {
                    "x": -1,
                    "y": -1
                },
                "uvCoordsNormalized": {
                    "x": 0.7567567567567566,
                    "y": 0.35714285714285715
                },
                "uvCoordsNormalizedYflipped": {
                    "x": 0.7567567567567566,
                    "y": 1.0
                },
                "worldcoords": {
                    "x": 103.51785714285714,
                    "y": 339.28571428571433,
                    "z": 200.38766795366803
                }
            },
            "centerPoint": {
                "imageCoords": {
                    "x": -1,
                    "y": -1
                },
                "uvCoords": {
                    "x": -1,
                    "y": -1
                },
                "uvCoordsNormalized": {
                    "x": 0.6216216216216215,
                    "y": 0.1785714285714286
                },
                "uvCoordsNormalizedYflipped": {
                    "x": 0.6216216216216215,
                    "y": 0.8214285714285714
                },
                "worldcoords": {
                    "x": 103.50892857142857,
                    "y": 294.64285714285717,
                    "z": 254.16252316602325
                }
            },
            "imageFilename": "floor1/wall_16/IMG_7265.JPG",
            "imageHeight": 792,
            "imageIndex": 2,
            "imageWidth": 1188,
            "neighborImages": {
                "bottomImage": {
                    "distance": 1000000.0,
                    "pointIndex": -1
                },
                "leftImage": {
                    "distance": 1000000.0,
                    "pointIndex": -1
                },
                "rightImage": {
                    "distance": 1000000.0,
                    "pointIndex": -1
                },
                "topImage": {
                    "distance": 1000000.0,
                    "pointIndex": -1
                }
            },
            "originX": 0,
            "originY": 0,
            "tlPoint": {
                "imageCoords": {
                    "x": -1,
                    "y": -1
                },
                "uvCoords": {
                    "x": -1,
                    "y": -1
                },
                "uvCoordsNormalized": {
                    "x": 0.4864864864864864,
                    "y": 5.551115123125783e-17
                },
                "uvCoordsNormalizedYflipped": {
                    "x": 0.4864864864864864,
                    "y": 0.6428571428571428
                },
                "worldcoords": {
                    "x": 103.5,
                    "y": 250.0,
                    "z": 307.9373783783784
                }
            },
            "trPoint": {
                "imageCoords": {
                    "x": -1,
                    "y": -1
                },
                "uvCoords": {
                    "x": -1,
                    "y": -1
                },
                "uvCoordsNormalized": {
                    "x": 0.7567567567567566,
                    "y": 5.551115123125783e-17
                },
                "uvCoordsNormalizedYflipped": {
                    "x": 0.7567567567567566,
                    "y": 0.6428571428571428
                },
                "worldcoords": {
                    "x": 103.5,
                    "y": 250.00000000000003,
                    "z": 200.3698108108109
                }
            }
        },
        {
            "blPoint": {
                "imageCoords": {
                    "x": -1,
                    "y": -1
                },
                "uvCoords": {
                    "x": -1,
                    "y": -1
                },
                "uvCoordsNormalized": {
                    "x": 0.7297297297297297,
                    "y": 0.35714285714285715
                },
                "uvCoordsNormalizedYflipped": {
                    "x": 0.7297297297297297,
                    "y": 1.0
                },
                "worldcoords": {
                    "x": 103.51785714285714,
                    "y": 339.2857142857142,
                    "z": 211.14442471042472
                }
            },
            "brPoint": {
                "imageCoords": {
                    "x": -1,
                    "y": -1
                },
                "uvCoords": {
                    "x": -1,
                    "y": -1
                },
                "uvCoordsNormalized": {
                    "x": 1.0,
                    "y": 0.35714285714285715
                },
                "uvCoordsNormalizedYflipped": {
                    "x": 1.0,
                    "y": 1.0
                },
                "worldcoords": {
                    "x": 103.51785714285714,
                    "y": 339.2857142857143,
                    "z": 103.57685714285714
                }
            },
            "centerPoint": {
                "imageCoords": {
                    "x": -1,
                    "y": -1
                },
                "uvCoords": {
                    "x": -1,
                    "y": -1
                },
                "uvCoordsNormalized": {
                    "x": 0.8648648648648648,
                    "y": 0.1785714285714286
                },
                "uvCoordsNormalizedYflipped": {
                    "x": 0.8648648648648648,
                    "y": 0.8214285714285714
                },
                "worldcoords": {
                    "x": 103.50892857142857,
                    "y": 294.64285714285717,
                    "z": 157.35171235521238
                }
            },
            "imageFilename": "floor1/wall_16/IMG_7266.JPG",
            "imageHeight": 792,
            "imageIndex": 3,
            "imageWidth": 1188,
            "neighborImages": {
                "bottomImage": {
                    "distance": 1000000.0,
                    "pointIndex": -1
                },
                "leftImage": {
                    "distance": 1000000.0,
                    "pointIndex": -1
                },
                "rightImage": {
                    "distance": 1000000.0,
                    "pointIndex": -1
                },
                "topImage": {
                    "distance": 1000000.0,
                    "pointIndex": -1
                }
            },
            "originX": 0,
            "originY": 0,
            "tlPoint": {
                "imageCoords": {
                    "x": -1,
                    "y": -1
                },
                "uvCoords": {
                    "x": -1,
                    "y": -1
                },
                "uvCoordsNormalized": {
                    "x": 0.7297297297297297,
                    "y": 5.551115123125783e-17
                },
                "uvCoordsNormalizedYflipped": {
                    "x": 0.7297297297297297,
                    "y": 0.6428571428571428
                },
                "worldcoords": {
                    "x": 103.5,
                    "y": 250.00000000000003,
                    "z": 211.12656756756758
                }
            },
            "trPoint": {
                "imageCoords": {
                    "x": -1,
                    "y": -1
                },
                "uvCoords": {
                    "x": -1,
                    "y": -1
                },
                "uvCoordsNormalized": {
                    "x": 1.0,
                    "y": 5.551115123125783e-17
                },
                "uvCoordsNormalizedYflipped": {
                    "x": 1.0,
                    "y": 0.6428571428571428
                },
                "worldcoords": {
                    "x": 103.5,
                    "y": 250.00000000000003,
                    "z": 103.559
                }
            }
        },
        {
            "blPoint": {
                "imageCoords": {
                    "x": -1,
                    "y": -1
                },
                "uvCoords": {
                    "x": -1,
                    "y": -1
                },
                "uvCoordsNormalized": {
                    "x": 0.7297297297297297,
                    "y": 0.6785714285714286
                },
                "uvCoordsNormalizedYflipped": {
                    "x": 0.7297297297297297,
                    "y": 0.6785714285714286
                },
                "worldcoords": {
                    "x": 103.53392857142858,
                    "y": 419.6428571428571,
                    "z": 211.16049613899617
                }
            },
            "brPoint": {
                "imageCoords": {
                    "x": -1,
                    "y": -1
                },
                "uvCoords": {
                    "x": -1,
                    "y": -1
                },
                "uvCoordsNormalized": {
                    "x": 1.0,
                    "y": 0.6785714285714286
                },
                "uvCoordsNormalizedYflipped": {
                    "x": 1.0,
                    "y": 0.6785714285714286
                },
                "worldcoords": {
                    "x": 103.53392857142858,
                    "y": 419.6428571428571,
                    "z": 103.59292857142856
                }
            },
            "centerPoint": {
                "imageCoords": {
                    "x": -1,
                    "y": -1
                },
                "uvCoords": {
                    "x": -1,
                    "y": -1
                },
                "uvCoordsNormalized": {
                    "x": 0.8648648648648648,
                    "y": 0.5
                },
                "uvCoordsNormalizedYflipped": {
                    "x": 0.8648648648648648,
                    "y": 0.5
                },
                "worldcoords": {
                    "x": 103.525,
                    "y": 375.0,
                    "z": 157.3677837837838
                }
            },
            "imageFilename": "floor1/wall_16/IMG_7267.JPG",
            "imageHeight": 792,
            "imageIndex": 4,
            "imageWidth": 1188,
            "neighborImages": {
                "bottomImage": {
                    "distance": 1000000.0,
                    "pointIndex": -1
                },
                "leftImage": {
                    "distance": 1000000.0,
                    "pointIndex": -1
                },
                "rightImage": {
                    "distance": 1000000.0,
                    "pointIndex": -1
                },
                "topImage": {
                    "distance": 1000000.0,
                    "pointIndex": -1
                }
            },
            "originX": 0,
            "originY": 0,
            "tlPoint": {
                "imageCoords": {
                    "x": -1,
                    "y": -1
                },
                "uvCoords": {
                    "x": -1,
                    "y": -1
                },
                "uvCoordsNormalized": {
                    "x": 0.7297297297297297,
                    "y": 0.32142857142857145
                },
                "uvCoordsNormalizedYflipped": {
                    "x": 0.7297297297297297,
                    "y": 0.3214285714285714
                },
                "worldcoords": {
                    "x": 103.51607142857144,
                    "y": 330.3571428571429,
                    "z": 211.14263899613903
                }
            },
            "trPoint": {
                "imageCoords": {
                    "x": -1,
                    "y": -1
                },
                "uvCoords": {
                    "x": -1,
                    "y": -1
                },
                "uvCoordsNormalized": {
                    "x": 1.0,
                    "y": 0.32142857142857145
                },
                "uvCoordsNormalizedYflipped": {
                    "x": 1.0,
                    "y": 0.3214285714285714
                },
                "worldcoords": {
                    "x": 103.51607142857144,
                    "y": 330.3571428571429,
                    "z": 103.57507142857142
                }
            }
        },
        {
            "blPoint": {
                "imageCoords": {
                    "x": -1,
                    "y": -1
                },
                "uvCoords": {
                    "x": -1,
                    "y": -1
                },
                "uvCoordsNormalized": {
                    "x": 0.4864864864864864,
                    "y": 0.6785714285714286
                },
                "uvCoordsNormalizedYflipped": {
                    "x": 0.4864864864864864,
                    "y": 0.6785714285714286
                },
                "worldcoords": {
                    "x": 103.53392857142856,
                    "y": 419.64285714285717,
                    "z": 307.9520984555985
                }
            },
            "brPoint": {
                "imageCoords": {
                    "x": -1,
                    "y": -1
                },
                "uvCoords": {
                    "x": -1,
                    "y": -1
                },
                "uvCoordsNormalized": {
                    "x": 0.7567567567567566,
                    "y": 0.6785714285714286
                },
                "uvCoordsNormalizedYflipped": {
                    "x": 0.7567567567567566,
                    "y": 0.6785714285714286
                },
                "worldcoords": {
                    "x": 103.53392857142858,
                    "y": 419.6428571428571,
                    "z": 200.40373938223945
                }
            },
            "centerPoint": {
                "imageCoords": {
                    "x": -1,
                    "y": -1
                },
                "uvCoords": {
                    "x": -1,
                    "y": -1
                },
                "uvCoordsNormalized": {
                    "x": 0.6216216216216215,
                    "y": 0.5
                },
                "uvCoordsNormalizedYflipped": {
                    "x": 0.6216216216216215,
                    "y": 0.5
                },
                "worldcoords": {
                    "x": 103.525,
                    "y": 375.0,
                    "z": 254.17859459459464
                }
            },
            "imageFilename": "floor1/wall_16/IMG_7268.JPG",
            "imageHeight": 792,
            "imageIndex": 5,
            "imageWidth": 1188,
            "neighborImages": {
                "bottomImage": {
                    "distance": 1000000.0,
                    "pointIndex": -1
                },
                "leftImage": {
                    "distance": 1000000.0,
                    "pointIndex": -1
                },
                "rightImage": {
                    "distance": 1000000.0,
                    "pointIndex": -1
                },
                "topImage": {
                    "distance": 1000000.0,
                    "pointIndex": -1
                }
            },
            "originX": 0,
            "originY": 0,
            "tlPoint": {
                "imageCoords": {
                    "x": -1,
                    "y": -1
                },
                "uvCoords": {
                    "x": -1,
                    "y": -1
                },
                "uvCoordsNormalized": {
                    "x": 0.4864864864864864,
                    "y": 0.32142857142857145
                },
                "uvCoordsNormalizedYflipped": {
                    "x": 0.4864864864864864,
                    "y": 0.3214285714285714
                },
                "worldcoords": {
                    "x": 103.51607142857144,
                    "y": 330.3571428571429,
                    "z": 307.9534498069499
                }
            },
            "trPoint": {
                "imageCoords": {
                    "x": -1,
                    "y": -1
                },
                "uvCoords": {
                    "x": -1,
                    "y": -1
                },
                "uvCoordsNormalized": {
                    "x": 0.7567567567567566,
                    "y": 0.32142857142857145
                },
                "uvCoordsNormalizedYflipped": {
                    "x": 0.7567567567567566,
                    "y": 0.3214285714285714
                },
                "worldcoords": {
                    "x": 103.51607142857144,
                    "y": 330.3571428571429,
                    "z": 200.38588223938234
                }
            }
        },
        {
            "blPoint": {
                "imageCoords": {
                    "x": -1,
                    "y": -1
                },
                "uvCoords": {
                    "x": -1,
                    "y": -1
                },
                "uvCoordsNormalized": {
                    "x": 0.24324324324324317,
                    "y": 0.6785714285714286
                },
                "uvCoordsNormalizedYflipped": {
                    "x": 0.24324324324324317,
                    "y": 0.6785714285714286
                },
                "worldcoords": {
                    "x": 103.53392857142856,
                    "y": 419.6428571428571,
                    "z": 404.738584942085
                }
            },
            "brPoint": {
                "imageCoords": {
                    "x": -1,
                    "y": -1
                },
                "uvCoords": {
                    "x": -1,
                    "y": -1
                },
                "uvCoordsNormalized": {
                    "x": 0.5135135135135134,
                    "y": 0.6785714285714286
                },
                "uvCoordsNormalizedYflipped": {
                    "x": 0.5135135135135134,
                    "y": 0.6785714285714286
                },
                "worldcoords": {
                    "x": 103.53392857142858,
                    "y": 419.64285714285717,
                    "z": 297.1980444015445
                }
            },
            "centerPoint": {
                "imageCoords": {
                    "x": -1,
                    "y": -1
                },
                "uvCoords": {
                    "x": -1,
                    "y": -1
                },
                "uvCoordsNormalized": {
                    "x": 0.3783783783783783,
                    "y": 0.5
                },
                "uvCoordsNormalizedYflipped": {
                    "x": 0.3783783783783783,
                    "y": 0.5
                },
                "worldcoords": {
                    "x": 103.52499999999999,
                    "y": 375.0,
                    "z": 350.97724324324327
                }
            },
            "imageFilename": "floor1/wall_16/IMG_7269.JPG",
            "imageHeight": 792,
            "imageIndex": 6,
            "imageWidth": 1188,
            "neighborImages": {
                "bottomImage": {
                    "distance": 1000000.0,
                    "pointIndex": -1
                },
                "leftImage": {
                    "distance": 1000000.0,
                    "pointIndex": -1
                },
                "rightImage": {
                    "distance": 1000000.0,
                    "pointIndex": -1
                },
                "topImage": {
                    "distance": 1000000.0,
                    "pointIndex": -1
                }
            },
            "originX": 0,
            "originY": 0,
            "tlPoint": {
                "imageCoords": {
                    "x": -1,
                    "y": -1
                },
                "uvCoords": {
                    "x": -1,
                    "y": -1
                },
                "uvCoordsNormalized": {
                    "x": 0.24324324324324317,
                    "y": 0.32142857142857145
                },
                "uvCoordsNormalizedYflipped": {
                    "x": 0.24324324324324317,
                    "y": 0.3214285714285714
                },
                "worldcoords": {
                    "x": 103.51607142857144,
                    "y": 330.3571428571429,
                    "z": 404.7564420849422
                }
            },
            "trPoint": {
                "imageCoords": {
                    "x": -1,
                    "y": -1
                },
                "uvCoords": {
                    "x": -1,
                    "y": -1
                },
                "uvCoordsNormalized": {
                    "x": 0.5135135135135134,
                    "y": 0.32142857142857145
                },
                "uvCoordsNormalizedYflipped": {
                    "x": 0.5135135135135134,
                    "y": 0.3214285714285714
                },
                "worldcoords": {
                    "x": 103.51607142857144,
                    "y": 330.3571428571429,
                    "z": 297.1966930501931
                }
            }
        },
        {
            "blPoint": {
                "imageCoords": {
                    "x": -1,
                    "y": -1
                },
                "uvCoords": {
                    "x": -1,
                    "y": -1
                },
                "uvCoordsNormalized": {
                    "x": 0.0,
                    "y": 0.6785714285714286
                },
                "uvCoordsNormalizedYflipped": {
                    "x": 0.0,
                    "y": 0.6785714285714286
                },
                "worldcoords": {
                    "x": 103.53392857142858,
                    "y": 419.6428571428571,
                    "z": 501.52507142857144
                }
            },
            "brPoint": {
                "imageCoords": {
                    "x": -1,
                    "y": -1
                },
                "uvCoords": {
                    "x": -1,
                    "y": -1
                },
                "uvCoordsNormalized": {
                    "x": 0.27027027027027023,
                    "y": 0.6785714285714286
                },
                "uvCoordsNormalizedYflipped": {
                    "x": 0.27027027027027023,
                    "y": 0.6785714285714286
                },
                "worldcoords": {
                    "x": 103.53392857142856,
                    "y": 419.6428571428571,
                    "z": 393.9845308880309
                }
            },
            "centerPoint": {
                "imageCoords": {
                    "x": -1,
                    "y": -1
                },
                "uvCoords": {
                    "x": -1,
                    "y": -1
                },
                "uvCoordsNormalized": {
                    "x": 0.13513513513513511,
                    "y": 0.5
                },
                "uvCoordsNormalizedYflipped": {
                    "x": 0.13513513513513511,
                    "y": 0.5
                },
                "worldcoords": {
                    "x": 103.525,
                    "y": 375.0,
                    "z": 447.7637297297298
                }
            },
            "imageFilename": "floor1/wall_16/IMG_7270.JPG",
            "imageHeight": 792,
            "imageIndex": 7,
            "imageWidth": 1188,
            "neighborImages": {
                "bottomImage": {
                    "distance": 1000000.0,
                    "pointIndex": -1
                },
                "leftImage": {
                    "distance": 1000000.0,
                    "pointIndex": -1
                },
                "rightImage": {
                    "distance": 1000000.0,
                    "pointIndex": -1
                },
                "topImage": {
                    "distance": 1000000.0,
                    "pointIndex": -1
                }
            },
            "originX": 0,
            "originY": 0,
            "tlPoint": {
                "imageCoords": {
                    "x": -1,
                    "y": -1
                },
                "uvCoords": {
                    "x": -1,
                    "y": -1
                },
                "uvCoordsNormalized": {
                    "x": 0.0,
                    "y": 0.32142857142857145
                },
                "uvCoordsNormalizedYflipped": {
                    "x": 0.0,
                    "y": 0.3214285714285714
                },
                "worldcoords": {
                    "x": 103.51607142857144,
                    "y": 330.3571428571429,
                    "z": 501.54292857142866
                }
            },
            "trPoint": {
                "imageCoords": {
                    "x": -1,
                    "y": -1
                },
                "uvCoords": {
                    "x": -1,
                    "y": -1
                },
                "uvCoordsNormalized": {
                    "x": 0.27027027027027023,
                    "y": 0.32142857142857145
                },
                "uvCoordsNormalizedYflipped": {
                    "x": 0.27027027027027023,
                    "y": 0.3214285714285714
                },
                "worldcoords": {
                    "x": 103.51607142857144,
                    "y": 330.3571428571429,
                    "z": 394.00238803088814
                }
            }
        },
        {
            "blPoint": {
                "imageCoords": {
                    "x": -1,
                    "y": -1
                },
                "uvCoords": {
                    "x": -1,
                    "y": -1
                },
                "uvCoordsNormalized": {
                    "x": 0.0,
                    "y": 0.9999999999999999
                },
                "uvCoordsNormalizedYflipped": {
                    "x": 0.0,
                    "y": 0.3571428571428572
                },
                "worldcoords": {
                    "x": 103.55,
                    "y": 499.99999999999994,
                    "z": 501.509
                }
            },
            "brPoint": {
                "imageCoords": {
                    "x": -1,
                    "y": -1
                },
                "uvCoords": {
                    "x": -1,
                    "y": -1
                },
                "uvCoordsNormalized": {
                    "x": 0.27027027027027023,
                    "y": 0.9999999999999999
                },
                "uvCoordsNormalizedYflipped": {
                    "x": 0.27027027027027023,
                    "y": 0.3571428571428572
                },
                "worldcoords": {
                    "x": 103.55000000000001,
                    "y": 500.0,
                    "z": 393.96845945945955
                }
            },
            "centerPoint": {
                "imageCoords": {
                    "x": -1,
                    "y": -1
                },
                "uvCoords": {
                    "x": -1,
                    "y": -1
                },
                "uvCoordsNormalized": {
                    "x": 0.13513513513513511,
                    "y": 0.8214285714285714
                },
                "uvCoordsNormalizedYflipped": {
                    "x": 0.13513513513513511,
                    "y": 0.1785714285714286
                },
                "worldcoords": {
                    "x": 103.54107142857143,
                    "y": 455.3571428571429,
                    "z": 447.7476583011583
                }
            },
            "imageFilename": "floor1/wall_16/IMG_7271.JPG",
            "imageHeight": 792,
            "imageIndex": 8,
            "imageWidth": 1188,
            "neighborImages": {
                "bottomImage": {
                    "distance": 1000000.0,
                    "pointIndex": -1
                },
                "leftImage": {
                    "distance": 1000000.0,
                    "pointIndex": -1
                },
                "rightImage": {
                    "distance": 1000000.0,
                    "pointIndex": -1
                },
                "topImage": {
                    "distance": 1000000.0,
                    "pointIndex": -1
                }
            },
            "originX": 0,
            "originY": 0,
            "tlPoint": {
                "imageCoords": {
                    "x": -1,
                    "y": -1
                },
                "uvCoords": {
                    "x": -1,
                    "y": -1
                },
                "uvCoordsNormalized": {
                    "x": 0.0,
                    "y": 0.6428571428571428
                },
                "uvCoordsNormalizedYflipped": {
                    "x": 0.0,
                    "y": 1.1102230246251565e-16
                },
                "worldcoords": {
                    "x": 103.53214285714286,
                    "y": 410.71428571428567,
                    "z": 501.5268571428571
                }
            },
            "trPoint": {
                "imageCoords": {
                    "x": -1,
                    "y": -1
                },
                "uvCoords": {
                    "x": -1,
                    "y": -1
                },
                "uvCoordsNormalized": {
                    "x": 0.27027027027027023,
                    "y": 0.6428571428571428
                },
                "uvCoordsNormalizedYflipped": {
                    "x": 0.27027027027027023,
                    "y": 1.1102230246251565e-16
                },
                "worldcoords": {
                    "x": 103.53214285714287,
                    "y": 410.7142857142857,
                    "z": 393.98631660231666
                }
            }
        },
        {
            "blPoint": {
                "imageCoords": {
                    "x": -1,
                    "y": -1
                },
                "uvCoords": {
                    "x": -1,
                    "y": -1
                },
                "uvCoordsNormalized": {
                    "x": 0.24324324324324317,
                    "y": 0.9999999999999999
                },
                "uvCoordsNormalizedYflipped": {
                    "x": 0.24324324324324317,
                    "y": 0.3571428571428572
                },
                "worldcoords": {
                    "x": 103.54999999999998,
                    "y": 499.99999999999994,
                    "z": 404.72251351351355
                }
            },
            "brPoint": {
                "imageCoords": {
                    "x": -1,
                    "y": -1
                },
                "uvCoords": {
                    "x": -1,
                    "y": -1
                },
                "uvCoordsNormalized": {
                    "x": 0.5135135135135134,
                    "y": 0.9999999999999999
                },
                "uvCoordsNormalizedYflipped": {
                    "x": 0.5135135135135134,
                    "y": 0.3571428571428572
                },
                "worldcoords": {
                    "x": 103.55000000000001,
                    "y": 500.0,
                    "z": 297.181972972973
                }
            },
            "centerPoint": {
                "imageCoords": {
                    "x": -1,
                    "y": -1
                },
                "uvCoords": {
                    "x": -1,
                    "y": -1
                },
                "uvCoordsNormalized": {
                    "x": 0.3783783783783783,
                    "y": 0.8214285714285714
                },
                "uvCoordsNormalizedYflipped": {
                    "x": 0.3783783783783783,
                    "y": 0.1785714285714286
                },
                "worldcoords": {
                    "x": 103.54107142857143,
                    "y": 455.35714285714283,
                    "z": 350.96117181467184
                }
            },
            "imageFilename": "floor1/wall_16/IMG_7272.JPG",
            "imageHeight": 792,
            "imageIndex": 9,
            "imageWidth": 1188,
            "neighborImages": {
                "bottomImage": {
                    "distance": 1000000.0,
                    "pointIndex": -1
                },
                "leftImage": {
                    "distance": 1000000.0,
                    "pointIndex": -1
                },
                "rightImage": {
                    "distance": 1000000.0,
                    "pointIndex": -1
                },
                "topImage": {
                    "distance": 1000000.0,
                    "pointIndex": -1
                }
            },
            "originX": 0,
            "originY": 0,
            "tlPoint": {
                "imageCoords": {
                    "x": -1,
                    "y": -1
                },
                "uvCoords": {
                    "x": -1,
                    "y": -1
                },
                "uvCoordsNormalized": {
                    "x": 0.24324324324324317,
                    "y": 0.6428571428571428
                },
                "uvCoordsNormalizedYflipped": {
                    "x": 0.24324324324324317,
                    "y": 1.1102230246251565e-16
                },
                "worldcoords": {
                    "x": 103.53214285714286,
                    "y": 410.71428571428567,
                    "z": 404.7403706563707
                }
            },
            "trPoint": {
                "imageCoords": {
                    "x": -1,
                    "y": -1
                },
                "uvCoords": {
                    "x": -1,
                    "y": -1
                },
                "uvCoordsNormalized": {
                    "x": 0.5135135135135134,
                    "y": 0.6428571428571428
                },
                "uvCoordsNormalizedYflipped": {
                    "x": 0.5135135135135134,
                    "y": 1.1102230246251565e-16
                },
                "worldcoords": {
                    "x": 103.53214285714286,
                    "y": 410.71428571428567,
                    "z": 297.1998301158302
                }
            }
        },
        {
            "blPoint": {
                "imageCoords": {
                    "x": -1,
                    "y": -1
                },
                "uvCoords": {
                    "x": -1,
                    "y": -1
                },
                "uvCoordsNormalized": {
                    "x": 0.4864864864864864,
                    "y": 0.9999999999999999
                },
                "uvCoordsNormalizedYflipped": {
                    "x": 0.4864864864864864,
                    "y": 0.3571428571428572
                },
                "worldcoords": {
                    "x": 103.55,
                    "y": 499.99999999999994,
                    "z": 307.9360270270271
                }
            },
            "brPoint": {
                "imageCoords": {
                    "x": -1,
                    "y": -1
                },
                "uvCoords": {
                    "x": -1,
                    "y": -1
                },
                "uvCoordsNormalized": {
                    "x": 0.7567567567567566,
                    "y": 0.9999999999999999
                },
                "uvCoordsNormalizedYflipped": {
                    "x": 0.7567567567567566,
                    "y": 0.3571428571428572
                },
                "worldcoords": {
                    "x": 103.55,
                    "y": 499.99999999999994,
                    "z": 200.39548648648656
                }
            },
            "centerPoint": {
                "imageCoords": {
                    "x": -1,
                    "y": -1
                },
                "uvCoords": {
                    "x": -1,
                    "y": -1
                },
                "uvCoordsNormalized": {
                    "x": 0.6216216216216215,
                    "y": 0.8214285714285714
                },
                "uvCoordsNormalizedYflipped": {
                    "x": 0.6216216216216215,
                    "y": 0.1785714285714286
                },
                "worldcoords": {
                    "x": 103.54107142857143,
                    "y": 455.35714285714283,
                    "z": 254.17468532818538
                }
            },
            "imageFilename": "floor1/wall_16/IMG_7273.JPG",
            "imageHeight": 792,
            "imageIndex": 10,
            "imageWidth": 1188,
            "neighborImages": {
                "bottomImage": {
                    "distance": 1000000.0,
                    "pointIndex": -1
                },
                "leftImage": {
                    "distance": 1000000.0,
                    "pointIndex": -1
                },
                "rightImage": {
                    "distance": 1000000.0,
                    "pointIndex": -1
                },
                "topImage": {
                    "distance": 1000000.0,
                    "pointIndex": -1
                }
            },
            "originX": 0,
            "originY": 0,
            "tlPoint": {
                "imageCoords": {
                    "x": -1,
                    "y": -1
                },
                "uvCoords": {
                    "x": -1,
                    "y": -1
                },
                "uvCoordsNormalized": {
                    "x": 0.4864864864864864,
                    "y": 0.6428571428571428
                },
                "uvCoordsNormalizedYflipped": {
                    "x": 0.4864864864864864,
                    "y": 1.1102230246251565e-16
                },
                "worldcoords": {
                    "x": 103.53214285714286,
                    "y": 410.71428571428567,
                    "z": 307.9538841698842
                }
            },
            "trPoint": {
                "imageCoords": {
                    "x": -1,
                    "y": -1
                },
                "uvCoords": {
                    "x": -1,
                    "y": -1
                },
                "uvCoordsNormalized": {
                    "x": 0.7567567567567566,
                    "y": 0.6428571428571428
                },
                "uvCoordsNormalizedYflipped": {
                    "x": 0.7567567567567566,
                    "y": 1.1102230246251565e-16
                },
                "worldcoords": {
                    "x": 103.53214285714286,
                    "y": 410.71428571428567,
                    "z": 200.40195366795373
                }
            }
        },
        {
            "blPoint": {
                "imageCoords": {
                    "x": -1,
                    "y": -1
                },
                "uvCoords": {
                    "x": -1,
                    "y": -1
                },
                "uvCoordsNormalized": {
                    "x": 0.7297297297297297,
                    "y": 0.9999999999999999
                },
                "uvCoordsNormalizedYflipped": {
                    "x": 0.7297297297297297,
                    "y": 0.3571428571428572
                },
                "worldcoords": {
                    "x": 103.55000000000001,
                    "y": 499.99999999999994,
                    "z": 211.14954054054056
                }
            },
            "brPoint": {
                "imageCoords": {
                    "x": -1,
                    "y": -1
                },
                "uvCoords": {
                    "x": -1,
                    "y": -1
                },
                "uvCoordsNormalized": {
                    "x": 1.0,
                    "y": 0.9999999999999999
                },
                "uvCoordsNormalizedYflipped": {
                    "x": 1.0,
                    "y": 0.3571428571428572
                },
                "worldcoords": {
                    "x": 103.55,
                    "y": 499.99999999999994,
                    "z": 103.609
                }
            },
            "centerPoint": {
                "imageCoords": {
                    "x": -1,
                    "y": -1
                },
                "uvCoords": {
                    "x": -1,
                    "y": -1
                },
                "uvCoordsNormalized": {
                    "x": 0.8648648648648648,
                    "y": 0.8214285714285714
                },
                "uvCoordsNormalizedYflipped": {
                    "x": 0.8648648648648648,
                    "y": 0.1785714285714286
                },
                "worldcoords": {
                    "x": 103.54107142857143,
                    "y": 455.3571428571429,
                    "z": 157.38385521235523
                }
            },
            "imageFilename": "floor1/wall_16/IMG_7274.JPG",
            "imageHeight": 792,
            "imageIndex": 11,
            "imageWidth": 1188,
            "neighborImages": {
                "bottomImage": {
                    "distance": 1000000.0,
                    "pointIndex": -1
                },
                "leftImage": {
                    "distance": 1000000.0,
                    "pointIndex": -1
                },
                "rightImage": {
                    "distance": 1000000.0,
                    "pointIndex": -1
                },
                "topImage": {
                    "distance": 1000000.0,
                    "pointIndex": -1
                }
            },
            "originX": 0,
            "originY": 0,
            "tlPoint": {
                "imageCoords": {
                    "x": -1,
                    "y": -1
                },
                "uvCoords": {
                    "x": -1,
                    "y": -1
                },
                "uvCoordsNormalized": {
                    "x": 0.7297297297297297,
                    "y": 0.6428571428571428
                },
                "uvCoordsNormalizedYflipped": {
                    "x": 0.7297297297297297,
                    "y": 1.1102230246251565e-16
                },
                "worldcoords": {
                    "x": 103.53214285714286,
                    "y": 410.71428571428567,
                    "z": 211.15871042471045
                }
            },
            "trPoint": {
                "imageCoords": {
                    "x": -1,
                    "y": -1
                },
                "uvCoords": {
                    "x": -1,
                    "y": -1
                },
                "uvCoordsNormalized": {
                    "x": 1.0,
                    "y": 0.6428571428571428
                },
                "uvCoordsNormalizedYflipped": {
                    "x": 1.0,
                    "y": 1.1102230246251565e-16
                },
                "worldcoords": {
                    "x": 103.53214285714286,
                    "y": 410.71428571428567,
                    "z": 103.59114285714284
                }
            }
        }
    ],
    "materialIndex": 0,
    "materialName": "./floor1/wall_16/flatten_canvas.resized.jpg",
    "overviewImageInfo": {
        "blPoint": {
            "imageCoords": {
                "x": 0,
                "y": 2216
            },
            "uvCoords": {
                "x": -1,
                "y": -1
            },
            "uvCoordsNormalized": {
                "x": 0,
                "y": 1
            },
            "uvCoordsNormalizedYflipped": {
                "x": -1,
                "y": -1
            },
            "worldcoords": {
                "x": 103.55,
                "y": 500.0,
                "z": 501.509
            }
        },
        "brPoint": {
            "imageCoords": {
                "x": 4394,
                "y": 2216
            },
            "uvCoords": {
                "x": -1,
                "y": -1
            },
            "uvCoordsNormalized": {
                "x": 1,
                "y": 1
            },
            "uvCoordsNormalizedYflipped": {
                "x": -1,
                "y": -1
            },
            "worldcoords": {
                "x": 103.55,
                "y": 500.0,
                "z": 103.609
            }
        },
        "centerPoint": {
            "imageCoords": {
                "x": 2197,
                "y": 1108
            },
            "uvCoords": {
                "x": -1,
                "y": -1
            },
            "uvCoordsNormalized": {
                "x": -1,
                "y": -1
            },
            "uvCoordsNormalizedYflipped": {
                "x": -1,
                "y": -1
            },
            "worldcoords": {
                "x": 0,
                "y": 0,
                "z": 0
            }
        },
        "imageFilename": "NA",
        "imageHeight": 2217,
        "imageIndex": 0,
        "imageWidth": 4395,
        "neighborImages": {
            "bottomImage": {
                "distance": 1000000.0,
                "pointIndex": -1
            },
            "leftImage": {
                "distance": 1000000.0,
                "pointIndex": -1
            },
            "rightImage": {
                "distance": 1000000.0,
                "pointIndex": -1
            },
            "topImage": {
                "distance": 1000000.0,
                "pointIndex": -1
            }
        },
        "originX": 0,
        "originY": 0,
        "tlPoint": {
            "imageCoords": {
                "x": -1,
                "y": -1
            },
            "uvCoords": {
                "x": -1,
                "y": -1
            },
            "uvCoordsNormalized": {
                "x": 0,
                "y": 0
            },
            "uvCoordsNormalizedYflipped": {
                "x": -1,
                "y": -1
            },
            "worldcoords": {
                "x": 103.5,
                "y": 250.0,
                "z": 501.559
            }
        },
        "trPoint": {
            "imageCoords": {
                "x": 4394,
                "y": 0
            },
            "uvCoords": {
                "x": -1,
                "y": -1
            },
            "uvCoordsNormalized": {
                "x": 1,
                "y": 0
            },
            "uvCoordsNormalizedYflipped": {
                "x": -1,
                "y": -1
            },
            "worldcoords": {
                "x": 103.5,
                "y": 250.0,
                "z": 103.559
            }
        }
    }
}