{
    "imagesInfo": [
        {
            "blPoint": {
                "imageCoords": {
                    "x": -1,
                    "y": -1
                },
                "uvCoords": {
                    "x": -1,
                    "y": -1
                },
                "uvCoordsNormalized": {
                    "x": 0.0,
                    "y": 0.35714285714285715
                },
                "uvCoordsNormalizedYflipped": {
                    "x": 0.0,
                    "y": 1.0
                },
                "worldcoords": {
                    "x": 867.5178571428571,
                    "y": 589.2857142857142,
                    "z": 399.54114285714286
                }
            },
            "brPoint": {
                "imageCoords": {
                    "x": -1,
                    "y": -1
                },
                "uvCoords": {
                    "x": -1,
                    "y": -1
                },
                "uvCoordsNormalized": {
                    "x": 0.3571428571428571,
                    "y": 0.35714285714285715
                },
                "uvCoordsNormalizedYflipped": {
                    "x": 0.3571428571428571,
                    "y": 1.0
                },
                "worldcoords": {
                    "x": 867.5178571428571,
                    "y": 589.2857142857143,
                    "z": 292.41625
                }
            },
            "centerPoint": {
                "imageCoords": {
                    "x": -1,
                    "y": -1
                },
                "uvCoords": {
                    "x": -1,
                    "y": -1
                },
                "uvCoordsNormalized": {
                    "x": 0.17857142857142855,
                    "y": 0.1785714285714286
                },
                "uvCoordsNormalizedYflipped": {
                    "x": 0.17857142857142855,
                    "y": 0.8214285714285714
                },
                "worldcoords": {
                    "x": 867.5089285714284,
                    "y": 544.6428571428571,
                    "z": 345.987625
                }
            },
            "imageFilename": "floor2/wall_4/IMG_7355.JPG",
            "imageHeight": 792,
            "imageIndex": 0,
            "imageWidth": 1188,
            "neighborImages": {
                "bottomImage": {
                    "distance": 1000000.0,
                    "pointIndex": -1
                },
                "leftImage": {
                    "distance": 1000000.0,
                    "pointIndex": -1
                },
                "rightImage": {
                    "distance": 1000000.0,
                    "pointIndex": -1
                },
                "topImage": {
                    "distance": 1000000.0,
                    "pointIndex": -1
                }
            },
            "originX": 0,
            "originY": 0,
            "tlPoint": {
                "imageCoords": {
                    "x": -1,
                    "y": -1
                },
                "uvCoords": {
                    "x": -1,
                    "y": -1
                },
                "uvCoordsNormalized": {
                    "x": 0.0,
                    "y": 5.551115123125783e-17
                },
                "uvCoordsNormalizedYflipped": {
                    "x": 0.0,
                    "y": 0.6428571428571428
                },
                "worldcoords": {
                    "x": 867.5,
                    "y": 500.00000000000006,
                    "z": 399.559
                }
            },
            "trPoint": {
                "imageCoords": {
                    "x": -1,
                    "y": -1
                },
                "uvCoords": {
                    "x": -1,
                    "y": -1
                },
                "uvCoordsNormalized": {
                    "x": 0.3571428571428571,
                    "y": 5.551115123125783e-17
                },
                "uvCoordsNormalizedYflipped": {
                    "x": 0.3571428571428571,
                    "y": 0.6428571428571428
                },
                "worldcoords": {
                    "x": 867.5,
                    "y": 500.00000000000006,
                    "z": 292.41625
                }
            }
        },
        {
            "blPoint": {
                "imageCoords": {
                    "x": -1,
                    "y": -1
                },
                "uvCoords": {
                    "x": -1,
                    "y": -1
                },
                "uvCoordsNormalized": {
                    "x": 0.3214285714285714,
                    "y": 0.35714285714285715
                },
                "uvCoordsNormalizedYflipped": {
                    "x": 0.3214285714285714,
                    "y": 1.0
                },
                "worldcoords": {
                    "x": 867.517857142857,
                    "y": 589.2857142857143,
                    "z": 303.1287392857143
                }
            },
            "brPoint": {
                "imageCoords": {
                    "x": -1,
                    "y": -1
                },
                "uvCoords": {
                    "x": -1,
                    "y": -1
                },
                "uvCoordsNormalized": {
                    "x": 0.6785714285714285,
                    "y": 0.35714285714285715
                },
                "uvCoordsNormalizedYflipped": {
                    "x": 0.6785714285714285,
                    "y": 1.0
                },
                "worldcoords": {
                    "x": 867.5178571428571,
                    "y": 589.2857142857142,
                    "z": 195.98777500000003
                }
            },
            "centerPoint": {
                "imageCoords": {
                    "x": -1,
                    "y": -1
                },
                "uvCoords": {
                    "x": -1,
                    "y": -1
                },
                "uvCoordsNormalized": {
                    "x": 0.49999999999999994,
                    "y": 0.1785714285714286
                },
                "uvCoordsNormalizedYflipped": {
                    "x": 0.49999999999999994,
                    "y": 0.8214285714285714
                },
                "worldcoords": {
                    "x": 867.5089285714286,
                    "y": 544.6428571428571,
                    "z": 249.55915000000002
                }
            },
            "imageFilename": "floor2/wall_4/IMG_7356.JPG",
            "imageHeight": 792,
            "imageIndex": 1,
            "imageWidth": 1188,
            "neighborImages": {
                "bottomImage": {
                    "distance": 1000000.0,
                    "pointIndex": -1
                },
                "leftImage": {
                    "distance": 1000000.0,
                    "pointIndex": -1
                },
                "rightImage": {
                    "distance": 1000000.0,
                    "pointIndex": -1
                },
                "topImage": {
                    "distance": 1000000.0,
                    "pointIndex": -1
                }
            },
            "originX": 0,
            "originY": 0,
            "tlPoint": {
                "imageCoords": {
                    "x": -1,
                    "y": -1
                },
                "uvCoords": {
                    "x": -1,
                    "y": -1
                },
                "uvCoordsNormalized": {
                    "x": 0.3214285714285714,
                    "y": 5.551115123125783e-17
                },
                "uvCoordsNormalizedYflipped": {
                    "x": 0.3214285714285714,
                    "y": 0.6428571428571428
                },
                "worldcoords": {
                    "x": 867.5,
                    "y": 500.0,
                    "z": 303.13052500000003
                }
            },
            "trPoint": {
                "imageCoords": {
                    "x": -1,
                    "y": -1
                },
                "uvCoords": {
                    "x": -1,
                    "y": -1
                },
                "uvCoordsNormalized": {
                    "x": 0.6785714285714285,
                    "y": 5.551115123125783e-17
                },
                "uvCoordsNormalizedYflipped": {
                    "x": 0.6785714285714285,
                    "y": 0.6428571428571428
                },
                "worldcoords": {
                    "x": 867.5,
                    "y": 500.00000000000006,
                    "z": 195.98777500000003
                }
            }
        },
        {
            "blPoint": {
                "imageCoords": {
                    "x": -1,
                    "y": -1
                },
                "uvCoords": {
                    "x": -1,
                    "y": -1
                },
                "uvCoordsNormalized": {
                    "x": 0.6428571428571428,
                    "y": 0.35714285714285715
                },
                "uvCoordsNormalizedYflipped": {
                    "x": 0.6428571428571428,
                    "y": 1.0
                },
                "worldcoords": {
                    "x": 867.5178571428571,
                    "y": 589.2857142857143,
                    "z": 206.70205
                }
            },
            "brPoint": {
                "imageCoords": {
                    "x": -1,
                    "y": -1
                },
                "uvCoords": {
                    "x": -1,
                    "y": -1
                },
                "uvCoordsNormalized": {
                    "x": 0.9999999999999999,
                    "y": 0.35714285714285715
                },
                "uvCoordsNormalizedYflipped": {
                    "x": 0.9999999999999999,
                    "y": 1.0
                },
                "worldcoords": {
                    "x": 867.5178571428571,
                    "y": 589.2857142857142,
                    "z": 99.55930000000002
                }
            },
            "centerPoint": {
                "imageCoords": {
                    "x": -1,
                    "y": -1
                },
                "uvCoords": {
                    "x": -1,
                    "y": -1
                },
                "uvCoordsNormalized": {
                    "x": 0.8214285714285714,
                    "y": 0.1785714285714286
                },
                "uvCoordsNormalizedYflipped": {
                    "x": 0.8214285714285714,
                    "y": 0.8214285714285714
                },
                "worldcoords": {
                    "x": 867.5089285714286,
                    "y": 544.6428571428571,
                    "z": 153.13067500000002
                }
            },
            "imageFilename": "floor2/wall_4/IMG_7357.JPG",
            "imageHeight": 792,
            "imageIndex": 2,
            "imageWidth": 1188,
            "neighborImages": {
                "bottomImage": {
                    "distance": 1000000.0,
                    "pointIndex": -1
                },
                "leftImage": {
                    "distance": 1000000.0,
                    "pointIndex": -1
                },
                "rightImage": {
                    "distance": 1000000.0,
                    "pointIndex": -1
                },
                "topImage": {
                    "distance": 1000000.0,
                    "pointIndex": -1
                }
            },
            "originX": 0,
            "originY": 0,
            "tlPoint": {
                "imageCoords": {
                    "x": -1,
                    "y": -1
                },
                "uvCoords": {
                    "x": -1,
                    "y": -1
                },
                "uvCoordsNormalized": {
                    "x": 0.6428571428571428,
                    "y": 5.551115123125783e-17
                },
                "uvCoordsNormalizedYflipped": {
                    "x": 0.6428571428571428,
                    "y": 0.6428571428571428
                },
                "worldcoords": {
                    "x": 867.5,
                    "y": 500.00000000000006,
                    "z": 206.70205000000004
                }
            },
            "trPoint": {
                "imageCoords": {
                    "x": -1,
                    "y": -1
                },
                "uvCoords": {
                    "x": -1,
                    "y": -1
                },
                "uvCoordsNormalized": {
                    "x": 0.9999999999999999,
                    "y": 5.551115123125783e-17
                },
                "uvCoordsNormalizedYflipped": {
                    "x": 0.9999999999999999,
                    "y": 0.6428571428571428
                },
                "worldcoords": {
                    "x": 867.5,
                    "y": 500.00000000000006,
                    "z": 99.55930000000002
                }
            }
        },
        {
            "blPoint": {
                "imageCoords": {
                    "x": -1,
                    "y": -1
                },
                "uvCoords": {
                    "x": -1,
                    "y": -1
                },
                "uvCoordsNormalized": {
                    "x": 0.6428571428571428,
                    "y": 0.6785714285714286
                },
                "uvCoordsNormalizedYflipped": {
                    "x": 0.6428571428571428,
                    "y": 0.6785714285714286
                },
                "worldcoords": {
                    "x": 867.5339285714285,
                    "y": 669.6428571428571,
                    "z": 206.7002642857143
                }
            },
            "brPoint": {
                "imageCoords": {
                    "x": -1,
                    "y": -1
                },
                "uvCoords": {
                    "x": -1,
                    "y": -1
                },
                "uvCoordsNormalized": {
                    "x": 0.9999999999999999,
                    "y": 0.6785714285714286
                },
                "uvCoordsNormalizedYflipped": {
                    "x": 0.9999999999999999,
                    "y": 0.6785714285714286
                },
                "worldcoords": {
                    "x": 867.5339285714285,
                    "y": 669.6428571428571,
                    "z": 99.55930000000004
                }
            },
            "centerPoint": {
                "imageCoords": {
                    "x": -1,
                    "y": -1
                },
                "uvCoords": {
                    "x": -1,
                    "y": -1
                },
                "uvCoordsNormalized": {
                    "x": 0.8214285714285714,
                    "y": 0.5
                },
                "uvCoordsNormalizedYflipped": {
                    "x": 0.8214285714285714,
                    "y": 0.5
                },
                "worldcoords": {
                    "x": 867.525,
                    "y": 625.0,
                    "z": 153.13067500000002
                }
            },
            "imageFilename": "floor2/wall_4/IMG_7358.JPG",
            "imageHeight": 792,
            "imageIndex": 3,
            "imageWidth": 1188,
            "neighborImages": {
                "bottomImage": {
                    "distance": 1000000.0,
                    "pointIndex": -1
                },
                "leftImage": {
                    "distance": 1000000.0,
                    "pointIndex": -1
                },
                "rightImage": {
                    "distance": 1000000.0,
                    "pointIndex": -1
                },
                "topImage": {
                    "distance": 1000000.0,
                    "pointIndex": -1
                }
            },
            "originX": 0,
            "originY": 0,
            "tlPoint": {
                "imageCoords": {
                    "x": -1,
                    "y": -1
                },
                "uvCoords": {
                    "x": -1,
                    "y": -1
                },
                "uvCoordsNormalized": {
                    "x": 0.6428571428571428,
                    "y": 0.32142857142857145
                },
                "uvCoordsNormalizedYflipped": {
                    "x": 0.6428571428571428,
                    "y": 0.3214285714285714
                },
                "worldcoords": {
                    "x": 867.5160714285714,
                    "y": 580.3571428571429,
                    "z": 206.70205
                }
            },
            "trPoint": {
                "imageCoords": {
                    "x": -1,
                    "y": -1
                },
                "uvCoords": {
                    "x": -1,
                    "y": -1
                },
                "uvCoordsNormalized": {
                    "x": 0.9999999999999999,
                    "y": 0.32142857142857145
                },
                "uvCoordsNormalizedYflipped": {
                    "x": 0.9999999999999999,
                    "y": 0.3214285714285714
                },
                "worldcoords": {
                    "x": 867.5160714285714,
                    "y": 580.3571428571429,
                    "z": 99.55930000000004
                }
            }
        },
        {
            "blPoint": {
                "imageCoords": {
                    "x": -1,
                    "y": -1
                },
                "uvCoords": {
                    "x": -1,
                    "y": -1
                },
                "uvCoordsNormalized": {
                    "x": 0.3214285714285714,
                    "y": 0.6785714285714286
                },
                "uvCoordsNormalizedYflipped": {
                    "x": 0.3214285714285714,
                    "y": 0.6785714285714286
                },
                "worldcoords": {
                    "x": 867.5339285714285,
                    "y": 669.6428571428571,
                    "z": 303.11266785714287
                }
            },
            "brPoint": {
                "imageCoords": {
                    "x": -1,
                    "y": -1
                },
                "uvCoords": {
                    "x": -1,
                    "y": -1
                },
                "uvCoordsNormalized": {
                    "x": 0.6785714285714285,
                    "y": 0.6785714285714286
                },
                "uvCoordsNormalizedYflipped": {
                    "x": 0.6785714285714285,
                    "y": 0.6785714285714286
                },
                "worldcoords": {
                    "x": 867.5339285714285,
                    "y": 669.6428571428572,
                    "z": 195.98777500000003
                }
            },
            "centerPoint": {
                "imageCoords": {
                    "x": -1,
                    "y": -1
                },
                "uvCoords": {
                    "x": -1,
                    "y": -1
                },
                "uvCoordsNormalized": {
                    "x": 0.49999999999999994,
                    "y": 0.5
                },
                "uvCoordsNormalizedYflipped": {
                    "x": 0.49999999999999994,
                    "y": 0.5
                },
                "worldcoords": {
                    "x": 867.5249999999999,
                    "y": 625.0,
                    "z": 249.55915
                }
            },
            "imageFilename": "floor2/wall_4/IMG_7359.JPG",
            "imageHeight": 792,
            "imageIndex": 4,
            "imageWidth": 1188,
            "neighborImages": {
                "bottomImage": {
                    "distance": 1000000.0,
                    "pointIndex": -1
                },
                "leftImage": {
                    "distance": 1000000.0,
                    "pointIndex": -1
                },
                "rightImage": {
                    "distance": 1000000.0,
                    "pointIndex": -1
                },
                "topImage": {
                    "distance": 1000000.0,
                    "pointIndex": -1
                }
            },
            "originX": 0,
            "originY": 0,
            "tlPoint": {
                "imageCoords": {
                    "x": -1,
                    "y": -1
                },
                "uvCoords": {
                    "x": -1,
                    "y": -1
                },
                "uvCoordsNormalized": {
                    "x": 0.3214285714285714,
                    "y": 0.32142857142857145
                },
                "uvCoordsNormalizedYflipped": {
                    "x": 0.3214285714285714,
                    "y": 0.3214285714285714
                },
                "worldcoords": {
                    "x": 867.5160714285714,
                    "y": 580.3571428571429,
                    "z": 303.13052500000003
                }
            },
            "trPoint": {
                "imageCoords": {
                    "x": -1,
                    "y": -1
                },
                "uvCoords": {
                    "x": -1,
                    "y": -1
                },
                "uvCoordsNormalized": {
                    "x": 0.6785714285714285,
                    "y": 0.32142857142857145
                },
                "uvCoordsNormalizedYflipped": {
                    "x": 0.6785714285714285,
                    "y": 0.3214285714285714
                },
                "worldcoords": {
                    "x": 867.5160714285714,
                    "y": 580.3571428571429,
                    "z": 195.987775
                }
            }
        },
        {
            "blPoint": {
                "imageCoords": {
                    "x": -1,
                    "y": -1
                },
                "uvCoords": {
                    "x": -1,
                    "y": -1
                },
                "uvCoordsNormalized": {
                    "x": 0.0,
                    "y": 0.6785714285714286
                },
                "uvCoordsNormalizedYflipped": {
                    "x": 0.0,
                    "y": 0.6785714285714286
                },
                "worldcoords": {
                    "x": 867.5339285714285,
                    "y": 669.6428571428571,
                    "z": 399.52507142857144
                }
            },
            "brPoint": {
                "imageCoords": {
                    "x": -1,
                    "y": -1
                },
                "uvCoords": {
                    "x": -1,
                    "y": -1
                },
                "uvCoordsNormalized": {
                    "x": 0.3571428571428571,
                    "y": 0.6785714285714286
                },
                "uvCoordsNormalizedYflipped": {
                    "x": 0.3571428571428571,
                    "y": 0.6785714285714286
                },
                "worldcoords": {
                    "x": 867.5339285714285,
                    "y": 669.6428571428572,
                    "z": 292.40017857142857
                }
            },
            "centerPoint": {
                "imageCoords": {
                    "x": -1,
                    "y": -1
                },
                "uvCoords": {
                    "x": -1,
                    "y": -1
                },
                "uvCoordsNormalized": {
                    "x": 0.17857142857142855,
                    "y": 0.5
                },
                "uvCoordsNormalizedYflipped": {
                    "x": 0.17857142857142855,
                    "y": 0.5
                },
                "worldcoords": {
                    "x": 867.525,
                    "y": 625.0,
                    "z": 345.97155357142856
                }
            },
            "imageFilename": "floor2/wall_4/IMG_7360.JPG",
            "imageHeight": 792,
            "imageIndex": 5,
            "imageWidth": 1188,
            "neighborImages": {
                "bottomImage": {
                    "distance": 1000000.0,
                    "pointIndex": -1
                },
                "leftImage": {
                    "distance": 1000000.0,
                    "pointIndex": -1
                },
                "rightImage": {
                    "distance": 1000000.0,
                    "pointIndex": -1
                },
                "topImage": {
                    "distance": 1000000.0,
                    "pointIndex": -1
                }
            },
            "originX": 0,
            "originY": 0,
            "tlPoint": {
                "imageCoords": {
                    "x": -1,
                    "y": -1
                },
                "uvCoords": {
                    "x": -1,
                    "y": -1
                },
                "uvCoordsNormalized": {
                    "x": 0.0,
                    "y": 0.32142857142857145
                },
                "uvCoordsNormalizedYflipped": {
                    "x": 0.0,
                    "y": 0.3214285714285714
                },
                "worldcoords": {
                    "x": 867.5160714285714,
                    "y": 580.3571428571429,
                    "z": 399.54292857142866
                }
            },
            "trPoint": {
                "imageCoords": {
                    "x": -1,
                    "y": -1
                },
                "uvCoords": {
                    "x": -1,
                    "y": -1
                },
                "uvCoordsNormalized": {
                    "x": 0.3571428571428571,
                    "y": 0.32142857142857145
                },
                "uvCoordsNormalizedYflipped": {
                    "x": 0.3571428571428571,
                    "y": 0.3214285714285714
                },
                "worldcoords": {
                    "x": 867.5160714285714,
                    "y": 580.3571428571429,
                    "z": 292.41625000000005
                }
            }
        },
        {
            "blPoint": {
                "imageCoords": {
                    "x": -1,
                    "y": -1
                },
                "uvCoords": {
                    "x": -1,
                    "y": -1
                },
                "uvCoordsNormalized": {
                    "x": 0.0,
                    "y": 0.9999999999999999
                },
                "uvCoordsNormalizedYflipped": {
                    "x": 0.0,
                    "y": 0.3571428571428572
                },
                "worldcoords": {
                    "x": 867.55,
                    "y": 749.9999999999999,
                    "z": 399.509
                }
            },
            "brPoint": {
                "imageCoords": {
                    "x": -1,
                    "y": -1
                },
                "uvCoords": {
                    "x": -1,
                    "y": -1
                },
                "uvCoordsNormalized": {
                    "x": 0.3571428571428571,
                    "y": 0.9999999999999999
                },
                "uvCoordsNormalizedYflipped": {
                    "x": 0.3571428571428571,
                    "y": 0.3571428571428572
                },
                "worldcoords": {
                    "x": 867.55,
                    "y": 750.0,
                    "z": 292.38410714285715
                }
            },
            "centerPoint": {
                "imageCoords": {
                    "x": -1,
                    "y": -1
                },
                "uvCoords": {
                    "x": -1,
                    "y": -1
                },
                "uvCoordsNormalized": {
                    "x": 0.17857142857142855,
                    "y": 0.8214285714285714
                },
                "uvCoordsNormalizedYflipped": {
                    "x": 0.17857142857142855,
                    "y": 0.1785714285714286
                },
                "worldcoords": {
                    "x": 867.5410714285713,
                    "y": 705.3571428571429,
                    "z": 345.95548214285714
                }
            },
            "imageFilename": "floor2/wall_4/IMG_7361.JPG",
            "imageHeight": 792,
            "imageIndex": 6,
            "imageWidth": 1188,
            "neighborImages": {
                "bottomImage": {
                    "distance": 1000000.0,
                    "pointIndex": -1
                },
                "leftImage": {
                    "distance": 1000000.0,
                    "pointIndex": -1
                },
                "rightImage": {
                    "distance": 1000000.0,
                    "pointIndex": -1
                },
                "topImage": {
                    "distance": 1000000.0,
                    "pointIndex": -1
                }
            },
            "originX": 0,
            "originY": 0,
            "tlPoint": {
                "imageCoords": {
                    "x": -1,
                    "y": -1
                },
                "uvCoords": {
                    "x": -1,
                    "y": -1
                },
                "uvCoordsNormalized": {
                    "x": 0.0,
                    "y": 0.6428571428571428
                },
                "uvCoordsNormalizedYflipped": {
                    "x": 0.0,
                    "y": 1.1102230246251565e-16
                },
                "worldcoords": {
                    "x": 867.5321428571428,
                    "y": 660.7142857142858,
                    "z": 399.5268571428571
                }
            },
            "trPoint": {
                "imageCoords": {
                    "x": -1,
                    "y": -1
                },
                "uvCoords": {
                    "x": -1,
                    "y": -1
                },
                "uvCoordsNormalized": {
                    "x": 0.3571428571428571,
                    "y": 0.6428571428571428
                },
                "uvCoordsNormalizedYflipped": {
                    "x": 0.3571428571428571,
                    "y": 1.1102230246251565e-16
                },
                "worldcoords": {
                    "x": 867.5321428571427,
                    "y": 660.7142857142858,
                    "z": 292.4019642857143
                }
            }
        },
        {
            "blPoint": {
                "imageCoords": {
                    "x": -1,
                    "y": -1
                },
                "uvCoords": {
                    "x": -1,
                    "y": -1
                },
                "uvCoordsNormalized": {
                    "x": 0.3214285714285714,
                    "y": 0.9999999999999999
                },
                "uvCoordsNormalizedYflipped": {
                    "x": 0.3214285714285714,
                    "y": 0.3571428571428572
                },
                "worldcoords": {
                    "x": 867.55,
                    "y": 750.0,
                    "z": 303.09659642857144
                }
            },
            "brPoint": {
                "imageCoords": {
                    "x": -1,
                    "y": -1
                },
                "uvCoords": {
                    "x": -1,
                    "y": -1
                },
                "uvCoordsNormalized": {
                    "x": 0.6785714285714285,
                    "y": 0.9999999999999999
                },
                "uvCoordsNormalizedYflipped": {
                    "x": 0.6785714285714285,
                    "y": 0.3571428571428572
                },
                "worldcoords": {
                    "x": 867.55,
                    "y": 750.0,
                    "z": 195.97170357142858
                }
            },
            "centerPoint": {
                "imageCoords": {
                    "x": -1,
                    "y": -1
                },
                "uvCoords": {
                    "x": -1,
                    "y": -1
                },
                "uvCoordsNormalized": {
                    "x": 0.49999999999999994,
                    "y": 0.8214285714285714
                },
                "uvCoordsNormalizedYflipped": {
                    "x": 0.49999999999999994,
                    "y": 0.1785714285714286
                },
                "worldcoords": {
                    "x": 867.5410714285713,
                    "y": 705.3571428571428,
                    "z": 249.54307857142857
                }
            },
            "imageFilename": "floor2/wall_4/IMG_7362.JPG",
            "imageHeight": 792,
            "imageIndex": 7,
            "imageWidth": 1188,
            "neighborImages": {
                "bottomImage": {
                    "distance": 1000000.0,
                    "pointIndex": -1
                },
                "leftImage": {
                    "distance": 1000000.0,
                    "pointIndex": -1
                },
                "rightImage": {
                    "distance": 1000000.0,
                    "pointIndex": -1
                },
                "topImage": {
                    "distance": 1000000.0,
                    "pointIndex": -1
                }
            },
            "originX": 0,
            "originY": 0,
            "tlPoint": {
                "imageCoords": {
                    "x": -1,
                    "y": -1
                },
                "uvCoords": {
                    "x": -1,
                    "y": -1
                },
                "uvCoordsNormalized": {
                    "x": 0.3214285714285714,
                    "y": 0.6428571428571428
                },
                "uvCoordsNormalizedYflipped": {
                    "x": 0.3214285714285714,
                    "y": 1.1102230246251565e-16
                },
                "worldcoords": {
                    "x": 867.5321428571427,
                    "y": 660.7142857142858,
                    "z": 303.1144535714286
                }
            },
            "trPoint": {
                "imageCoords": {
                    "x": -1,
                    "y": -1
                },
                "uvCoords": {
                    "x": -1,
                    "y": -1
                },
                "uvCoordsNormalized": {
                    "x": 0.6785714285714285,
                    "y": 0.6428571428571428
                },
                "uvCoordsNormalizedYflipped": {
                    "x": 0.6785714285714285,
                    "y": 1.1102230246251565e-16
                },
                "worldcoords": {
                    "x": 867.5321428571428,
                    "y": 660.7142857142858,
                    "z": 195.98777500000006
                }
            }
        },
        {
            "blPoint": {
                "imageCoords": {
                    "x": -1,
                    "y": -1
                },
                "uvCoords": {
                    "x": -1,
                    "y": -1
                },
                "uvCoordsNormalized": {
                    "x": 0.6428571428571428,
                    "y": 0.9999999999999999
                },
                "uvCoordsNormalizedYflipped": {
                    "x": 0.6428571428571428,
                    "y": 0.3571428571428572
                },
                "worldcoords": {
                    "x": 867.55,
                    "y": 750.0,
                    "z": 206.68419285714288
                }
            },
            "brPoint": {
                "imageCoords": {
                    "x": -1,
                    "y": -1
                },
                "uvCoords": {
                    "x": -1,
                    "y": -1
                },
                "uvCoordsNormalized": {
                    "x": 0.9999999999999999,
                    "y": 0.9999999999999999
                },
                "uvCoordsNormalizedYflipped": {
                    "x": 0.9999999999999999,
                    "y": 0.3571428571428572
                },
                "worldcoords": {
                    "x": 867.55,
                    "y": 749.9999999999999,
                    "z": 99.55930000000002
                }
            },
            "centerPoint": {
                "imageCoords": {
                    "x": -1,
                    "y": -1
                },
                "uvCoords": {
                    "x": -1,
                    "y": -1
                },
                "uvCoordsNormalized": {
                    "x": 0.8214285714285714,
                    "y": 0.8214285714285714
                },
                "uvCoordsNormalizedYflipped": {
                    "x": 0.8214285714285714,
                    "y": 0.1785714285714286
                },
                "worldcoords": {
                    "x": 867.5410714285714,
                    "y": 705.3571428571429,
                    "z": 153.130675
                }
            },
            "imageFilename": "floor2/wall_4/IMG_7363.JPG",
            "imageHeight": 792,
            "imageIndex": 8,
            "imageWidth": 1188,
            "neighborImages": {
                "bottomImage": {
                    "distance": 1000000.0,
                    "pointIndex": -1
                },
                "leftImage": {
                    "distance": 1000000.0,
                    "pointIndex": -1
                },
                "rightImage": {
                    "distance": 1000000.0,
                    "pointIndex": -1
                },
                "topImage": {
                    "distance": 1000000.0,
                    "pointIndex": -1
                }
            },
            "originX": 0,
            "originY": 0,
            "tlPoint": {
                "imageCoords": {
                    "x": -1,
                    "y": -1
                },
                "uvCoords": {
                    "x": -1,
                    "y": -1
                },
                "uvCoordsNormalized": {
                    "x": 0.6428571428571428,
                    "y": 0.6428571428571428
                },
                "uvCoordsNormalizedYflipped": {
                    "x": 0.6428571428571428,
                    "y": 1.1102230246251565e-16
                },
                "worldcoords": {
                    "x": 867.5321428571428,
                    "y": 660.7142857142858,
                    "z": 206.70205000000004
                }
            },
            "trPoint": {
                "imageCoords": {
                    "x": -1,
                    "y": -1
                },
                "uvCoords": {
                    "x": -1,
                    "y": -1
                },
                "uvCoordsNormalized": {
                    "x": 0.9999999999999999,
                    "y": 0.6428571428571428
                },
                "uvCoordsNormalizedYflipped": {
                    "x": 0.9999999999999999,
                    "y": 1.1102230246251565e-16
                },
                "worldcoords": {
                    "x": 867.5321428571428,
                    "y": 660.7142857142858,
                    "z": 99.55930000000004
                }
            }
        }
    ],
    "materialIndex": 17,
    "materialName": "./floor2/wall_4/flatten_canvas.resized.jpg",
    "overviewImageInfo": {
        "blPoint": {
            "imageCoords": {
                "x": 0,
                "y": 2216
            },
            "uvCoords": {
                "x": -1,
                "y": -1
            },
            "uvCoordsNormalized": {
                "x": 0,
                "y": 1
            },
            "uvCoordsNormalizedYflipped": {
                "x": -1,
                "y": -1
            },
            "worldcoords": {
                "x": 867.55,
                "y": 750.0,
                "z": 399.509
            }
        },
        "brPoint": {
            "imageCoords": {
                "x": 3325,
                "y": 2216
            },
            "uvCoords": {
                "x": -1,
                "y": -1
            },
            "uvCoordsNormalized": {
                "x": 1,
                "y": 1
            },
            "uvCoordsNormalizedYflipped": {
                "x": -1,
                "y": -1
            },
            "worldcoords": {
                "x": 867.55,
                "y": 750.0,
                "z": 99.5593
            }
        },
        "centerPoint": {
            "imageCoords": {
                "x": 1663,
                "y": 1108
            },
            "uvCoords": {
                "x": -1,
                "y": -1
            },
            "uvCoordsNormalized": {
                "x": -1,
                "y": -1
            },
            "uvCoordsNormalizedYflipped": {
                "x": -1,
                "y": -1
            },
            "worldcoords": {
                "x": 0,
                "y": 0,
                "z": 0
            }
        },
        "imageFilename": "NA",
        "imageHeight": 2217,
        "imageIndex": 0,
        "imageWidth": 3326,
        "neighborImages": {
            "bottomImage": {
                "distance": 1000000.0,
                "pointIndex": -1
            },
            "leftImage": {
                "distance": 1000000.0,
                "pointIndex": -1
            },
            "rightImage": {
                "distance": 1000000.0,
                "pointIndex": -1
            },
            "topImage": {
                "distance": 1000000.0,
                "pointIndex": -1
            }
        },
        "originX": 0,
        "originY": 0,
        "tlPoint": {
            "imageCoords": {
                "x": -1,
                "y": -1
            },
            "uvCoords": {
                "x": -1,
                "y": -1
            },
            "uvCoordsNormalized": {
                "x": 0,
                "y": 0
            },
            "uvCoordsNormalizedYflipped": {
                "x": -1,
                "y": -1
            },
            "worldcoords": {
                "x": 867.5,
                "y": 500.0,
                "z": 399.559
            }
        },
        "trPoint": {
            "imageCoords": {
                "x": 3325,
                "y": 0
            },
            "uvCoords": {
                "x": -1,
                "y": -1
            },
            "uvCoordsNormalized": {
                "x": 1,
                "y": 0
            },
            "uvCoordsNormalizedYflipped": {
                "x": -1,
                "y": -1
            },
            "worldcoords": {
                "x": 867.5,
                "y": 500.0,
                "z": 99.5593
            }
        }
    }
}