{
    "imagesInfo": [
        {
            "blPoint": {
                "imageCoords": {
                    "x": -1,
                    "y": -1
                },
                "uvCoords": {
                    "x": -1,
                    "y": -1
                },
                "uvCoordsNormalized": {
                    "x": 0.0,
                    "y": 0.35714285714285715
                },
                "uvCoordsNormalizedYflipped": {
                    "x": 0.0,
                    "y": 1.0
                },
                "worldcoords": {
                    "x": 103.53214285714284,
                    "y": 589.2857142857142,
                    "z": 1301.527857142857
                }
            },
            "brPoint": {
                "imageCoords": {
                    "x": -1,
                    "y": -1
                },
                "uvCoords": {
                    "x": -1,
                    "y": -1
                },
                "uvCoordsNormalized": {
                    "x": 0.2173913043478261,
                    "y": 0.35714285714285715
                },
                "uvCoordsNormalizedYflipped": {
                    "x": 0.2173913043478261,
                    "y": 1.0
                },
                "worldcoords": {
                    "x": 103.53214285714284,
                    "y": 589.2857142857142,
                    "z": 1149.7993788819874
                }
            },
            "centerPoint": {
                "imageCoords": {
                    "x": -1,
                    "y": -1
                },
                "uvCoords": {
                    "x": -1,
                    "y": -1
                },
                "uvCoordsNormalized": {
                    "x": 0.10869565217391305,
                    "y": 0.1785714285714286
                },
                "uvCoordsNormalizedYflipped": {
                    "x": 0.10869565217391305,
                    "y": 0.8214285714285714
                },
                "worldcoords": {
                    "x": 103.54107142857143,
                    "y": 544.6428571428572,
                    "z": 1225.6546894409937
                }
            },
            "imageFilename": "floor2/wall_24/IMG_7479.JPG",
            "imageHeight": 792,
            "imageIndex": 0,
            "imageWidth": 1188,
            "neighborImages": {
                "bottomImage": {
                    "distance": 1000000.0,
                    "pointIndex": -1
                },
                "leftImage": {
                    "distance": 1000000.0,
                    "pointIndex": -1
                },
                "rightImage": {
                    "distance": 1000000.0,
                    "pointIndex": -1
                },
                "topImage": {
                    "distance": 1000000.0,
                    "pointIndex": -1
                }
            },
            "originX": 0,
            "originY": 0,
            "tlPoint": {
                "imageCoords": {
                    "x": -1,
                    "y": -1
                },
                "uvCoords": {
                    "x": -1,
                    "y": -1
                },
                "uvCoordsNormalized": {
                    "x": 0.0,
                    "y": 5.551115123125783e-17
                },
                "uvCoordsNormalizedYflipped": {
                    "x": 0.0,
                    "y": 0.6428571428571428
                },
                "worldcoords": {
                    "x": 103.55,
                    "y": 500.00000000000006,
                    "z": 1301.51
                }
            },
            "trPoint": {
                "imageCoords": {
                    "x": -1,
                    "y": -1
                },
                "uvCoords": {
                    "x": -1,
                    "y": -1
                },
                "uvCoordsNormalized": {
                    "x": 0.2173913043478261,
                    "y": 5.551115123125783e-17
                },
                "uvCoordsNormalizedYflipped": {
                    "x": 0.2173913043478261,
                    "y": 0.6428571428571428
                },
                "worldcoords": {
                    "x": 103.53913043478259,
                    "y": 500.00000000000006,
                    "z": 1149.7815217391303
                }
            }
        },
        {
            "blPoint": {
                "imageCoords": {
                    "x": -1,
                    "y": -1
                },
                "uvCoords": {
                    "x": -1,
                    "y": -1
                },
                "uvCoordsNormalized": {
                    "x": 0.1956521739130435,
                    "y": 0.35714285714285715
                },
                "uvCoordsNormalizedYflipped": {
                    "x": 0.1956521739130435,
                    "y": 1.0
                },
                "worldcoords": {
                    "x": 103.53214285714286,
                    "y": 589.2857142857142,
                    "z": 1164.9722267080745
                }
            },
            "brPoint": {
                "imageCoords": {
                    "x": -1,
                    "y": -1
                },
                "uvCoords": {
                    "x": -1,
                    "y": -1
                },
                "uvCoordsNormalized": {
                    "x": 0.4130434782608696,
                    "y": 0.35714285714285715
                },
                "uvCoordsNormalizedYflipped": {
                    "x": 0.4130434782608696,
                    "y": 1.0
                },
                "worldcoords": {
                    "x": 103.52934782608696,
                    "y": 589.2857142857143,
                    "z": 1013.2437484472049
                }
            },
            "centerPoint": {
                "imageCoords": {
                    "x": -1,
                    "y": -1
                },
                "uvCoords": {
                    "x": -1,
                    "y": -1
                },
                "uvCoordsNormalized": {
                    "x": 0.30434782608695654,
                    "y": 0.1785714285714286
                },
                "uvCoordsNormalizedYflipped": {
                    "x": 0.30434782608695654,
                    "y": 0.8214285714285714
                },
                "worldcoords": {
                    "x": 103.53478260869565,
                    "y": 544.6428571428571,
                    "z": 1089.0990590062113
                }
            },
            "imageFilename": "floor2/wall_24/IMG_7480.JPG",
            "imageHeight": 792,
            "imageIndex": 1,
            "imageWidth": 1188,
            "neighborImages": {
                "bottomImage": {
                    "distance": 1000000.0,
                    "pointIndex": -1
                },
                "leftImage": {
                    "distance": 1000000.0,
                    "pointIndex": -1
                },
                "rightImage": {
                    "distance": 1000000.0,
                    "pointIndex": -1
                },
                "topImage": {
                    "distance": 1000000.0,
                    "pointIndex": -1
                }
            },
            "originX": 0,
            "originY": 0,
            "tlPoint": {
                "imageCoords": {
                    "x": -1,
                    "y": -1
                },
                "uvCoords": {
                    "x": -1,
                    "y": -1
                },
                "uvCoordsNormalized": {
                    "x": 0.1956521739130435,
                    "y": 5.551115123125783e-17
                },
                "uvCoordsNormalizedYflipped": {
                    "x": 0.1956521739130435,
                    "y": 0.6428571428571428
                },
                "worldcoords": {
                    "x": 103.54021739130435,
                    "y": 500.00000000000006,
                    "z": 1164.9543695652173
                }
            },
            "trPoint": {
                "imageCoords": {
                    "x": -1,
                    "y": -1
                },
                "uvCoords": {
                    "x": -1,
                    "y": -1
                },
                "uvCoordsNormalized": {
                    "x": 0.4130434782608696,
                    "y": 5.551115123125783e-17
                },
                "uvCoordsNormalizedYflipped": {
                    "x": 0.4130434782608696,
                    "y": 0.6428571428571428
                },
                "worldcoords": {
                    "x": 103.52934782608695,
                    "y": 500.00000000000006,
                    "z": 1013.2258913043477
                }
            }
        },
        {
            "blPoint": {
                "imageCoords": {
                    "x": -1,
                    "y": -1
                },
                "uvCoords": {
                    "x": -1,
                    "y": -1
                },
                "uvCoordsNormalized": {
                    "x": 0.39130434782608703,
                    "y": 0.35714285714285715
                },
                "uvCoordsNormalizedYflipped": {
                    "x": 0.39130434782608703,
                    "y": 1.0
                },
                "worldcoords": {
                    "x": 103.5304347826087,
                    "y": 589.2857142857142,
                    "z": 1028.4165962732918
                }
            },
            "brPoint": {
                "imageCoords": {
                    "x": -1,
                    "y": -1
                },
                "uvCoords": {
                    "x": -1,
                    "y": -1
                },
                "uvCoordsNormalized": {
                    "x": 0.6086956521739131,
                    "y": 0.35714285714285715
                },
                "uvCoordsNormalizedYflipped": {
                    "x": 0.6086956521739131,
                    "y": 1.0
                },
                "worldcoords": {
                    "x": 103.51956521739129,
                    "y": 589.2857142857142,
                    "z": 876.6881180124223
                }
            },
            "centerPoint": {
                "imageCoords": {
                    "x": -1,
                    "y": -1
                },
                "uvCoords": {
                    "x": -1,
                    "y": -1
                },
                "uvCoordsNormalized": {
                    "x": 0.5000000000000001,
                    "y": 0.1785714285714286
                },
                "uvCoordsNormalizedYflipped": {
                    "x": 0.5000000000000001,
                    "y": 0.8214285714285714
                },
                "worldcoords": {
                    "x": 103.525,
                    "y": 544.6428571428571,
                    "z": 952.5434285714285
                }
            },
            "imageFilename": "floor2/wall_24/IMG_7481.JPG",
            "imageHeight": 792,
            "imageIndex": 2,
            "imageWidth": 1188,
            "neighborImages": {
                "bottomImage": {
                    "distance": 1000000.0,
                    "pointIndex": -1
                },
                "leftImage": {
                    "distance": 1000000.0,
                    "pointIndex": -1
                },
                "rightImage": {
                    "distance": 1000000.0,
                    "pointIndex": -1
                },
                "topImage": {
                    "distance": 1000000.0,
                    "pointIndex": -1
                }
            },
            "originX": 0,
            "originY": 0,
            "tlPoint": {
                "imageCoords": {
                    "x": -1,
                    "y": -1
                },
                "uvCoords": {
                    "x": -1,
                    "y": -1
                },
                "uvCoordsNormalized": {
                    "x": 0.39130434782608703,
                    "y": 5.551115123125783e-17
                },
                "uvCoordsNormalizedYflipped": {
                    "x": 0.39130434782608703,
                    "y": 0.6428571428571428
                },
                "worldcoords": {
                    "x": 103.5304347826087,
                    "y": 500.00000000000006,
                    "z": 1028.3987391304347
                }
            },
            "trPoint": {
                "imageCoords": {
                    "x": -1,
                    "y": -1
                },
                "uvCoords": {
                    "x": -1,
                    "y": -1
                },
                "uvCoordsNormalized": {
                    "x": 0.6086956521739131,
                    "y": 5.551115123125783e-17
                },
                "uvCoordsNormalizedYflipped": {
                    "x": 0.6086956521739131,
                    "y": 0.6428571428571428
                },
                "worldcoords": {
                    "x": 103.5195652173913,
                    "y": 500.00000000000006,
                    "z": 876.6702608695651
                }
            }
        },
        {
            "blPoint": {
                "imageCoords": {
                    "x": -1,
                    "y": -1
                },
                "uvCoords": {
                    "x": -1,
                    "y": -1
                },
                "uvCoordsNormalized": {
                    "x": 0.5869565217391305,
                    "y": 0.35714285714285715
                },
                "uvCoordsNormalizedYflipped": {
                    "x": 0.5869565217391305,
                    "y": 1.0
                },
                "worldcoords": {
                    "x": 103.52065217391305,
                    "y": 589.2857142857142,
                    "z": 891.8609658385092
                }
            },
            "brPoint": {
                "imageCoords": {
                    "x": -1,
                    "y": -1
                },
                "uvCoords": {
                    "x": -1,
                    "y": -1
                },
                "uvCoordsNormalized": {
                    "x": 0.8043478260869565,
                    "y": 0.35714285714285715
                },
                "uvCoordsNormalizedYflipped": {
                    "x": 0.8043478260869565,
                    "y": 1.0
                },
                "worldcoords": {
                    "x": 103.50978260869564,
                    "y": 589.2857142857142,
                    "z": 740.1324875776397
                }
            },
            "centerPoint": {
                "imageCoords": {
                    "x": -1,
                    "y": -1
                },
                "uvCoords": {
                    "x": -1,
                    "y": -1
                },
                "uvCoordsNormalized": {
                    "x": 0.6956521739130436,
                    "y": 0.1785714285714286
                },
                "uvCoordsNormalizedYflipped": {
                    "x": 0.6956521739130436,
                    "y": 0.8214285714285714
                },
                "worldcoords": {
                    "x": 103.51521739130435,
                    "y": 544.6428571428571,
                    "z": 815.9877981366459
                }
            },
            "imageFilename": "floor2/wall_24/IMG_7482.JPG",
            "imageHeight": 792,
            "imageIndex": 3,
            "imageWidth": 1188,
            "neighborImages": {
                "bottomImage": {
                    "distance": 1000000.0,
                    "pointIndex": -1
                },
                "leftImage": {
                    "distance": 1000000.0,
                    "pointIndex": -1
                },
                "rightImage": {
                    "distance": 1000000.0,
                    "pointIndex": -1
                },
                "topImage": {
                    "distance": 1000000.0,
                    "pointIndex": -1
                }
            },
            "originX": 0,
            "originY": 0,
            "tlPoint": {
                "imageCoords": {
                    "x": -1,
                    "y": -1
                },
                "uvCoords": {
                    "x": -1,
                    "y": -1
                },
                "uvCoordsNormalized": {
                    "x": 0.5869565217391305,
                    "y": 5.551115123125783e-17
                },
                "uvCoordsNormalizedYflipped": {
                    "x": 0.5869565217391305,
                    "y": 0.6428571428571428
                },
                "worldcoords": {
                    "x": 103.52065217391305,
                    "y": 500.00000000000006,
                    "z": 891.8431086956521
                }
            },
            "trPoint": {
                "imageCoords": {
                    "x": -1,
                    "y": -1
                },
                "uvCoords": {
                    "x": -1,
                    "y": -1
                },
                "uvCoordsNormalized": {
                    "x": 0.8043478260869565,
                    "y": 5.551115123125783e-17
                },
                "uvCoordsNormalizedYflipped": {
                    "x": 0.8043478260869565,
                    "y": 0.6428571428571428
                },
                "worldcoords": {
                    "x": 103.50978260869564,
                    "y": 500.00000000000006,
                    "z": 740.1146304347826
                }
            }
        },
        {
            "blPoint": {
                "imageCoords": {
                    "x": -1,
                    "y": -1
                },
                "uvCoords": {
                    "x": -1,
                    "y": -1
                },
                "uvCoordsNormalized": {
                    "x": 0.7826086956521741,
                    "y": 0.35714285714285715
                },
                "uvCoordsNormalizedYflipped": {
                    "x": 0.7826086956521741,
                    "y": 1.0
                },
                "worldcoords": {
                    "x": 103.51086956521739,
                    "y": 589.2857142857142,
                    "z": 755.3053354037265
                }
            },
            "brPoint": {
                "imageCoords": {
                    "x": -1,
                    "y": -1
                },
                "uvCoords": {
                    "x": -1,
                    "y": -1
                },
                "uvCoordsNormalized": {
                    "x": 1,
                    "y": 0.35714285714285715
                },
                "uvCoordsNormalizedYflipped": {
                    "x": 1,
                    "y": 1.0
                },
                "worldcoords": {
                    "x": 103.5,
                    "y": 589.2857142857142,
                    "z": 603.5768571428571
                }
            },
            "centerPoint": {
                "imageCoords": {
                    "x": -1,
                    "y": -1
                },
                "uvCoords": {
                    "x": -1,
                    "y": -1
                },
                "uvCoordsNormalized": {
                    "x": 0.8913043478260871,
                    "y": 0.1785714285714286
                },
                "uvCoordsNormalizedYflipped": {
                    "x": 0.8913043478260871,
                    "y": 0.8214285714285714
                },
                "worldcoords": {
                    "x": 103.50543478260869,
                    "y": 544.6428571428571,
                    "z": 679.4321677018631
                }
            },
            "imageFilename": "floor2/wall_24/IMG_7483.JPG",
            "imageHeight": 792,
            "imageIndex": 4,
            "imageWidth": 1188,
            "neighborImages": {
                "bottomImage": {
                    "distance": 1000000.0,
                    "pointIndex": -1
                },
                "leftImage": {
                    "distance": 1000000.0,
                    "pointIndex": -1
                },
                "rightImage": {
                    "distance": 1000000.0,
                    "pointIndex": -1
                },
                "topImage": {
                    "distance": 1000000.0,
                    "pointIndex": -1
                }
            },
            "originX": 0,
            "originY": 0,
            "tlPoint": {
                "imageCoords": {
                    "x": -1,
                    "y": -1
                },
                "uvCoords": {
                    "x": -1,
                    "y": -1
                },
                "uvCoordsNormalized": {
                    "x": 0.7826086956521741,
                    "y": 5.551115123125783e-17
                },
                "uvCoordsNormalizedYflipped": {
                    "x": 0.7826086956521741,
                    "y": 0.6428571428571428
                },
                "worldcoords": {
                    "x": 103.51086956521739,
                    "y": 500.00000000000006,
                    "z": 755.2874782608694
                }
            },
            "trPoint": {
                "imageCoords": {
                    "x": -1,
                    "y": -1
                },
                "uvCoords": {
                    "x": -1,
                    "y": -1
                },
                "uvCoordsNormalized": {
                    "x": 1,
                    "y": 5.551115123125783e-17
                },
                "uvCoordsNormalizedYflipped": {
                    "x": 1,
                    "y": 0.6428571428571428
                },
                "worldcoords": {
                    "x": 103.5,
                    "y": 500.00000000000006,
                    "z": 603.559
                }
            }
        },
        {
            "blPoint": {
                "imageCoords": {
                    "x": -1,
                    "y": -1
                },
                "uvCoords": {
                    "x": -1,
                    "y": -1
                },
                "uvCoordsNormalized": {
                    "x": 0.7826086956521741,
                    "y": 0.6785714285714286
                },
                "uvCoordsNormalizedYflipped": {
                    "x": 0.7826086956521741,
                    "y": 0.6785714285714286
                },
                "worldcoords": {
                    "x": 103.51086956521739,
                    "y": 669.6428571428571,
                    "z": 755.321406832298
                }
            },
            "brPoint": {
                "imageCoords": {
                    "x": -1,
                    "y": -1
                },
                "uvCoords": {
                    "x": -1,
                    "y": -1
                },
                "uvCoordsNormalized": {
                    "x": 1,
                    "y": 0.6785714285714286
                },
                "uvCoordsNormalizedYflipped": {
                    "x": 1,
                    "y": 0.6785714285714286
                },
                "worldcoords": {
                    "x": 103.5,
                    "y": 669.6428571428571,
                    "z": 603.5929285714285
                }
            },
            "centerPoint": {
                "imageCoords": {
                    "x": -1,
                    "y": -1
                },
                "uvCoords": {
                    "x": -1,
                    "y": -1
                },
                "uvCoordsNormalized": {
                    "x": 0.8913043478260871,
                    "y": 0.5
                },
                "uvCoordsNormalizedYflipped": {
                    "x": 0.8913043478260871,
                    "y": 0.5
                },
                "worldcoords": {
                    "x": 103.50543478260869,
                    "y": 625.0,
                    "z": 679.4482391304346
                }
            },
            "imageFilename": "floor2/wall_24/IMG_7484.JPG",
            "imageHeight": 792,
            "imageIndex": 5,
            "imageWidth": 1188,
            "neighborImages": {
                "bottomImage": {
                    "distance": 1000000.0,
                    "pointIndex": -1
                },
                "leftImage": {
                    "distance": 1000000.0,
                    "pointIndex": -1
                },
                "rightImage": {
                    "distance": 1000000.0,
                    "pointIndex": -1
                },
                "topImage": {
                    "distance": 1000000.0,
                    "pointIndex": -1
                }
            },
            "originX": 0,
            "originY": 0,
            "tlPoint": {
                "imageCoords": {
                    "x": -1,
                    "y": -1
                },
                "uvCoords": {
                    "x": -1,
                    "y": -1
                },
                "uvCoordsNormalized": {
                    "x": 0.7826086956521741,
                    "y": 0.32142857142857145
                },
                "uvCoordsNormalizedYflipped": {
                    "x": 0.7826086956521741,
                    "y": 0.3214285714285714
                },
                "worldcoords": {
                    "x": 103.5108695652174,
                    "y": 580.357142857143,
                    "z": 755.303549689441
                }
            },
            "trPoint": {
                "imageCoords": {
                    "x": -1,
                    "y": -1
                },
                "uvCoords": {
                    "x": -1,
                    "y": -1
                },
                "uvCoordsNormalized": {
                    "x": 1,
                    "y": 0.32142857142857145
                },
                "uvCoordsNormalizedYflipped": {
                    "x": 1,
                    "y": 0.3214285714285714
                },
                "worldcoords": {
                    "x": 103.5,
                    "y": 580.3571428571429,
                    "z": 603.5750714285714
                }
            }
        },
        {
            "blPoint": {
                "imageCoords": {
                    "x": -1,
                    "y": -1
                },
                "uvCoords": {
                    "x": -1,
                    "y": -1
                },
                "uvCoordsNormalized": {
                    "x": 0.5869565217391305,
                    "y": 0.6785714285714286
                },
                "uvCoordsNormalizedYflipped": {
                    "x": 0.5869565217391305,
                    "y": 0.6785714285714286
                },
                "worldcoords": {
                    "x": 103.51607142857142,
                    "y": 669.6428571428571,
                    "z": 891.8770372670807
                }
            },
            "brPoint": {
                "imageCoords": {
                    "x": -1,
                    "y": -1
                },
                "uvCoords": {
                    "x": -1,
                    "y": -1
                },
                "uvCoordsNormalized": {
                    "x": 0.8043478260869565,
                    "y": 0.6785714285714286
                },
                "uvCoordsNormalizedYflipped": {
                    "x": 0.8043478260869565,
                    "y": 0.6785714285714286
                },
                "worldcoords": {
                    "x": 103.50978260869564,
                    "y": 669.6428571428571,
                    "z": 740.1485590062111
                }
            },
            "centerPoint": {
                "imageCoords": {
                    "x": -1,
                    "y": -1
                },
                "uvCoords": {
                    "x": -1,
                    "y": -1
                },
                "uvCoordsNormalized": {
                    "x": 0.6956521739130436,
                    "y": 0.5
                },
                "uvCoordsNormalizedYflipped": {
                    "x": 0.6956521739130436,
                    "y": 0.5
                },
                "worldcoords": {
                    "x": 103.51521739130435,
                    "y": 625.0,
                    "z": 816.0038695652174
                }
            },
            "imageFilename": "floor2/wall_24/IMG_7485.JPG",
            "imageHeight": 792,
            "imageIndex": 6,
            "imageWidth": 1188,
            "neighborImages": {
                "bottomImage": {
                    "distance": 1000000.0,
                    "pointIndex": -1
                },
                "leftImage": {
                    "distance": 1000000.0,
                    "pointIndex": -1
                },
                "rightImage": {
                    "distance": 1000000.0,
                    "pointIndex": -1
                },
                "topImage": {
                    "distance": 1000000.0,
                    "pointIndex": -1
                }
            },
            "originX": 0,
            "originY": 0,
            "tlPoint": {
                "imageCoords": {
                    "x": -1,
                    "y": -1
                },
                "uvCoords": {
                    "x": -1,
                    "y": -1
                },
                "uvCoordsNormalized": {
                    "x": 0.5869565217391305,
                    "y": 0.32142857142857145
                },
                "uvCoordsNormalizedYflipped": {
                    "x": 0.5869565217391305,
                    "y": 0.3214285714285714
                },
                "worldcoords": {
                    "x": 103.52065217391305,
                    "y": 580.3571428571429,
                    "z": 891.8591801242235
                }
            },
            "trPoint": {
                "imageCoords": {
                    "x": -1,
                    "y": -1
                },
                "uvCoords": {
                    "x": -1,
                    "y": -1
                },
                "uvCoordsNormalized": {
                    "x": 0.8043478260869565,
                    "y": 0.32142857142857145
                },
                "uvCoordsNormalizedYflipped": {
                    "x": 0.8043478260869565,
                    "y": 0.3214285714285714
                },
                "worldcoords": {
                    "x": 103.50978260869564,
                    "y": 580.3571428571429,
                    "z": 740.130701863354
                }
            }
        },
        {
            "blPoint": {
                "imageCoords": {
                    "x": -1,
                    "y": -1
                },
                "uvCoords": {
                    "x": -1,
                    "y": -1
                },
                "uvCoordsNormalized": {
                    "x": 0.39130434782608703,
                    "y": 0.6785714285714286
                },
                "uvCoordsNormalizedYflipped": {
                    "x": 0.39130434782608703,
                    "y": 0.6785714285714286
                },
                "worldcoords": {
                    "x": 103.51607142857142,
                    "y": 669.6428571428571,
                    "z": 1028.4326677018635
                }
            },
            "brPoint": {
                "imageCoords": {
                    "x": -1,
                    "y": -1
                },
                "uvCoords": {
                    "x": -1,
                    "y": -1
                },
                "uvCoordsNormalized": {
                    "x": 0.6086956521739131,
                    "y": 0.6785714285714286
                },
                "uvCoordsNormalizedYflipped": {
                    "x": 0.6086956521739131,
                    "y": 0.6785714285714286
                },
                "worldcoords": {
                    "x": 103.51607142857144,
                    "y": 669.6428571428572,
                    "z": 876.7041894409937
                }
            },
            "centerPoint": {
                "imageCoords": {
                    "x": -1,
                    "y": -1
                },
                "uvCoords": {
                    "x": -1,
                    "y": -1
                },
                "uvCoordsNormalized": {
                    "x": 0.5000000000000001,
                    "y": 0.5
                },
                "uvCoordsNormalizedYflipped": {
                    "x": 0.5000000000000001,
                    "y": 0.5
                },
                "worldcoords": {
                    "x": 103.525,
                    "y": 625.0,
                    "z": 952.5595000000001
                }
            },
            "imageFilename": "floor2/wall_24/IMG_7486.JPG",
            "imageHeight": 792,
            "imageIndex": 7,
            "imageWidth": 1188,
            "neighborImages": {
                "bottomImage": {
                    "distance": 1000000.0,
                    "pointIndex": -1
                },
                "leftImage": {
                    "distance": 1000000.0,
                    "pointIndex": -1
                },
                "rightImage": {
                    "distance": 1000000.0,
                    "pointIndex": -1
                },
                "topImage": {
                    "distance": 1000000.0,
                    "pointIndex": -1
                }
            },
            "originX": 0,
            "originY": 0,
            "tlPoint": {
                "imageCoords": {
                    "x": -1,
                    "y": -1
                },
                "uvCoords": {
                    "x": -1,
                    "y": -1
                },
                "uvCoordsNormalized": {
                    "x": 0.39130434782608703,
                    "y": 0.32142857142857145
                },
                "uvCoordsNormalizedYflipped": {
                    "x": 0.39130434782608703,
                    "y": 0.3214285714285714
                },
                "worldcoords": {
                    "x": 103.5304347826087,
                    "y": 580.3571428571429,
                    "z": 1028.4148105590061
                }
            },
            "trPoint": {
                "imageCoords": {
                    "x": -1,
                    "y": -1
                },
                "uvCoords": {
                    "x": -1,
                    "y": -1
                },
                "uvCoordsNormalized": {
                    "x": 0.6086956521739131,
                    "y": 0.32142857142857145
                },
                "uvCoordsNormalizedYflipped": {
                    "x": 0.6086956521739131,
                    "y": 0.3214285714285714
                },
                "worldcoords": {
                    "x": 103.51956521739132,
                    "y": 580.3571428571429,
                    "z": 876.6863322981367
                }
            }
        },
        {
            "blPoint": {
                "imageCoords": {
                    "x": -1,
                    "y": -1
                },
                "uvCoords": {
                    "x": -1,
                    "y": -1
                },
                "uvCoordsNormalized": {
                    "x": 0.1956521739130435,
                    "y": 0.6785714285714286
                },
                "uvCoordsNormalizedYflipped": {
                    "x": 0.1956521739130435,
                    "y": 0.6785714285714286
                },
                "worldcoords": {
                    "x": 103.51607142857142,
                    "y": 669.6428571428571,
                    "z": 1164.9882981366459
                }
            },
            "brPoint": {
                "imageCoords": {
                    "x": -1,
                    "y": -1
                },
                "uvCoords": {
                    "x": -1,
                    "y": -1
                },
                "uvCoordsNormalized": {
                    "x": 0.4130434782608696,
                    "y": 0.6785714285714286
                },
                "uvCoordsNormalizedYflipped": {
                    "x": 0.4130434782608696,
                    "y": 0.6785714285714286
                },
                "worldcoords": {
                    "x": 103.51607142857142,
                    "y": 669.6428571428571,
                    "z": 1013.2598198757764
                }
            },
            "centerPoint": {
                "imageCoords": {
                    "x": -1,
                    "y": -1
                },
                "uvCoords": {
                    "x": -1,
                    "y": -1
                },
                "uvCoordsNormalized": {
                    "x": 0.30434782608695654,
                    "y": 0.5
                },
                "uvCoordsNormalizedYflipped": {
                    "x": 0.30434782608695654,
                    "y": 0.5
                },
                "worldcoords": {
                    "x": 103.525,
                    "y": 625.0,
                    "z": 1089.1151304347825
                }
            },
            "imageFilename": "floor2/wall_24/IMG_7487.JPG",
            "imageHeight": 792,
            "imageIndex": 8,
            "imageWidth": 1188,
            "neighborImages": {
                "bottomImage": {
                    "distance": 1000000.0,
                    "pointIndex": -1
                },
                "leftImage": {
                    "distance": 1000000.0,
                    "pointIndex": -1
                },
                "rightImage": {
                    "distance": 1000000.0,
                    "pointIndex": -1
                },
                "topImage": {
                    "distance": 1000000.0,
                    "pointIndex": -1
                }
            },
            "originX": 0,
            "originY": 0,
            "tlPoint": {
                "imageCoords": {
                    "x": -1,
                    "y": -1
                },
                "uvCoords": {
                    "x": -1,
                    "y": -1
                },
                "uvCoordsNormalized": {
                    "x": 0.1956521739130435,
                    "y": 0.32142857142857145
                },
                "uvCoordsNormalizedYflipped": {
                    "x": 0.1956521739130435,
                    "y": 0.3214285714285714
                },
                "worldcoords": {
                    "x": 103.53392857142858,
                    "y": 580.3571428571429,
                    "z": 1164.9704409937888
                }
            },
            "trPoint": {
                "imageCoords": {
                    "x": -1,
                    "y": -1
                },
                "uvCoords": {
                    "x": -1,
                    "y": -1
                },
                "uvCoordsNormalized": {
                    "x": 0.4130434782608696,
                    "y": 0.32142857142857145
                },
                "uvCoordsNormalizedYflipped": {
                    "x": 0.4130434782608696,
                    "y": 0.3214285714285714
                },
                "worldcoords": {
                    "x": 103.52934782608696,
                    "y": 580.3571428571429,
                    "z": 1013.2419627329191
                }
            }
        },
        {
            "blPoint": {
                "imageCoords": {
                    "x": -1,
                    "y": -1
                },
                "uvCoords": {
                    "x": -1,
                    "y": -1
                },
                "uvCoordsNormalized": {
                    "x": 0.0,
                    "y": 0.6785714285714286
                },
                "uvCoordsNormalizedYflipped": {
                    "x": 0.0,
                    "y": 0.6785714285714286
                },
                "worldcoords": {
                    "x": 103.51607142857142,
                    "y": 669.6428571428571,
                    "z": 1301.5439285714285
                }
            },
            "brPoint": {
                "imageCoords": {
                    "x": -1,
                    "y": -1
                },
                "uvCoords": {
                    "x": -1,
                    "y": -1
                },
                "uvCoordsNormalized": {
                    "x": 0.2173913043478261,
                    "y": 0.6785714285714286
                },
                "uvCoordsNormalizedYflipped": {
                    "x": 0.2173913043478261,
                    "y": 0.6785714285714286
                },
                "worldcoords": {
                    "x": 103.51607142857142,
                    "y": 669.6428571428571,
                    "z": 1149.8154503105588
                }
            },
            "centerPoint": {
                "imageCoords": {
                    "x": -1,
                    "y": -1
                },
                "uvCoords": {
                    "x": -1,
                    "y": -1
                },
                "uvCoordsNormalized": {
                    "x": 0.10869565217391305,
                    "y": 0.5
                },
                "uvCoordsNormalizedYflipped": {
                    "x": 0.10869565217391305,
                    "y": 0.5
                },
                "worldcoords": {
                    "x": 103.52499999999999,
                    "y": 625.0,
                    "z": 1225.6707608695651
                }
            },
            "imageFilename": "floor2/wall_24/IMG_7488.JPG",
            "imageHeight": 792,
            "imageIndex": 9,
            "imageWidth": 1188,
            "neighborImages": {
                "bottomImage": {
                    "distance": 1000000.0,
                    "pointIndex": -1
                },
                "leftImage": {
                    "distance": 1000000.0,
                    "pointIndex": -1
                },
                "rightImage": {
                    "distance": 1000000.0,
                    "pointIndex": -1
                },
                "topImage": {
                    "distance": 1000000.0,
                    "pointIndex": -1
                }
            },
            "originX": 0,
            "originY": 0,
            "tlPoint": {
                "imageCoords": {
                    "x": -1,
                    "y": -1
                },
                "uvCoords": {
                    "x": -1,
                    "y": -1
                },
                "uvCoordsNormalized": {
                    "x": 0.0,
                    "y": 0.32142857142857145
                },
                "uvCoordsNormalizedYflipped": {
                    "x": 0.0,
                    "y": 0.3214285714285714
                },
                "worldcoords": {
                    "x": 103.53392857142859,
                    "y": 580.3571428571429,
                    "z": 1301.5260714285714
                }
            },
            "trPoint": {
                "imageCoords": {
                    "x": -1,
                    "y": -1
                },
                "uvCoords": {
                    "x": -1,
                    "y": -1
                },
                "uvCoordsNormalized": {
                    "x": 0.2173913043478261,
                    "y": 0.32142857142857145
                },
                "uvCoordsNormalizedYflipped": {
                    "x": 0.2173913043478261,
                    "y": 0.3214285714285714
                },
                "worldcoords": {
                    "x": 103.53392857142858,
                    "y": 580.3571428571428,
                    "z": 1149.7975931677017
                }
            }
        },
        {
            "blPoint": {
                "imageCoords": {
                    "x": -1,
                    "y": -1
                },
                "uvCoords": {
                    "x": -1,
                    "y": -1
                },
                "uvCoordsNormalized": {
                    "x": 0.0,
                    "y": 0.9999999999999999
                },
                "uvCoordsNormalizedYflipped": {
                    "x": 0.0,
                    "y": 0.3571428571428572
                },
                "worldcoords": {
                    "x": 103.5,
                    "y": 749.9999999999999,
                    "z": 1301.56
                }
            },
            "brPoint": {
                "imageCoords": {
                    "x": -1,
                    "y": -1
                },
                "uvCoords": {
                    "x": -1,
                    "y": -1
                },
                "uvCoordsNormalized": {
                    "x": 0.2173913043478261,
                    "y": 0.9999999999999999
                },
                "uvCoordsNormalizedYflipped": {
                    "x": 0.2173913043478261,
                    "y": 0.3571428571428572
                },
                "worldcoords": {
                    "x": 103.5,
                    "y": 749.9999999999999,
                    "z": 1149.8315217391303
                }
            },
            "centerPoint": {
                "imageCoords": {
                    "x": -1,
                    "y": -1
                },
                "uvCoords": {
                    "x": -1,
                    "y": -1
                },
                "uvCoordsNormalized": {
                    "x": 0.10869565217391305,
                    "y": 0.8214285714285714
                },
                "uvCoordsNormalizedYflipped": {
                    "x": 0.10869565217391305,
                    "y": 0.1785714285714286
                },
                "worldcoords": {
                    "x": 103.50892857142857,
                    "y": 705.3571428571428,
                    "z": 1225.6868322981366
                }
            },
            "imageFilename": "floor2/wall_24/IMG_7489.JPG",
            "imageHeight": 792,
            "imageIndex": 10,
            "imageWidth": 1188,
            "neighborImages": {
                "bottomImage": {
                    "distance": 1000000.0,
                    "pointIndex": -1
                },
                "leftImage": {
                    "distance": 1000000.0,
                    "pointIndex": -1
                },
                "rightImage": {
                    "distance": 1000000.0,
                    "pointIndex": -1
                },
                "topImage": {
                    "distance": 1000000.0,
                    "pointIndex": -1
                }
            },
            "originX": 0,
            "originY": 0,
            "tlPoint": {
                "imageCoords": {
                    "x": -1,
                    "y": -1
                },
                "uvCoords": {
                    "x": -1,
                    "y": -1
                },
                "uvCoordsNormalized": {
                    "x": 0.0,
                    "y": 0.6428571428571428
                },
                "uvCoordsNormalizedYflipped": {
                    "x": 0.0,
                    "y": 1.1102230246251565e-16
                },
                "worldcoords": {
                    "x": 103.51785714285714,
                    "y": 660.7142857142858,
                    "z": 1301.5421428571428
                }
            },
            "trPoint": {
                "imageCoords": {
                    "x": -1,
                    "y": -1
                },
                "uvCoords": {
                    "x": -1,
                    "y": -1
                },
                "uvCoordsNormalized": {
                    "x": 0.2173913043478261,
                    "y": 0.6428571428571428
                },
                "uvCoordsNormalizedYflipped": {
                    "x": 0.2173913043478261,
                    "y": 1.1102230246251565e-16
                },
                "worldcoords": {
                    "x": 103.51785714285714,
                    "y": 660.7142857142857,
                    "z": 1149.8136645962732
                }
            }
        },
        {
            "blPoint": {
                "imageCoords": {
                    "x": -1,
                    "y": -1
                },
                "uvCoords": {
                    "x": -1,
                    "y": -1
                },
                "uvCoordsNormalized": {
                    "x": 0.1956521739130435,
                    "y": 0.9999999999999999
                },
                "uvCoordsNormalizedYflipped": {
                    "x": 0.1956521739130435,
                    "y": 0.3571428571428572
                },
                "worldcoords": {
                    "x": 103.5,
                    "y": 750.0,
                    "z": 1165.0043695652173
                }
            },
            "brPoint": {
                "imageCoords": {
                    "x": -1,
                    "y": -1
                },
                "uvCoords": {
                    "x": -1,
                    "y": -1
                },
                "uvCoordsNormalized": {
                    "x": 0.4130434782608696,
                    "y": 0.9999999999999999
                },
                "uvCoordsNormalizedYflipped": {
                    "x": 0.4130434782608696,
                    "y": 0.3571428571428572
                },
                "worldcoords": {
                    "x": 103.5,
                    "y": 750.0,
                    "z": 1013.2758913043477
                }
            },
            "centerPoint": {
                "imageCoords": {
                    "x": -1,
                    "y": -1
                },
                "uvCoords": {
                    "x": -1,
                    "y": -1
                },
                "uvCoordsNormalized": {
                    "x": 0.30434782608695654,
                    "y": 0.8214285714285714
                },
                "uvCoordsNormalizedYflipped": {
                    "x": 0.30434782608695654,
                    "y": 0.1785714285714286
                },
                "worldcoords": {
                    "x": 103.50892857142857,
                    "y": 705.3571428571429,
                    "z": 1089.131201863354
                }
            },
            "imageFilename": "floor2/wall_24/IMG_7490.JPG",
            "imageHeight": 792,
            "imageIndex": 11,
            "imageWidth": 1188,
            "neighborImages": {
                "bottomImage": {
                    "distance": 1000000.0,
                    "pointIndex": -1
                },
                "leftImage": {
                    "distance": 1000000.0,
                    "pointIndex": -1
                },
                "rightImage": {
                    "distance": 1000000.0,
                    "pointIndex": -1
                },
                "topImage": {
                    "distance": 1000000.0,
                    "pointIndex": -1
                }
            },
            "originX": 0,
            "originY": 0,
            "tlPoint": {
                "imageCoords": {
                    "x": -1,
                    "y": -1
                },
                "uvCoords": {
                    "x": -1,
                    "y": -1
                },
                "uvCoordsNormalized": {
                    "x": 0.1956521739130435,
                    "y": 0.6428571428571428
                },
                "uvCoordsNormalizedYflipped": {
                    "x": 0.1956521739130435,
                    "y": 1.1102230246251565e-16
                },
                "worldcoords": {
                    "x": 103.51785714285714,
                    "y": 660.7142857142858,
                    "z": 1164.9865124223602
                }
            },
            "trPoint": {
                "imageCoords": {
                    "x": -1,
                    "y": -1
                },
                "uvCoords": {
                    "x": -1,
                    "y": -1
                },
                "uvCoordsNormalized": {
                    "x": 0.4130434782608696,
                    "y": 0.6428571428571428
                },
                "uvCoordsNormalizedYflipped": {
                    "x": 0.4130434782608696,
                    "y": 1.1102230246251565e-16
                },
                "worldcoords": {
                    "x": 103.51785714285714,
                    "y": 660.7142857142858,
                    "z": 1013.2580341614906
                }
            }
        },
        {
            "blPoint": {
                "imageCoords": {
                    "x": -1,
                    "y": -1
                },
                "uvCoords": {
                    "x": -1,
                    "y": -1
                },
                "uvCoordsNormalized": {
                    "x": 0.39130434782608703,
                    "y": 0.9999999999999999
                },
                "uvCoordsNormalizedYflipped": {
                    "x": 0.39130434782608703,
                    "y": 0.3571428571428572
                },
                "worldcoords": {
                    "x": 103.5,
                    "y": 750.0,
                    "z": 1028.4487391304347
                }
            },
            "brPoint": {
                "imageCoords": {
                    "x": -1,
                    "y": -1
                },
                "uvCoords": {
                    "x": -1,
                    "y": -1
                },
                "uvCoordsNormalized": {
                    "x": 0.6086956521739131,
                    "y": 0.9999999999999999
                },
                "uvCoordsNormalizedYflipped": {
                    "x": 0.6086956521739131,
                    "y": 0.3571428571428572
                },
                "worldcoords": {
                    "x": 103.5,
                    "y": 750.0,
                    "z": 876.7202608695652
                }
            },
            "centerPoint": {
                "imageCoords": {
                    "x": -1,
                    "y": -1
                },
                "uvCoords": {
                    "x": -1,
                    "y": -1
                },
                "uvCoordsNormalized": {
                    "x": 0.5000000000000001,
                    "y": 0.8214285714285714
                },
                "uvCoordsNormalizedYflipped": {
                    "x": 0.5000000000000001,
                    "y": 0.1785714285714286
                },
                "worldcoords": {
                    "x": 103.50892857142857,
                    "y": 705.3571428571428,
                    "z": 952.5755714285713
                }
            },
            "imageFilename": "floor2/wall_24/IMG_7491.JPG",
            "imageHeight": 792,
            "imageIndex": 12,
            "imageWidth": 1188,
            "neighborImages": {
                "bottomImage": {
                    "distance": 1000000.0,
                    "pointIndex": -1
                },
                "leftImage": {
                    "distance": 1000000.0,
                    "pointIndex": -1
                },
                "rightImage": {
                    "distance": 1000000.0,
                    "pointIndex": -1
                },
                "topImage": {
                    "distance": 1000000.0,
                    "pointIndex": -1
                }
            },
            "originX": 0,
            "originY": 0,
            "tlPoint": {
                "imageCoords": {
                    "x": -1,
                    "y": -1
                },
                "uvCoords": {
                    "x": -1,
                    "y": -1
                },
                "uvCoordsNormalized": {
                    "x": 0.39130434782608703,
                    "y": 0.6428571428571428
                },
                "uvCoordsNormalizedYflipped": {
                    "x": 0.39130434782608703,
                    "y": 1.1102230246251565e-16
                },
                "worldcoords": {
                    "x": 103.51785714285714,
                    "y": 660.7142857142857,
                    "z": 1028.4308819875775
                }
            },
            "trPoint": {
                "imageCoords": {
                    "x": -1,
                    "y": -1
                },
                "uvCoords": {
                    "x": -1,
                    "y": -1
                },
                "uvCoordsNormalized": {
                    "x": 0.6086956521739131,
                    "y": 0.6428571428571428
                },
                "uvCoordsNormalizedYflipped": {
                    "x": 0.6086956521739131,
                    "y": 1.1102230246251565e-16
                },
                "worldcoords": {
                    "x": 103.51785714285714,
                    "y": 660.7142857142858,
                    "z": 876.7024037267081
                }
            }
        },
        {
            "blPoint": {
                "imageCoords": {
                    "x": -1,
                    "y": -1
                },
                "uvCoords": {
                    "x": -1,
                    "y": -1
                },
                "uvCoordsNormalized": {
                    "x": 0.5869565217391305,
                    "y": 0.9999999999999999
                },
                "uvCoordsNormalizedYflipped": {
                    "x": 0.5869565217391305,
                    "y": 0.3571428571428572
                },
                "worldcoords": {
                    "x": 103.5,
                    "y": 750.0,
                    "z": 891.8931086956522
                }
            },
            "brPoint": {
                "imageCoords": {
                    "x": -1,
                    "y": -1
                },
                "uvCoords": {
                    "x": -1,
                    "y": -1
                },
                "uvCoordsNormalized": {
                    "x": 0.8043478260869565,
                    "y": 0.9999999999999999
                },
                "uvCoordsNormalizedYflipped": {
                    "x": 0.8043478260869565,
                    "y": 0.3571428571428572
                },
                "worldcoords": {
                    "x": 103.5,
                    "y": 749.9999999999999,
                    "z": 740.1646304347827
                }
            },
            "centerPoint": {
                "imageCoords": {
                    "x": -1,
                    "y": -1
                },
                "uvCoords": {
                    "x": -1,
                    "y": -1
                },
                "uvCoordsNormalized": {
                    "x": 0.6956521739130436,
                    "y": 0.8214285714285714
                },
                "uvCoordsNormalizedYflipped": {
                    "x": 0.6956521739130436,
                    "y": 0.1785714285714286
                },
                "worldcoords": {
                    "x": 103.50892857142857,
                    "y": 705.3571428571429,
                    "z": 816.0199409937887
                }
            },
            "imageFilename": "floor2/wall_24/IMG_7492.JPG",
            "imageHeight": 792,
            "imageIndex": 13,
            "imageWidth": 1188,
            "neighborImages": {
                "bottomImage": {
                    "distance": 1000000.0,
                    "pointIndex": -1
                },
                "leftImage": {
                    "distance": 1000000.0,
                    "pointIndex": -1
                },
                "rightImage": {
                    "distance": 1000000.0,
                    "pointIndex": -1
                },
                "topImage": {
                    "distance": 1000000.0,
                    "pointIndex": -1
                }
            },
            "originX": 0,
            "originY": 0,
            "tlPoint": {
                "imageCoords": {
                    "x": -1,
                    "y": -1
                },
                "uvCoords": {
                    "x": -1,
                    "y": -1
                },
                "uvCoordsNormalized": {
                    "x": 0.5869565217391305,
                    "y": 0.6428571428571428
                },
                "uvCoordsNormalizedYflipped": {
                    "x": 0.5869565217391305,
                    "y": 1.1102230246251565e-16
                },
                "worldcoords": {
                    "x": 103.51785714285714,
                    "y": 660.7142857142857,
                    "z": 891.8752515527949
                }
            },
            "trPoint": {
                "imageCoords": {
                    "x": -1,
                    "y": -1
                },
                "uvCoords": {
                    "x": -1,
                    "y": -1
                },
                "uvCoordsNormalized": {
                    "x": 0.8043478260869565,
                    "y": 0.6428571428571428
                },
                "uvCoordsNormalizedYflipped": {
                    "x": 0.8043478260869565,
                    "y": 1.1102230246251565e-16
                },
                "worldcoords": {
                    "x": 103.50978260869564,
                    "y": 660.7142857142858,
                    "z": 740.1467732919255
                }
            }
        },
        {
            "blPoint": {
                "imageCoords": {
                    "x": -1,
                    "y": -1
                },
                "uvCoords": {
                    "x": -1,
                    "y": -1
                },
                "uvCoordsNormalized": {
                    "x": 0.7826086956521741,
                    "y": 0.9999999999999999
                },
                "uvCoordsNormalizedYflipped": {
                    "x": 0.7826086956521741,
                    "y": 0.3571428571428572
                },
                "worldcoords": {
                    "x": 103.5,
                    "y": 749.9999999999999,
                    "z": 755.3374782608695
                }
            },
            "brPoint": {
                "imageCoords": {
                    "x": -1,
                    "y": -1
                },
                "uvCoords": {
                    "x": -1,
                    "y": -1
                },
                "uvCoordsNormalized": {
                    "x": 1,
                    "y": 0.9999999999999999
                },
                "uvCoordsNormalizedYflipped": {
                    "x": 1,
                    "y": 0.3571428571428572
                },
                "worldcoords": {
                    "x": 103.5,
                    "y": 749.9999999999999,
                    "z": 603.609
                }
            },
            "centerPoint": {
                "imageCoords": {
                    "x": -1,
                    "y": -1
                },
                "uvCoords": {
                    "x": -1,
                    "y": -1
                },
                "uvCoordsNormalized": {
                    "x": 0.8913043478260871,
                    "y": 0.8214285714285714
                },
                "uvCoordsNormalizedYflipped": {
                    "x": 0.8913043478260871,
                    "y": 0.1785714285714286
                },
                "worldcoords": {
                    "x": 103.50543478260869,
                    "y": 705.3571428571429,
                    "z": 679.4643105590061
                }
            },
            "imageFilename": "floor2/wall_24/IMG_7493.JPG",
            "imageHeight": 792,
            "imageIndex": 14,
            "imageWidth": 1188,
            "neighborImages": {
                "bottomImage": {
                    "distance": 1000000.0,
                    "pointIndex": -1
                },
                "leftImage": {
                    "distance": 1000000.0,
                    "pointIndex": -1
                },
                "rightImage": {
                    "distance": 1000000.0,
                    "pointIndex": -1
                },
                "topImage": {
                    "distance": 1000000.0,
                    "pointIndex": -1
                }
            },
            "originX": 0,
            "originY": 0,
            "tlPoint": {
                "imageCoords": {
                    "x": -1,
                    "y": -1
                },
                "uvCoords": {
                    "x": -1,
                    "y": -1
                },
                "uvCoordsNormalized": {
                    "x": 0.7826086956521741,
                    "y": 0.6428571428571428
                },
                "uvCoordsNormalizedYflipped": {
                    "x": 0.7826086956521741,
                    "y": 1.1102230246251565e-16
                },
                "worldcoords": {
                    "x": 103.51086956521739,
                    "y": 660.7142857142858,
                    "z": 755.3196211180123
                }
            },
            "trPoint": {
                "imageCoords": {
                    "x": -1,
                    "y": -1
                },
                "uvCoords": {
                    "x": -1,
                    "y": -1
                },
                "uvCoordsNormalized": {
                    "x": 1,
                    "y": 0.6428571428571428
                },
                "uvCoordsNormalizedYflipped": {
                    "x": 1,
                    "y": 1.1102230246251565e-16
                },
                "worldcoords": {
                    "x": 103.5,
                    "y": 660.7142857142858,
                    "z": 603.5911428571428
                }
            }
        }
    ],
    "materialIndex": 33,
    "materialName": "./floor2/wall_24/flatten_canvas.resized.jpg",
    "overviewImageInfo": {
        "blPoint": {
            "imageCoords": {
                "x": 0,
                "y": 2216
            },
            "uvCoords": {
                "x": -1,
                "y": -1
            },
            "uvCoordsNormalized": {
                "x": 0,
                "y": 1
            },
            "uvCoordsNormalizedYflipped": {
                "x": -1,
                "y": -1
            },
            "worldcoords": {
                "x": 103.5,
                "y": 750.0,
                "z": 1301.56
            }
        },
        "brPoint": {
            "imageCoords": {
                "x": 5463,
                "y": 2216
            },
            "uvCoords": {
                "x": -1,
                "y": -1
            },
            "uvCoordsNormalized": {
                "x": 1,
                "y": 1
            },
            "uvCoordsNormalizedYflipped": {
                "x": -1,
                "y": -1
            },
            "worldcoords": {
                "x": 103.5,
                "y": 750.0,
                "z": 603.609
            }
        },
        "centerPoint": {
            "imageCoords": {
                "x": 2732,
                "y": 1108
            },
            "uvCoords": {
                "x": -1,
                "y": -1
            },
            "uvCoordsNormalized": {
                "x": -1,
                "y": -1
            },
            "uvCoordsNormalizedYflipped": {
                "x": -1,
                "y": -1
            },
            "worldcoords": {
                "x": 0,
                "y": 0,
                "z": 0
            }
        },
        "imageFilename": "NA",
        "imageHeight": 2217,
        "imageIndex": 0,
        "imageWidth": 5464,
        "neighborImages": {
            "bottomImage": {
                "distance": 1000000.0,
                "pointIndex": -1
            },
            "leftImage": {
                "distance": 1000000.0,
                "pointIndex": -1
            },
            "rightImage": {
                "distance": 1000000.0,
                "pointIndex": -1
            },
            "topImage": {
                "distance": 1000000.0,
                "pointIndex": -1
            }
        },
        "originX": 0,
        "originY": 0,
        "tlPoint": {
            "imageCoords": {
                "x": -1,
                "y": -1
            },
            "uvCoords": {
                "x": -1,
                "y": -1
            },
            "uvCoordsNormalized": {
                "x": 0,
                "y": 0
            },
            "uvCoordsNormalizedYflipped": {
                "x": -1,
                "y": -1
            },
            "worldcoords": {
                "x": 103.55,
                "y": 500.0,
                "z": 1301.51
            }
        },
        "trPoint": {
            "imageCoords": {
                "x": 5463,
                "y": 0
            },
            "uvCoords": {
                "x": -1,
                "y": -1
            },
            "uvCoordsNormalized": {
                "x": 1,
                "y": 0
            },
            "uvCoordsNormalizedYflipped": {
                "x": -1,
                "y": -1
            },
            "worldcoords": {
                "x": 103.5,
                "y": 500.0,
                "z": 603.559
            }
        }
    }
}