{
    "imagesInfo": [
        {
            "blPoint": {
                "imageCoords": {
                    "x": -1,
                    "y": -1
                },
                "uvCoords": {
                    "x": -1,
                    "y": -1
                },
                "uvCoordsNormalized": {
                    "x": 0.0,
                    "y": 0.5263157894736843
                },
                "uvCoordsNormalizedYflipped": {
                    "x": 0.0,
                    "y": 1.0
                },
                "worldcoords": {
                    "x": 175.5263157894737,
                    "y": 631.578947368421,
                    "z": 103.559
                }
            },
            "brPoint": {
                "imageCoords": {
                    "x": -1,
                    "y": -1
                },
                "uvCoords": {
                    "x": -1,
                    "y": -1
                },
                "uvCoordsNormalized": {
                    "x": 1.0,
                    "y": 0.5263157894736843
                },
                "uvCoordsNormalizedYflipped": {
                    "x": 1.0,
                    "y": 1.0
                },
                "worldcoords": {
                    "x": 503.45,
                    "y": 631.578947368421,
                    "z": 103.559
                }
            },
            "centerPoint": {
                "imageCoords": {
                    "x": -1,
                    "y": -1
                },
                "uvCoords": {
                    "x": -1,
                    "y": -1
                },
                "uvCoordsNormalized": {
                    "x": 0.5,
                    "y": 0.26315789473684215
                },
                "uvCoordsNormalizedYflipped": {
                    "x": 0.5,
                    "y": 0.7368421052631579
                },
                "worldcoords": {
                    "x": 339.475,
                    "y": 565.7894736842106,
                    "z": 103.559
                }
            },
            "imageFilename": "floor2/wall_33/IMG_7531.JPG",
            "imageHeight": 792,
            "imageIndex": 0,
            "imageWidth": 1188,
            "neighborImages": {
                "bottomImage": {
                    "distance": 1000000.0,
                    "pointIndex": -1
                },
                "leftImage": {
                    "distance": 1000000.0,
                    "pointIndex": -1
                },
                "rightImage": {
                    "distance": 1000000.0,
                    "pointIndex": -1
                },
                "topImage": {
                    "distance": 1000000.0,
                    "pointIndex": -1
                }
            },
            "originX": 0,
            "originY": 0,
            "tlPoint": {
                "imageCoords": {
                    "x": -1,
                    "y": -1
                },
                "uvCoords": {
                    "x": -1,
                    "y": -1
                },
                "uvCoordsNormalized": {
                    "x": 0.0,
                    "y": 5.551115123125783e-17
                },
                "uvCoordsNormalizedYflipped": {
                    "x": 0.0,
                    "y": 0.4736842105263157
                },
                "worldcoords": {
                    "x": 175.5,
                    "y": 500.00000000000006,
                    "z": 103.559
                }
            },
            "trPoint": {
                "imageCoords": {
                    "x": -1,
                    "y": -1
                },
                "uvCoords": {
                    "x": -1,
                    "y": -1
                },
                "uvCoordsNormalized": {
                    "x": 1.0,
                    "y": 5.551115123125783e-17
                },
                "uvCoordsNormalizedYflipped": {
                    "x": 1.0,
                    "y": 0.4736842105263157
                },
                "worldcoords": {
                    "x": 503.45,
                    "y": 500.00000000000006,
                    "z": 103.559
                }
            }
        },
        {
            "blPoint": {
                "imageCoords": {
                    "x": -1,
                    "y": -1
                },
                "uvCoords": {
                    "x": -1,
                    "y": -1
                },
                "uvCoordsNormalized": {
                    "x": 0.0,
                    "y": 1.0
                },
                "uvCoordsNormalizedYflipped": {
                    "x": 0.0,
                    "y": 0.5263157894736841
                },
                "worldcoords": {
                    "x": 175.55,
                    "y": 750.0,
                    "z": 103.559
                }
            },
            "brPoint": {
                "imageCoords": {
                    "x": -1,
                    "y": -1
                },
                "uvCoords": {
                    "x": -1,
                    "y": -1
                },
                "uvCoordsNormalized": {
                    "x": 1.0,
                    "y": 1.0
                },
                "uvCoordsNormalizedYflipped": {
                    "x": 1.0,
                    "y": 0.5263157894736841
                },
                "worldcoords": {
                    "x": 503.45,
                    "y": 750.0,
                    "z": 103.559
                }
            },
            "centerPoint": {
                "imageCoords": {
                    "x": -1,
                    "y": -1
                },
                "uvCoords": {
                    "x": -1,
                    "y": -1
                },
                "uvCoordsNormalized": {
                    "x": 0.5,
                    "y": 0.736842105263158
                },
                "uvCoordsNormalizedYflipped": {
                    "x": 0.5,
                    "y": 0.26315789473684204
                },
                "worldcoords": {
                    "x": 339.4868421052631,
                    "y": 684.2105263157895,
                    "z": 103.559
                }
            },
            "imageFilename": "floor2/wall_33/IMG_7532.JPG",
            "imageHeight": 792,
            "imageIndex": 1,
            "imageWidth": 1188,
            "neighborImages": {
                "bottomImage": {
                    "distance": 1000000.0,
                    "pointIndex": -1
                },
                "leftImage": {
                    "distance": 1000000.0,
                    "pointIndex": -1
                },
                "rightImage": {
                    "distance": 1000000.0,
                    "pointIndex": -1
                },
                "topImage": {
                    "distance": 1000000.0,
                    "pointIndex": -1
                }
            },
            "originX": 0,
            "originY": 0,
            "tlPoint": {
                "imageCoords": {
                    "x": -1,
                    "y": -1
                },
                "uvCoords": {
                    "x": -1,
                    "y": -1
                },
                "uvCoordsNormalized": {
                    "x": 0.0,
                    "y": 0.4736842105263159
                },
                "uvCoordsNormalizedYflipped": {
                    "x": 0.0,
                    "y": 0.0
                },
                "worldcoords": {
                    "x": 175.5236842105263,
                    "y": 618.421052631579,
                    "z": 103.559
                }
            },
            "trPoint": {
                "imageCoords": {
                    "x": -1,
                    "y": -1
                },
                "uvCoords": {
                    "x": -1,
                    "y": -1
                },
                "uvCoordsNormalized": {
                    "x": 1.0,
                    "y": 0.4736842105263159
                },
                "uvCoordsNormalizedYflipped": {
                    "x": 1.0,
                    "y": 0.0
                },
                "worldcoords": {
                    "x": 503.44999999999993,
                    "y": 618.421052631579,
                    "z": 103.559
                }
            }
        }
    ],
    "materialIndex": 36,
    "materialName": "./floor2/wall_33/flatten_canvas.resized.jpg",
    "overviewImageInfo": {
        "blPoint": {
            "imageCoords": {
                "x": 0,
                "y": 1503
            },
            "uvCoords": {
                "x": -1,
                "y": -1
            },
            "uvCoordsNormalized": {
                "x": 0,
                "y": 1
            },
            "uvCoordsNormalizedYflipped": {
                "x": -1,
                "y": -1
            },
            "worldcoords": {
                "x": 175.55,
                "y": 750.0,
                "z": 103.559
            }
        },
        "brPoint": {
            "imageCoords": {
                "x": 1187,
                "y": 1503
            },
            "uvCoords": {
                "x": -1,
                "y": -1
            },
            "uvCoordsNormalized": {
                "x": 1,
                "y": 1
            },
            "uvCoordsNormalizedYflipped": {
                "x": -1,
                "y": -1
            },
            "worldcoords": {
                "x": 503.45,
                "y": 750.0,
                "z": 103.559
            }
        },
        "centerPoint": {
            "imageCoords": {
                "x": 594,
                "y": 752
            },
            "uvCoords": {
                "x": -1,
                "y": -1
            },
            "uvCoordsNormalized": {
                "x": -1,
                "y": -1
            },
            "uvCoordsNormalizedYflipped": {
                "x": -1,
                "y": -1
            },
            "worldcoords": {
                "x": 0,
                "y": 0,
                "z": 0
            }
        },
        "imageFilename": "NA",
        "imageHeight": 1504,
        "imageIndex": 0,
        "imageWidth": 1188,
        "neighborImages": {
            "bottomImage": {
                "distance": 1000000.0,
                "pointIndex": -1
            },
            "leftImage": {
                "distance": 1000000.0,
                "pointIndex": -1
            },
            "rightImage": {
                "distance": 1000000.0,
                "pointIndex": -1
            },
            "topImage": {
                "distance": 1000000.0,
                "pointIndex": -1
            }
        },
        "originX": 0,
        "originY": 0,
        "tlPoint": {
            "imageCoords": {
                "x": -1,
                "y": -1
            },
            "uvCoords": {
                "x": -1,
                "y": -1
            },
            "uvCoordsNormalized": {
                "x": 0,
                "y": 0
            },
            "uvCoordsNormalizedYflipped": {
                "x": -1,
                "y": -1
            },
            "worldcoords": {
                "x": 175.5,
                "y": 500.0,
                "z": 103.559
            }
        },
        "trPoint": {
            "imageCoords": {
                "x": 1187,
                "y": 0
            },
            "uvCoords": {
                "x": -1,
                "y": -1
            },
            "uvCoordsNormalized": {
                "x": 1,
                "y": 0
            },
            "uvCoordsNormalizedYflipped": {
                "x": -1,
                "y": -1
            },
            "worldcoords": {
                "x": 503.45,
                "y": 500.0,
                "z": 103.559
            }
        }
    }
}