{
    "imagesInfo": [
        {
            "blPoint": {
                "imageCoords": {
                    "x": -1,
                    "y": -1
                },
                "uvCoords": {
                    "x": -1,
                    "y": -1
                },
                "uvCoordsNormalized": {
                    "x": 0.0,
                    "y": 0.35714285714285715
                },
                "uvCoordsNormalizedYflipped": {
                    "x": 0.0,
                    "y": 1.0
                },
                "worldcoords": {
                    "x": 1551.45,
                    "y": 339.2857142857143,
                    "z": 103.55899999999998
                }
            },
            "brPoint": {
                "imageCoords": {
                    "x": -1,
                    "y": -1
                },
                "uvCoords": {
                    "x": -1,
                    "y": -1
                },
                "uvCoordsNormalized": {
                    "x": 0.2173913043478261,
                    "y": 0.35714285714285715
                },
                "uvCoordsNormalizedYflipped": {
                    "x": 0.2173913043478261,
                    "y": 1.0
                },
                "worldcoords": {
                    "x": 1551.4499999999998,
                    "y": 339.2857142857143,
                    "z": 222.24378260869565
                }
            },
            "centerPoint": {
                "imageCoords": {
                    "x": -1,
                    "y": -1
                },
                "uvCoords": {
                    "x": -1,
                    "y": -1
                },
                "uvCoordsNormalized": {
                    "x": 0.10869565217391305,
                    "y": 0.1785714285714286
                },
                "uvCoordsNormalizedYflipped": {
                    "x": 0.10869565217391305,
                    "y": 0.8214285714285714
                },
                "worldcoords": {
                    "x": 1551.45,
                    "y": 294.64285714285717,
                    "z": 162.90139130434784
                }
            },
            "imageFilename": "floor1/wall_22/IMG_7306.JPG",
            "imageHeight": 792,
            "imageIndex": 0,
            "imageWidth": 1188,
            "neighborImages": {
                "bottomImage": {
                    "distance": 1000000.0,
                    "pointIndex": -1
                },
                "leftImage": {
                    "distance": 1000000.0,
                    "pointIndex": -1
                },
                "rightImage": {
                    "distance": 1000000.0,
                    "pointIndex": -1
                },
                "topImage": {
                    "distance": 1000000.0,
                    "pointIndex": -1
                }
            },
            "originX": 0,
            "originY": 0,
            "tlPoint": {
                "imageCoords": {
                    "x": -1,
                    "y": -1
                },
                "uvCoords": {
                    "x": -1,
                    "y": -1
                },
                "uvCoordsNormalized": {
                    "x": 0.0,
                    "y": 5.551115123125783e-17
                },
                "uvCoordsNormalizedYflipped": {
                    "x": 0.0,
                    "y": 0.6428571428571428
                },
                "worldcoords": {
                    "x": 1551.45,
                    "y": 250.00000000000003,
                    "z": 103.559
                }
            },
            "trPoint": {
                "imageCoords": {
                    "x": -1,
                    "y": -1
                },
                "uvCoords": {
                    "x": -1,
                    "y": -1
                },
                "uvCoordsNormalized": {
                    "x": 0.2173913043478261,
                    "y": 5.551115123125783e-17
                },
                "uvCoordsNormalizedYflipped": {
                    "x": 0.2173913043478261,
                    "y": 0.6428571428571428
                },
                "worldcoords": {
                    "x": 1551.4608695652173,
                    "y": 250.00000000000003,
                    "z": 222.25465217391303
                }
            }
        },
        {
            "blPoint": {
                "imageCoords": {
                    "x": -1,
                    "y": -1
                },
                "uvCoords": {
                    "x": -1,
                    "y": -1
                },
                "uvCoordsNormalized": {
                    "x": 0.1956521739130435,
                    "y": 0.35714285714285715
                },
                "uvCoordsNormalizedYflipped": {
                    "x": 0.1956521739130435,
                    "y": 1.0
                },
                "worldcoords": {
                    "x": 1551.4499999999998,
                    "y": 339.2857142857143,
                    "z": 210.37530434782605
                }
            },
            "brPoint": {
                "imageCoords": {
                    "x": -1,
                    "y": -1
                },
                "uvCoords": {
                    "x": -1,
                    "y": -1
                },
                "uvCoordsNormalized": {
                    "x": 0.4130434782608696,
                    "y": 0.35714285714285715
                },
                "uvCoordsNormalizedYflipped": {
                    "x": 0.4130434782608696,
                    "y": 1.0
                },
                "worldcoords": {
                    "x": 1551.452795031056,
                    "y": 339.28571428571433,
                    "z": 329.06288198757767
                }
            },
            "centerPoint": {
                "imageCoords": {
                    "x": -1,
                    "y": -1
                },
                "uvCoords": {
                    "x": -1,
                    "y": -1
                },
                "uvCoordsNormalized": {
                    "x": 0.30434782608695654,
                    "y": 0.1785714285714286
                },
                "uvCoordsNormalizedYflipped": {
                    "x": 0.30434782608695654,
                    "y": 0.8214285714285714
                },
                "worldcoords": {
                    "x": 1551.456288819876,
                    "y": 294.64285714285717,
                    "z": 269.7239844720497
                }
            },
            "imageFilename": "floor1/wall_22/IMG_7307.JPG",
            "imageHeight": 792,
            "imageIndex": 1,
            "imageWidth": 1188,
            "neighborImages": {
                "bottomImage": {
                    "distance": 1000000.0,
                    "pointIndex": -1
                },
                "leftImage": {
                    "distance": 1000000.0,
                    "pointIndex": -1
                },
                "rightImage": {
                    "distance": 1000000.0,
                    "pointIndex": -1
                },
                "topImage": {
                    "distance": 1000000.0,
                    "pointIndex": -1
                }
            },
            "originX": 0,
            "originY": 0,
            "tlPoint": {
                "imageCoords": {
                    "x": -1,
                    "y": -1
                },
                "uvCoords": {
                    "x": -1,
                    "y": -1
                },
                "uvCoordsNormalized": {
                    "x": 0.1956521739130435,
                    "y": 5.551115123125783e-17
                },
                "uvCoordsNormalizedYflipped": {
                    "x": 0.1956521739130435,
                    "y": 0.6428571428571428
                },
                "worldcoords": {
                    "x": 1551.4597826086956,
                    "y": 250.00000000000003,
                    "z": 210.38508695652175
                }
            },
            "trPoint": {
                "imageCoords": {
                    "x": -1,
                    "y": -1
                },
                "uvCoords": {
                    "x": -1,
                    "y": -1
                },
                "uvCoordsNormalized": {
                    "x": 0.4130434782608696,
                    "y": 5.551115123125783e-17
                },
                "uvCoordsNormalizedYflipped": {
                    "x": 0.4130434782608696,
                    "y": 0.6428571428571428
                },
                "worldcoords": {
                    "x": 1551.470652173913,
                    "y": 250.00000000000003,
                    "z": 329.0807391304348
                }
            }
        },
        {
            "blPoint": {
                "imageCoords": {
                    "x": -1,
                    "y": -1
                },
                "uvCoords": {
                    "x": -1,
                    "y": -1
                },
                "uvCoordsNormalized": {
                    "x": 0.39130434782608703,
                    "y": 0.35714285714285715
                },
                "uvCoordsNormalizedYflipped": {
                    "x": 0.39130434782608703,
                    "y": 1.0
                },
                "worldcoords": {
                    "x": 1551.451708074534,
                    "y": 339.2857142857143,
                    "z": 317.19331677018636
                }
            },
            "brPoint": {
                "imageCoords": {
                    "x": -1,
                    "y": -1
                },
                "uvCoords": {
                    "x": -1,
                    "y": -1
                },
                "uvCoordsNormalized": {
                    "x": 0.6086956521739131,
                    "y": 0.35714285714285715
                },
                "uvCoordsNormalizedYflipped": {
                    "x": 0.6086956521739131,
                    "y": 1.0
                },
                "worldcoords": {
                    "x": 1551.4625776397515,
                    "y": 339.2857142857143,
                    "z": 435.88896894409936
                }
            },
            "centerPoint": {
                "imageCoords": {
                    "x": -1,
                    "y": -1
                },
                "uvCoords": {
                    "x": -1,
                    "y": -1
                },
                "uvCoordsNormalized": {
                    "x": 0.5000000000000001,
                    "y": 0.1785714285714286
                },
                "uvCoordsNormalizedYflipped": {
                    "x": 0.5000000000000001,
                    "y": 0.8214285714285714
                },
                "worldcoords": {
                    "x": 1551.4660714285712,
                    "y": 294.6428571428571,
                    "z": 376.55007142857147
                }
            },
            "imageFilename": "floor1/wall_22/IMG_7308.JPG",
            "imageHeight": 792,
            "imageIndex": 2,
            "imageWidth": 1188,
            "neighborImages": {
                "bottomImage": {
                    "distance": 1000000.0,
                    "pointIndex": -1
                },
                "leftImage": {
                    "distance": 1000000.0,
                    "pointIndex": -1
                },
                "rightImage": {
                    "distance": 1000000.0,
                    "pointIndex": -1
                },
                "topImage": {
                    "distance": 1000000.0,
                    "pointIndex": -1
                }
            },
            "originX": 0,
            "originY": 0,
            "tlPoint": {
                "imageCoords": {
                    "x": -1,
                    "y": -1
                },
                "uvCoords": {
                    "x": -1,
                    "y": -1
                },
                "uvCoordsNormalized": {
                    "x": 0.39130434782608703,
                    "y": 5.551115123125783e-17
                },
                "uvCoordsNormalizedYflipped": {
                    "x": 0.39130434782608703,
                    "y": 0.6428571428571428
                },
                "worldcoords": {
                    "x": 1551.4695652173914,
                    "y": 250.00000000000003,
                    "z": 317.2111739130435
                }
            },
            "trPoint": {
                "imageCoords": {
                    "x": -1,
                    "y": -1
                },
                "uvCoords": {
                    "x": -1,
                    "y": -1
                },
                "uvCoordsNormalized": {
                    "x": 0.6086956521739131,
                    "y": 5.551115123125783e-17
                },
                "uvCoordsNormalizedYflipped": {
                    "x": 0.6086956521739131,
                    "y": 0.6428571428571428
                },
                "worldcoords": {
                    "x": 1551.4804347826087,
                    "y": 250.00000000000003,
                    "z": 435.9068260869566
                }
            }
        },
        {
            "blPoint": {
                "imageCoords": {
                    "x": -1,
                    "y": -1
                },
                "uvCoords": {
                    "x": -1,
                    "y": -1
                },
                "uvCoordsNormalized": {
                    "x": 0.5869565217391305,
                    "y": 0.35714285714285715
                },
                "uvCoordsNormalizedYflipped": {
                    "x": 0.5869565217391305,
                    "y": 1.0
                },
                "worldcoords": {
                    "x": 1551.4614906832298,
                    "y": 339.2857142857143,
                    "z": 424.0194037267081
                }
            },
            "brPoint": {
                "imageCoords": {
                    "x": -1,
                    "y": -1
                },
                "uvCoords": {
                    "x": -1,
                    "y": -1
                },
                "uvCoordsNormalized": {
                    "x": 0.8043478260869565,
                    "y": 0.35714285714285715
                },
                "uvCoordsNormalizedYflipped": {
                    "x": 0.8043478260869565,
                    "y": 1.0
                },
                "worldcoords": {
                    "x": 1551.472360248447,
                    "y": 339.2857142857143,
                    "z": 542.7150559006211
                }
            },
            "centerPoint": {
                "imageCoords": {
                    "x": -1,
                    "y": -1
                },
                "uvCoords": {
                    "x": -1,
                    "y": -1
                },
                "uvCoordsNormalized": {
                    "x": 0.6956521739130436,
                    "y": 0.1785714285714286
                },
                "uvCoordsNormalizedYflipped": {
                    "x": 0.6956521739130436,
                    "y": 0.8214285714285714
                },
                "worldcoords": {
                    "x": 1551.475854037267,
                    "y": 294.6428571428571,
                    "z": 483.3761583850932
                }
            },
            "imageFilename": "floor1/wall_22/IMG_7309.JPG",
            "imageHeight": 792,
            "imageIndex": 3,
            "imageWidth": 1188,
            "neighborImages": {
                "bottomImage": {
                    "distance": 1000000.0,
                    "pointIndex": -1
                },
                "leftImage": {
                    "distance": 1000000.0,
                    "pointIndex": -1
                },
                "rightImage": {
                    "distance": 1000000.0,
                    "pointIndex": -1
                },
                "topImage": {
                    "distance": 1000000.0,
                    "pointIndex": -1
                }
            },
            "originX": 0,
            "originY": 0,
            "tlPoint": {
                "imageCoords": {
                    "x": -1,
                    "y": -1
                },
                "uvCoords": {
                    "x": -1,
                    "y": -1
                },
                "uvCoordsNormalized": {
                    "x": 0.5869565217391305,
                    "y": 5.551115123125783e-17
                },
                "uvCoordsNormalizedYflipped": {
                    "x": 0.5869565217391305,
                    "y": 0.6428571428571428
                },
                "worldcoords": {
                    "x": 1551.4793478260872,
                    "y": 250.00000000000003,
                    "z": 424.0372608695653
                }
            },
            "trPoint": {
                "imageCoords": {
                    "x": -1,
                    "y": -1
                },
                "uvCoords": {
                    "x": -1,
                    "y": -1
                },
                "uvCoordsNormalized": {
                    "x": 0.8043478260869565,
                    "y": 5.551115123125783e-17
                },
                "uvCoordsNormalizedYflipped": {
                    "x": 0.8043478260869565,
                    "y": 0.6428571428571428
                },
                "worldcoords": {
                    "x": 1551.4902173913042,
                    "y": 250.00000000000003,
                    "z": 542.7329130434782
                }
            }
        },
        {
            "blPoint": {
                "imageCoords": {
                    "x": -1,
                    "y": -1
                },
                "uvCoords": {
                    "x": -1,
                    "y": -1
                },
                "uvCoordsNormalized": {
                    "x": 0.7826086956521741,
                    "y": 0.35714285714285715
                },
                "uvCoordsNormalizedYflipped": {
                    "x": 0.7826086956521741,
                    "y": 1.0
                },
                "worldcoords": {
                    "x": 1551.4712732919254,
                    "y": 339.28571428571433,
                    "z": 530.84549068323
                }
            },
            "brPoint": {
                "imageCoords": {
                    "x": -1,
                    "y": -1
                },
                "uvCoords": {
                    "x": -1,
                    "y": -1
                },
                "uvCoordsNormalized": {
                    "x": 1,
                    "y": 0.35714285714285715
                },
                "uvCoordsNormalizedYflipped": {
                    "x": 1,
                    "y": 1.0
                },
                "worldcoords": {
                    "x": 1551.4821428571427,
                    "y": 339.2857142857143,
                    "z": 649.5411428571427
                }
            },
            "centerPoint": {
                "imageCoords": {
                    "x": -1,
                    "y": -1
                },
                "uvCoords": {
                    "x": -1,
                    "y": -1
                },
                "uvCoordsNormalized": {
                    "x": 0.8913043478260871,
                    "y": 0.1785714285714286
                },
                "uvCoordsNormalizedYflipped": {
                    "x": 0.8913043478260871,
                    "y": 0.8214285714285714
                },
                "worldcoords": {
                    "x": 1551.4856366459626,
                    "y": 294.64285714285717,
                    "z": 590.202245341615
                }
            },
            "imageFilename": "floor1/wall_22/IMG_7310.JPG",
            "imageHeight": 792,
            "imageIndex": 4,
            "imageWidth": 1188,
            "neighborImages": {
                "bottomImage": {
                    "distance": 1000000.0,
                    "pointIndex": -1
                },
                "leftImage": {
                    "distance": 1000000.0,
                    "pointIndex": -1
                },
                "rightImage": {
                    "distance": 1000000.0,
                    "pointIndex": -1
                },
                "topImage": {
                    "distance": 1000000.0,
                    "pointIndex": -1
                }
            },
            "originX": 0,
            "originY": 0,
            "tlPoint": {
                "imageCoords": {
                    "x": -1,
                    "y": -1
                },
                "uvCoords": {
                    "x": -1,
                    "y": -1
                },
                "uvCoordsNormalized": {
                    "x": 0.7826086956521741,
                    "y": 5.551115123125783e-17
                },
                "uvCoordsNormalizedYflipped": {
                    "x": 0.7826086956521741,
                    "y": 0.6428571428571428
                },
                "worldcoords": {
                    "x": 1551.4891304347825,
                    "y": 250.00000000000003,
                    "z": 530.863347826087
                }
            },
            "trPoint": {
                "imageCoords": {
                    "x": -1,
                    "y": -1
                },
                "uvCoords": {
                    "x": -1,
                    "y": -1
                },
                "uvCoordsNormalized": {
                    "x": 1,
                    "y": 5.551115123125783e-17
                },
                "uvCoordsNormalizedYflipped": {
                    "x": 1,
                    "y": 0.6428571428571428
                },
                "worldcoords": {
                    "x": 1551.5,
                    "y": 250.00000000000003,
                    "z": 649.559
                }
            }
        },
        {
            "blPoint": {
                "imageCoords": {
                    "x": -1,
                    "y": -1
                },
                "uvCoords": {
                    "x": -1,
                    "y": -1
                },
                "uvCoordsNormalized": {
                    "x": 0.7826086956521741,
                    "y": 0.6785714285714286
                },
                "uvCoordsNormalizedYflipped": {
                    "x": 0.7826086956521741,
                    "y": 0.6785714285714286
                },
                "worldcoords": {
                    "x": 1551.4552018633542,
                    "y": 419.6428571428571,
                    "z": 530.8294192546584
                }
            },
            "brPoint": {
                "imageCoords": {
                    "x": -1,
                    "y": -1
                },
                "uvCoords": {
                    "x": -1,
                    "y": -1
                },
                "uvCoordsNormalized": {
                    "x": 1,
                    "y": 0.6785714285714286
                },
                "uvCoordsNormalizedYflipped": {
                    "x": 1,
                    "y": 0.6785714285714286
                },
                "worldcoords": {
                    "x": 1551.4660714285715,
                    "y": 419.6428571428571,
                    "z": 649.5250714285714
                }
            },
            "centerPoint": {
                "imageCoords": {
                    "x": -1,
                    "y": -1
                },
                "uvCoords": {
                    "x": -1,
                    "y": -1
                },
                "uvCoordsNormalized": {
                    "x": 0.8913043478260871,
                    "y": 0.5
                },
                "uvCoordsNormalizedYflipped": {
                    "x": 0.8913043478260871,
                    "y": 0.5
                },
                "worldcoords": {
                    "x": 1551.4695652173914,
                    "y": 375.0,
                    "z": 590.1861739130436
                }
            },
            "imageFilename": "floor1/wall_22/IMG_7311.JPG",
            "imageHeight": 792,
            "imageIndex": 5,
            "imageWidth": 1188,
            "neighborImages": {
                "bottomImage": {
                    "distance": 1000000.0,
                    "pointIndex": -1
                },
                "leftImage": {
                    "distance": 1000000.0,
                    "pointIndex": -1
                },
                "rightImage": {
                    "distance": 1000000.0,
                    "pointIndex": -1
                },
                "topImage": {
                    "distance": 1000000.0,
                    "pointIndex": -1
                }
            },
            "originX": 0,
            "originY": 0,
            "tlPoint": {
                "imageCoords": {
                    "x": -1,
                    "y": -1
                },
                "uvCoords": {
                    "x": -1,
                    "y": -1
                },
                "uvCoordsNormalized": {
                    "x": 0.7826086956521741,
                    "y": 0.32142857142857145
                },
                "uvCoordsNormalizedYflipped": {
                    "x": 0.7826086956521741,
                    "y": 0.3214285714285714
                },
                "worldcoords": {
                    "x": 1551.4730590062113,
                    "y": 330.3571428571429,
                    "z": 530.8472763975157
                }
            },
            "trPoint": {
                "imageCoords": {
                    "x": -1,
                    "y": -1
                },
                "uvCoords": {
                    "x": -1,
                    "y": -1
                },
                "uvCoordsNormalized": {
                    "x": 1,
                    "y": 0.32142857142857145
                },
                "uvCoordsNormalizedYflipped": {
                    "x": 1,
                    "y": 0.3214285714285714
                },
                "worldcoords": {
                    "x": 1551.4839285714288,
                    "y": 330.3571428571429,
                    "z": 649.5429285714285
                }
            }
        },
        {
            "blPoint": {
                "imageCoords": {
                    "x": -1,
                    "y": -1
                },
                "uvCoords": {
                    "x": -1,
                    "y": -1
                },
                "uvCoordsNormalized": {
                    "x": 0.5869565217391305,
                    "y": 0.6785714285714286
                },
                "uvCoordsNormalizedYflipped": {
                    "x": 0.5869565217391305,
                    "y": 0.6785714285714286
                },
                "worldcoords": {
                    "x": 1551.45,
                    "y": 419.6428571428571,
                    "z": 424.0079130434783
                }
            },
            "brPoint": {
                "imageCoords": {
                    "x": -1,
                    "y": -1
                },
                "uvCoords": {
                    "x": -1,
                    "y": -1
                },
                "uvCoordsNormalized": {
                    "x": 0.8043478260869565,
                    "y": 0.6785714285714286
                },
                "uvCoordsNormalizedYflipped": {
                    "x": 0.8043478260869565,
                    "y": 0.6785714285714286
                },
                "worldcoords": {
                    "x": 1551.456288819876,
                    "y": 419.6428571428571,
                    "z": 542.6989844720497
                }
            },
            "centerPoint": {
                "imageCoords": {
                    "x": -1,
                    "y": -1
                },
                "uvCoords": {
                    "x": -1,
                    "y": -1
                },
                "uvCoordsNormalized": {
                    "x": 0.6956521739130436,
                    "y": 0.5
                },
                "uvCoordsNormalizedYflipped": {
                    "x": 0.6956521739130436,
                    "y": 0.5
                },
                "worldcoords": {
                    "x": 1551.4597826086956,
                    "y": 375.0,
                    "z": 483.3600869565218
                }
            },
            "imageFilename": "floor1/wall_22/IMG_7312.JPG",
            "imageHeight": 792,
            "imageIndex": 6,
            "imageWidth": 1188,
            "neighborImages": {
                "bottomImage": {
                    "distance": 1000000.0,
                    "pointIndex": -1
                },
                "leftImage": {
                    "distance": 1000000.0,
                    "pointIndex": -1
                },
                "rightImage": {
                    "distance": 1000000.0,
                    "pointIndex": -1
                },
                "topImage": {
                    "distance": 1000000.0,
                    "pointIndex": -1
                }
            },
            "originX": 0,
            "originY": 0,
            "tlPoint": {
                "imageCoords": {
                    "x": -1,
                    "y": -1
                },
                "uvCoords": {
                    "x": -1,
                    "y": -1
                },
                "uvCoordsNormalized": {
                    "x": 0.5869565217391305,
                    "y": 0.32142857142857145
                },
                "uvCoordsNormalizedYflipped": {
                    "x": 0.5869565217391305,
                    "y": 0.3214285714285714
                },
                "worldcoords": {
                    "x": 1551.4632763975158,
                    "y": 330.3571428571429,
                    "z": 424.02118944099385
                }
            },
            "trPoint": {
                "imageCoords": {
                    "x": -1,
                    "y": -1
                },
                "uvCoords": {
                    "x": -1,
                    "y": -1
                },
                "uvCoordsNormalized": {
                    "x": 0.8043478260869565,
                    "y": 0.32142857142857145
                },
                "uvCoordsNormalizedYflipped": {
                    "x": 0.8043478260869565,
                    "y": 0.3214285714285714
                },
                "worldcoords": {
                    "x": 1551.474145962733,
                    "y": 330.3571428571429,
                    "z": 542.7168416149068
                }
            }
        },
        {
            "blPoint": {
                "imageCoords": {
                    "x": -1,
                    "y": -1
                },
                "uvCoords": {
                    "x": -1,
                    "y": -1
                },
                "uvCoordsNormalized": {
                    "x": 0.39130434782608703,
                    "y": 0.6785714285714286
                },
                "uvCoordsNormalizedYflipped": {
                    "x": 0.39130434782608703,
                    "y": 0.6785714285714286
                },
                "worldcoords": {
                    "x": 1551.45,
                    "y": 419.64285714285717,
                    "z": 317.19160869565223
                }
            },
            "brPoint": {
                "imageCoords": {
                    "x": -1,
                    "y": -1
                },
                "uvCoords": {
                    "x": -1,
                    "y": -1
                },
                "uvCoordsNormalized": {
                    "x": 0.6086956521739131,
                    "y": 0.6785714285714286
                },
                "uvCoordsNormalizedYflipped": {
                    "x": 0.6086956521739131,
                    "y": 0.6785714285714286
                },
                "worldcoords": {
                    "x": 1551.45,
                    "y": 419.64285714285717,
                    "z": 435.87639130434786
                }
            },
            "centerPoint": {
                "imageCoords": {
                    "x": -1,
                    "y": -1
                },
                "uvCoords": {
                    "x": -1,
                    "y": -1
                },
                "uvCoordsNormalized": {
                    "x": 0.5000000000000001,
                    "y": 0.5
                },
                "uvCoordsNormalizedYflipped": {
                    "x": 0.5000000000000001,
                    "y": 0.5
                },
                "worldcoords": {
                    "x": 1551.45,
                    "y": 375.0,
                    "z": 376.53400000000005
                }
            },
            "imageFilename": "floor1/wall_22/IMG_7313.JPG",
            "imageHeight": 792,
            "imageIndex": 7,
            "imageWidth": 1188,
            "neighborImages": {
                "bottomImage": {
                    "distance": 1000000.0,
                    "pointIndex": -1
                },
                "leftImage": {
                    "distance": 1000000.0,
                    "pointIndex": -1
                },
                "rightImage": {
                    "distance": 1000000.0,
                    "pointIndex": -1
                },
                "topImage": {
                    "distance": 1000000.0,
                    "pointIndex": -1
                }
            },
            "originX": 0,
            "originY": 0,
            "tlPoint": {
                "imageCoords": {
                    "x": -1,
                    "y": -1
                },
                "uvCoords": {
                    "x": -1,
                    "y": -1
                },
                "uvCoordsNormalized": {
                    "x": 0.39130434782608703,
                    "y": 0.32142857142857145
                },
                "uvCoordsNormalizedYflipped": {
                    "x": 0.39130434782608703,
                    "y": 0.3214285714285714
                },
                "worldcoords": {
                    "x": 1551.45349378882,
                    "y": 330.3571428571429,
                    "z": 317.19510248447216
                }
            },
            "trPoint": {
                "imageCoords": {
                    "x": -1,
                    "y": -1
                },
                "uvCoords": {
                    "x": -1,
                    "y": -1
                },
                "uvCoordsNormalized": {
                    "x": 0.6086956521739131,
                    "y": 0.32142857142857145
                },
                "uvCoordsNormalizedYflipped": {
                    "x": 0.6086956521739131,
                    "y": 0.3214285714285714
                },
                "worldcoords": {
                    "x": 1551.4643633540375,
                    "y": 330.3571428571429,
                    "z": 435.89075465838516
                }
            }
        },
        {
            "blPoint": {
                "imageCoords": {
                    "x": -1,
                    "y": -1
                },
                "uvCoords": {
                    "x": -1,
                    "y": -1
                },
                "uvCoordsNormalized": {
                    "x": 0.1956521739130435,
                    "y": 0.6785714285714286
                },
                "uvCoordsNormalizedYflipped": {
                    "x": 0.1956521739130435,
                    "y": 0.6785714285714286
                },
                "worldcoords": {
                    "x": 1551.4500000000003,
                    "y": 419.64285714285717,
                    "z": 210.3753043478261
                }
            },
            "brPoint": {
                "imageCoords": {
                    "x": -1,
                    "y": -1
                },
                "uvCoords": {
                    "x": -1,
                    "y": -1
                },
                "uvCoordsNormalized": {
                    "x": 0.4130434782608696,
                    "y": 0.6785714285714286
                },
                "uvCoordsNormalizedYflipped": {
                    "x": 0.4130434782608696,
                    "y": 0.6785714285714286
                },
                "worldcoords": {
                    "x": 1551.4500000000003,
                    "y": 419.6428571428571,
                    "z": 329.0600869565218
                }
            },
            "centerPoint": {
                "imageCoords": {
                    "x": -1,
                    "y": -1
                },
                "uvCoords": {
                    "x": -1,
                    "y": -1
                },
                "uvCoordsNormalized": {
                    "x": 0.30434782608695654,
                    "y": 0.5
                },
                "uvCoordsNormalizedYflipped": {
                    "x": 0.30434782608695654,
                    "y": 0.5
                },
                "worldcoords": {
                    "x": 1551.45,
                    "y": 375.0,
                    "z": 269.7176956521739
                }
            },
            "imageFilename": "floor1/wall_22/IMG_7314.JPG",
            "imageHeight": 792,
            "imageIndex": 8,
            "imageWidth": 1188,
            "neighborImages": {
                "bottomImage": {
                    "distance": 1000000.0,
                    "pointIndex": -1
                },
                "leftImage": {
                    "distance": 1000000.0,
                    "pointIndex": -1
                },
                "rightImage": {
                    "distance": 1000000.0,
                    "pointIndex": -1
                },
                "topImage": {
                    "distance": 1000000.0,
                    "pointIndex": -1
                }
            },
            "originX": 0,
            "originY": 0,
            "tlPoint": {
                "imageCoords": {
                    "x": -1,
                    "y": -1
                },
                "uvCoords": {
                    "x": -1,
                    "y": -1
                },
                "uvCoordsNormalized": {
                    "x": 0.1956521739130435,
                    "y": 0.32142857142857145
                },
                "uvCoordsNormalizedYflipped": {
                    "x": 0.1956521739130435,
                    "y": 0.3214285714285714
                },
                "worldcoords": {
                    "x": 1551.4500000000003,
                    "y": 330.3571428571429,
                    "z": 210.3753043478261
                }
            },
            "trPoint": {
                "imageCoords": {
                    "x": -1,
                    "y": -1
                },
                "uvCoords": {
                    "x": -1,
                    "y": -1
                },
                "uvCoordsNormalized": {
                    "x": 0.4130434782608696,
                    "y": 0.32142857142857145
                },
                "uvCoordsNormalizedYflipped": {
                    "x": 0.4130434782608696,
                    "y": 0.3214285714285714
                },
                "worldcoords": {
                    "x": 1551.4545807453417,
                    "y": 330.3571428571429,
                    "z": 329.0646677018634
                }
            }
        },
        {
            "blPoint": {
                "imageCoords": {
                    "x": -1,
                    "y": -1
                },
                "uvCoords": {
                    "x": -1,
                    "y": -1
                },
                "uvCoordsNormalized": {
                    "x": 0.0,
                    "y": 0.6785714285714286
                },
                "uvCoordsNormalizedYflipped": {
                    "x": 0.0,
                    "y": 0.6785714285714286
                },
                "worldcoords": {
                    "x": 1551.4500000000003,
                    "y": 419.6428571428571,
                    "z": 103.559
                }
            },
            "brPoint": {
                "imageCoords": {
                    "x": -1,
                    "y": -1
                },
                "uvCoords": {
                    "x": -1,
                    "y": -1
                },
                "uvCoordsNormalized": {
                    "x": 0.2173913043478261,
                    "y": 0.6785714285714286
                },
                "uvCoordsNormalizedYflipped": {
                    "x": 0.2173913043478261,
                    "y": 0.6785714285714286
                },
                "worldcoords": {
                    "x": 1551.45,
                    "y": 419.6428571428571,
                    "z": 222.24378260869565
                }
            },
            "centerPoint": {
                "imageCoords": {
                    "x": -1,
                    "y": -1
                },
                "uvCoords": {
                    "x": -1,
                    "y": -1
                },
                "uvCoordsNormalized": {
                    "x": 0.10869565217391305,
                    "y": 0.5
                },
                "uvCoordsNormalizedYflipped": {
                    "x": 0.10869565217391305,
                    "y": 0.5
                },
                "worldcoords": {
                    "x": 1551.4499999999998,
                    "y": 375.0,
                    "z": 162.90139130434784
                }
            },
            "imageFilename": "floor1/wall_22/IMG_7315.JPG",
            "imageHeight": 792,
            "imageIndex": 9,
            "imageWidth": 1188,
            "neighborImages": {
                "bottomImage": {
                    "distance": 1000000.0,
                    "pointIndex": -1
                },
                "leftImage": {
                    "distance": 1000000.0,
                    "pointIndex": -1
                },
                "rightImage": {
                    "distance": 1000000.0,
                    "pointIndex": -1
                },
                "topImage": {
                    "distance": 1000000.0,
                    "pointIndex": -1
                }
            },
            "originX": 0,
            "originY": 0,
            "tlPoint": {
                "imageCoords": {
                    "x": -1,
                    "y": -1
                },
                "uvCoords": {
                    "x": -1,
                    "y": -1
                },
                "uvCoordsNormalized": {
                    "x": 0.0,
                    "y": 0.32142857142857145
                },
                "uvCoordsNormalizedYflipped": {
                    "x": 0.0,
                    "y": 0.3214285714285714
                },
                "worldcoords": {
                    "x": 1551.4500000000003,
                    "y": 330.3571428571429,
                    "z": 103.559
                }
            },
            "trPoint": {
                "imageCoords": {
                    "x": -1,
                    "y": -1
                },
                "uvCoords": {
                    "x": -1,
                    "y": -1
                },
                "uvCoordsNormalized": {
                    "x": 0.2173913043478261,
                    "y": 0.32142857142857145
                },
                "uvCoordsNormalizedYflipped": {
                    "x": 0.2173913043478261,
                    "y": 0.3214285714285714
                },
                "worldcoords": {
                    "x": 1551.45,
                    "y": 330.3571428571429,
                    "z": 222.24378260869562
                }
            }
        },
        {
            "blPoint": {
                "imageCoords": {
                    "x": -1,
                    "y": -1
                },
                "uvCoords": {
                    "x": -1,
                    "y": -1
                },
                "uvCoordsNormalized": {
                    "x": 0.0,
                    "y": 0.9999999999999999
                },
                "uvCoordsNormalizedYflipped": {
                    "x": 0.0,
                    "y": 0.3571428571428572
                },
                "worldcoords": {
                    "x": 1551.45,
                    "y": 499.99999999999994,
                    "z": 103.559
                }
            },
            "brPoint": {
                "imageCoords": {
                    "x": -1,
                    "y": -1
                },
                "uvCoords": {
                    "x": -1,
                    "y": -1
                },
                "uvCoordsNormalized": {
                    "x": 0.2173913043478261,
                    "y": 0.9999999999999999
                },
                "uvCoordsNormalizedYflipped": {
                    "x": 0.2173913043478261,
                    "y": 0.3571428571428572
                },
                "worldcoords": {
                    "x": 1551.45,
                    "y": 500.0,
                    "z": 222.24378260869565
                }
            },
            "centerPoint": {
                "imageCoords": {
                    "x": -1,
                    "y": -1
                },
                "uvCoords": {
                    "x": -1,
                    "y": -1
                },
                "uvCoordsNormalized": {
                    "x": 0.10869565217391305,
                    "y": 0.8214285714285714
                },
                "uvCoordsNormalizedYflipped": {
                    "x": 0.10869565217391305,
                    "y": 0.1785714285714286
                },
                "worldcoords": {
                    "x": 1551.4499999999998,
                    "y": 455.35714285714283,
                    "z": 162.9013913043478
                }
            },
            "imageFilename": "floor1/wall_22/IMG_7316.JPG",
            "imageHeight": 792,
            "imageIndex": 10,
            "imageWidth": 1188,
            "neighborImages": {
                "bottomImage": {
                    "distance": 1000000.0,
                    "pointIndex": -1
                },
                "leftImage": {
                    "distance": 1000000.0,
                    "pointIndex": -1
                },
                "rightImage": {
                    "distance": 1000000.0,
                    "pointIndex": -1
                },
                "topImage": {
                    "distance": 1000000.0,
                    "pointIndex": -1
                }
            },
            "originX": 0,
            "originY": 0,
            "tlPoint": {
                "imageCoords": {
                    "x": -1,
                    "y": -1
                },
                "uvCoords": {
                    "x": -1,
                    "y": -1
                },
                "uvCoordsNormalized": {
                    "x": 0.0,
                    "y": 0.6428571428571428
                },
                "uvCoordsNormalizedYflipped": {
                    "x": 0.0,
                    "y": 1.1102230246251565e-16
                },
                "worldcoords": {
                    "x": 1551.45,
                    "y": 410.71428571428567,
                    "z": 103.559
                }
            },
            "trPoint": {
                "imageCoords": {
                    "x": -1,
                    "y": -1
                },
                "uvCoords": {
                    "x": -1,
                    "y": -1
                },
                "uvCoordsNormalized": {
                    "x": 0.2173913043478261,
                    "y": 0.6428571428571428
                },
                "uvCoordsNormalizedYflipped": {
                    "x": 0.2173913043478261,
                    "y": 1.1102230246251565e-16
                },
                "worldcoords": {
                    "x": 1551.4499999999998,
                    "y": 410.7142857142857,
                    "z": 222.24378260869565
                }
            }
        },
        {
            "blPoint": {
                "imageCoords": {
                    "x": -1,
                    "y": -1
                },
                "uvCoords": {
                    "x": -1,
                    "y": -1
                },
                "uvCoordsNormalized": {
                    "x": 0.1956521739130435,
                    "y": 0.9999999999999999
                },
                "uvCoordsNormalizedYflipped": {
                    "x": 0.1956521739130435,
                    "y": 0.3571428571428572
                },
                "worldcoords": {
                    "x": 1551.45,
                    "y": 500.0,
                    "z": 210.3753043478261
                }
            },
            "brPoint": {
                "imageCoords": {
                    "x": -1,
                    "y": -1
                },
                "uvCoords": {
                    "x": -1,
                    "y": -1
                },
                "uvCoordsNormalized": {
                    "x": 0.4130434782608696,
                    "y": 0.9999999999999999
                },
                "uvCoordsNormalizedYflipped": {
                    "x": 0.4130434782608696,
                    "y": 0.3571428571428572
                },
                "worldcoords": {
                    "x": 1551.45,
                    "y": 500.0,
                    "z": 329.06008695652173
                }
            },
            "centerPoint": {
                "imageCoords": {
                    "x": -1,
                    "y": -1
                },
                "uvCoords": {
                    "x": -1,
                    "y": -1
                },
                "uvCoordsNormalized": {
                    "x": 0.30434782608695654,
                    "y": 0.8214285714285714
                },
                "uvCoordsNormalizedYflipped": {
                    "x": 0.30434782608695654,
                    "y": 0.1785714285714286
                },
                "worldcoords": {
                    "x": 1551.4499999999998,
                    "y": 455.35714285714283,
                    "z": 269.7176956521739
                }
            },
            "imageFilename": "floor1/wall_22/IMG_7317.JPG",
            "imageHeight": 792,
            "imageIndex": 11,
            "imageWidth": 1188,
            "neighborImages": {
                "bottomImage": {
                    "distance": 1000000.0,
                    "pointIndex": -1
                },
                "leftImage": {
                    "distance": 1000000.0,
                    "pointIndex": -1
                },
                "rightImage": {
                    "distance": 1000000.0,
                    "pointIndex": -1
                },
                "topImage": {
                    "distance": 1000000.0,
                    "pointIndex": -1
                }
            },
            "originX": 0,
            "originY": 0,
            "tlPoint": {
                "imageCoords": {
                    "x": -1,
                    "y": -1
                },
                "uvCoords": {
                    "x": -1,
                    "y": -1
                },
                "uvCoordsNormalized": {
                    "x": 0.1956521739130435,
                    "y": 0.6428571428571428
                },
                "uvCoordsNormalizedYflipped": {
                    "x": 0.1956521739130435,
                    "y": 1.1102230246251565e-16
                },
                "worldcoords": {
                    "x": 1551.45,
                    "y": 410.7142857142857,
                    "z": 210.3753043478261
                }
            },
            "trPoint": {
                "imageCoords": {
                    "x": -1,
                    "y": -1
                },
                "uvCoords": {
                    "x": -1,
                    "y": -1
                },
                "uvCoordsNormalized": {
                    "x": 0.4130434782608696,
                    "y": 0.6428571428571428
                },
                "uvCoordsNormalizedYflipped": {
                    "x": 0.4130434782608696,
                    "y": 1.1102230246251565e-16
                },
                "worldcoords": {
                    "x": 1551.4499999999998,
                    "y": 410.71428571428567,
                    "z": 329.06008695652173
                }
            }
        },
        {
            "blPoint": {
                "imageCoords": {
                    "x": -1,
                    "y": -1
                },
                "uvCoords": {
                    "x": -1,
                    "y": -1
                },
                "uvCoordsNormalized": {
                    "x": 0.39130434782608703,
                    "y": 0.9999999999999999
                },
                "uvCoordsNormalizedYflipped": {
                    "x": 0.39130434782608703,
                    "y": 0.3571428571428572
                },
                "worldcoords": {
                    "x": 1551.4500000000003,
                    "y": 500.0,
                    "z": 317.1916086956522
                }
            },
            "brPoint": {
                "imageCoords": {
                    "x": -1,
                    "y": -1
                },
                "uvCoords": {
                    "x": -1,
                    "y": -1
                },
                "uvCoordsNormalized": {
                    "x": 0.6086956521739131,
                    "y": 0.9999999999999999
                },
                "uvCoordsNormalizedYflipped": {
                    "x": 0.6086956521739131,
                    "y": 0.3571428571428572
                },
                "worldcoords": {
                    "x": 1551.4500000000003,
                    "y": 500.0,
                    "z": 435.87639130434786
                }
            },
            "centerPoint": {
                "imageCoords": {
                    "x": -1,
                    "y": -1
                },
                "uvCoords": {
                    "x": -1,
                    "y": -1
                },
                "uvCoordsNormalized": {
                    "x": 0.5000000000000001,
                    "y": 0.8214285714285714
                },
                "uvCoordsNormalizedYflipped": {
                    "x": 0.5000000000000001,
                    "y": 0.1785714285714286
                },
                "worldcoords": {
                    "x": 1551.45,
                    "y": 455.3571428571429,
                    "z": 376.5340000000001
                }
            },
            "imageFilename": "floor1/wall_22/IMG_7318.JPG",
            "imageHeight": 792,
            "imageIndex": 12,
            "imageWidth": 1188,
            "neighborImages": {
                "bottomImage": {
                    "distance": 1000000.0,
                    "pointIndex": -1
                },
                "leftImage": {
                    "distance": 1000000.0,
                    "pointIndex": -1
                },
                "rightImage": {
                    "distance": 1000000.0,
                    "pointIndex": -1
                },
                "topImage": {
                    "distance": 1000000.0,
                    "pointIndex": -1
                }
            },
            "originX": 0,
            "originY": 0,
            "tlPoint": {
                "imageCoords": {
                    "x": -1,
                    "y": -1
                },
                "uvCoords": {
                    "x": -1,
                    "y": -1
                },
                "uvCoordsNormalized": {
                    "x": 0.39130434782608703,
                    "y": 0.6428571428571428
                },
                "uvCoordsNormalizedYflipped": {
                    "x": 0.39130434782608703,
                    "y": 1.1102230246251565e-16
                },
                "worldcoords": {
                    "x": 1551.45,
                    "y": 410.7142857142857,
                    "z": 317.1916086956522
                }
            },
            "trPoint": {
                "imageCoords": {
                    "x": -1,
                    "y": -1
                },
                "uvCoords": {
                    "x": -1,
                    "y": -1
                },
                "uvCoordsNormalized": {
                    "x": 0.6086956521739131,
                    "y": 0.6428571428571428
                },
                "uvCoordsNormalizedYflipped": {
                    "x": 0.6086956521739131,
                    "y": 1.1102230246251565e-16
                },
                "worldcoords": {
                    "x": 1551.45,
                    "y": 410.7142857142857,
                    "z": 435.87639130434786
                }
            }
        },
        {
            "blPoint": {
                "imageCoords": {
                    "x": -1,
                    "y": -1
                },
                "uvCoords": {
                    "x": -1,
                    "y": -1
                },
                "uvCoordsNormalized": {
                    "x": 0.5869565217391305,
                    "y": 0.9999999999999999
                },
                "uvCoordsNormalizedYflipped": {
                    "x": 0.5869565217391305,
                    "y": 0.3571428571428572
                },
                "worldcoords": {
                    "x": 1551.45,
                    "y": 499.99999999999994,
                    "z": 424.0079130434783
                }
            },
            "brPoint": {
                "imageCoords": {
                    "x": -1,
                    "y": -1
                },
                "uvCoords": {
                    "x": -1,
                    "y": -1
                },
                "uvCoordsNormalized": {
                    "x": 0.8043478260869565,
                    "y": 0.9999999999999999
                },
                "uvCoordsNormalizedYflipped": {
                    "x": 0.8043478260869565,
                    "y": 0.3571428571428572
                },
                "worldcoords": {
                    "x": 1551.4500000000003,
                    "y": 499.99999999999994,
                    "z": 542.6926956521739
                }
            },
            "centerPoint": {
                "imageCoords": {
                    "x": -1,
                    "y": -1
                },
                "uvCoords": {
                    "x": -1,
                    "y": -1
                },
                "uvCoordsNormalized": {
                    "x": 0.6956521739130436,
                    "y": 0.8214285714285714
                },
                "uvCoordsNormalizedYflipped": {
                    "x": 0.6956521739130436,
                    "y": 0.1785714285714286
                },
                "worldcoords": {
                    "x": 1551.45,
                    "y": 455.3571428571429,
                    "z": 483.3503043478262
                }
            },
            "imageFilename": "floor1/wall_22/IMG_7319.JPG",
            "imageHeight": 792,
            "imageIndex": 13,
            "imageWidth": 1188,
            "neighborImages": {
                "bottomImage": {
                    "distance": 1000000.0,
                    "pointIndex": -1
                },
                "leftImage": {
                    "distance": 1000000.0,
                    "pointIndex": -1
                },
                "rightImage": {
                    "distance": 1000000.0,
                    "pointIndex": -1
                },
                "topImage": {
                    "distance": 1000000.0,
                    "pointIndex": -1
                }
            },
            "originX": 0,
            "originY": 0,
            "tlPoint": {
                "imageCoords": {
                    "x": -1,
                    "y": -1
                },
                "uvCoords": {
                    "x": -1,
                    "y": -1
                },
                "uvCoordsNormalized": {
                    "x": 0.5869565217391305,
                    "y": 0.6428571428571428
                },
                "uvCoordsNormalizedYflipped": {
                    "x": 0.5869565217391305,
                    "y": 1.1102230246251565e-16
                },
                "worldcoords": {
                    "x": 1551.45,
                    "y": 410.7142857142857,
                    "z": 424.0079130434783
                }
            },
            "trPoint": {
                "imageCoords": {
                    "x": -1,
                    "y": -1
                },
                "uvCoords": {
                    "x": -1,
                    "y": -1
                },
                "uvCoordsNormalized": {
                    "x": 0.8043478260869565,
                    "y": 0.6428571428571428
                },
                "uvCoordsNormalizedYflipped": {
                    "x": 0.8043478260869565,
                    "y": 1.1102230246251565e-16
                },
                "worldcoords": {
                    "x": 1551.4580745341616,
                    "y": 410.71428571428567,
                    "z": 542.7007701863354
                }
            }
        },
        {
            "blPoint": {
                "imageCoords": {
                    "x": -1,
                    "y": -1
                },
                "uvCoords": {
                    "x": -1,
                    "y": -1
                },
                "uvCoordsNormalized": {
                    "x": 0.7826086956521741,
                    "y": 0.9999999999999999
                },
                "uvCoordsNormalizedYflipped": {
                    "x": 0.7826086956521741,
                    "y": 0.3571428571428572
                },
                "worldcoords": {
                    "x": 1551.4500000000003,
                    "y": 500.0,
                    "z": 530.8242173913044
                }
            },
            "brPoint": {
                "imageCoords": {
                    "x": -1,
                    "y": -1
                },
                "uvCoords": {
                    "x": -1,
                    "y": -1
                },
                "uvCoordsNormalized": {
                    "x": 1,
                    "y": 0.9999999999999999
                },
                "uvCoordsNormalizedYflipped": {
                    "x": 1,
                    "y": 0.3571428571428572
                },
                "worldcoords": {
                    "x": 1551.45,
                    "y": 499.99999999999994,
                    "z": 649.509
                }
            },
            "centerPoint": {
                "imageCoords": {
                    "x": -1,
                    "y": -1
                },
                "uvCoords": {
                    "x": -1,
                    "y": -1
                },
                "uvCoordsNormalized": {
                    "x": 0.8913043478260871,
                    "y": 0.8214285714285714
                },
                "uvCoordsNormalizedYflipped": {
                    "x": 0.8913043478260871,
                    "y": 0.1785714285714286
                },
                "worldcoords": {
                    "x": 1551.45349378882,
                    "y": 455.3571428571429,
                    "z": 590.1701024844722
                }
            },
            "imageFilename": "floor1/wall_22/IMG_7320.JPG",
            "imageHeight": 792,
            "imageIndex": 14,
            "imageWidth": 1188,
            "neighborImages": {
                "bottomImage": {
                    "distance": 1000000.0,
                    "pointIndex": -1
                },
                "leftImage": {
                    "distance": 1000000.0,
                    "pointIndex": -1
                },
                "rightImage": {
                    "distance": 1000000.0,
                    "pointIndex": -1
                },
                "topImage": {
                    "distance": 1000000.0,
                    "pointIndex": -1
                }
            },
            "originX": 0,
            "originY": 0,
            "tlPoint": {
                "imageCoords": {
                    "x": -1,
                    "y": -1
                },
                "uvCoords": {
                    "x": -1,
                    "y": -1
                },
                "uvCoordsNormalized": {
                    "x": 0.7826086956521741,
                    "y": 0.6428571428571428
                },
                "uvCoordsNormalizedYflipped": {
                    "x": 0.7826086956521741,
                    "y": 1.1102230246251565e-16
                },
                "worldcoords": {
                    "x": 1551.4569875776397,
                    "y": 410.71428571428567,
                    "z": 530.8312049689441
                }
            },
            "trPoint": {
                "imageCoords": {
                    "x": -1,
                    "y": -1
                },
                "uvCoords": {
                    "x": -1,
                    "y": -1
                },
                "uvCoordsNormalized": {
                    "x": 1,
                    "y": 0.6428571428571428
                },
                "uvCoordsNormalizedYflipped": {
                    "x": 1,
                    "y": 1.1102230246251565e-16
                },
                "worldcoords": {
                    "x": 1551.4678571428572,
                    "y": 410.71428571428567,
                    "z": 649.5268571428571
                }
            }
        }
    ],
    "materialIndex": 8,
    "materialName": "./floor1/wall_22/flatten_canvas.resized.jpg",
    "overviewImageInfo": {
        "blPoint": {
            "imageCoords": {
                "x": 0,
                "y": 2216
            },
            "uvCoords": {
                "x": -1,
                "y": -1
            },
            "uvCoordsNormalized": {
                "x": 0,
                "y": 1
            },
            "uvCoordsNormalizedYflipped": {
                "x": -1,
                "y": -1
            },
            "worldcoords": {
                "x": 1551.45,
                "y": 500.0,
                "z": 103.559
            }
        },
        "brPoint": {
            "imageCoords": {
                "x": 5463,
                "y": 2216
            },
            "uvCoords": {
                "x": -1,
                "y": -1
            },
            "uvCoordsNormalized": {
                "x": 1,
                "y": 1
            },
            "uvCoordsNormalizedYflipped": {
                "x": -1,
                "y": -1
            },
            "worldcoords": {
                "x": 1551.45,
                "y": 500.0,
                "z": 649.509
            }
        },
        "centerPoint": {
            "imageCoords": {
                "x": 2732,
                "y": 1108
            },
            "uvCoords": {
                "x": -1,
                "y": -1
            },
            "uvCoordsNormalized": {
                "x": -1,
                "y": -1
            },
            "uvCoordsNormalizedYflipped": {
                "x": -1,
                "y": -1
            },
            "worldcoords": {
                "x": 0,
                "y": 0,
                "z": 0
            }
        },
        "imageFilename": "NA",
        "imageHeight": 2217,
        "imageIndex": 0,
        "imageWidth": 5464,
        "neighborImages": {
            "bottomImage": {
                "distance": 1000000.0,
                "pointIndex": -1
            },
            "leftImage": {
                "distance": 1000000.0,
                "pointIndex": -1
            },
            "rightImage": {
                "distance": 1000000.0,
                "pointIndex": -1
            },
            "topImage": {
                "distance": 1000000.0,
                "pointIndex": -1
            }
        },
        "originX": 0,
        "originY": 0,
        "tlPoint": {
            "imageCoords": {
                "x": -1,
                "y": -1
            },
            "uvCoords": {
                "x": -1,
                "y": -1
            },
            "uvCoordsNormalized": {
                "x": 0,
                "y": 0
            },
            "uvCoordsNormalizedYflipped": {
                "x": -1,
                "y": -1
            },
            "worldcoords": {
                "x": 1551.45,
                "y": 250.0,
                "z": 103.559
            }
        },
        "trPoint": {
            "imageCoords": {
                "x": 5463,
                "y": 0
            },
            "uvCoords": {
                "x": -1,
                "y": -1
            },
            "uvCoordsNormalized": {
                "x": 1,
                "y": 0
            },
            "uvCoordsNormalizedYflipped": {
                "x": -1,
                "y": -1
            },
            "worldcoords": {
                "x": 1551.5,
                "y": 250.0,
                "z": 649.559
            }
        }
    }
}