{
    "imagesInfo": [
        {
            "blPoint": {
                "imageCoords": {
                    "x": -1,
                    "y": -1
                },
                "uvCoords": {
                    "x": -1,
                    "y": -1
                },
                "uvCoordsNormalized": {
                    "x": 0.0,
                    "y": 0.5263157894736843
                },
                "uvCoordsNormalizedYflipped": {
                    "x": 0.0,
                    "y": 1.0
                },
                "worldcoords": {
                    "x": 503.5,
                    "y": 631.578947368421,
                    "z": 1301.5336842105262
                }
            },
            "brPoint": {
                "imageCoords": {
                    "x": -1,
                    "y": -1
                },
                "uvCoords": {
                    "x": -1,
                    "y": -1
                },
                "uvCoordsNormalized": {
                    "x": 0.5263157894736842,
                    "y": 0.5263157894736843
                },
                "uvCoordsNormalizedYflipped": {
                    "x": 0.5263157894736842,
                    "y": 1.0
                },
                "worldcoords": {
                    "x": 292.97368421052636,
                    "y": 631.5789473684212,
                    "z": 1301.56
                }
            },
            "centerPoint": {
                "imageCoords": {
                    "x": -1,
                    "y": -1
                },
                "uvCoords": {
                    "x": -1,
                    "y": -1
                },
                "uvCoordsNormalized": {
                    "x": 0.2631578947368421,
                    "y": 0.26315789473684215
                },
                "uvCoordsNormalizedYflipped": {
                    "x": 0.2631578947368421,
                    "y": 0.7368421052631579
                },
                "worldcoords": {
                    "x": 398.23684210526324,
                    "y": 565.7894736842105,
                    "z": 1301.56
                }
            },
            "imageFilename": "floor2/wall_23/IMG_7473.JPG",
            "imageHeight": 792,
            "imageIndex": 0,
            "imageWidth": 1188,
            "neighborImages": {
                "bottomImage": {
                    "distance": 1000000.0,
                    "pointIndex": -1
                },
                "leftImage": {
                    "distance": 1000000.0,
                    "pointIndex": -1
                },
                "rightImage": {
                    "distance": 1000000.0,
                    "pointIndex": -1
                },
                "topImage": {
                    "distance": 1000000.0,
                    "pointIndex": -1
                }
            },
            "originX": 0,
            "originY": 0,
            "tlPoint": {
                "imageCoords": {
                    "x": -1,
                    "y": -1
                },
                "uvCoords": {
                    "x": -1,
                    "y": -1
                },
                "uvCoordsNormalized": {
                    "x": 0.0,
                    "y": 5.551115123125783e-17
                },
                "uvCoordsNormalizedYflipped": {
                    "x": 0.0,
                    "y": 0.4736842105263157
                },
                "worldcoords": {
                    "x": 503.5,
                    "y": 500.00000000000006,
                    "z": 1301.56
                }
            },
            "trPoint": {
                "imageCoords": {
                    "x": -1,
                    "y": -1
                },
                "uvCoords": {
                    "x": -1,
                    "y": -1
                },
                "uvCoordsNormalized": {
                    "x": 0.5263157894736842,
                    "y": 5.551115123125783e-17
                },
                "uvCoordsNormalizedYflipped": {
                    "x": 0.5263157894736842,
                    "y": 0.4736842105263157
                },
                "worldcoords": {
                    "x": 293.0,
                    "y": 500.00000000000006,
                    "z": 1301.5336842105262
                }
            }
        },
        {
            "blPoint": {
                "imageCoords": {
                    "x": -1,
                    "y": -1
                },
                "uvCoords": {
                    "x": -1,
                    "y": -1
                },
                "uvCoordsNormalized": {
                    "x": 0.47368421052631576,
                    "y": 0.5263157894736843
                },
                "uvCoordsNormalizedYflipped": {
                    "x": 0.47368421052631576,
                    "y": 1.0
                },
                "worldcoords": {
                    "x": 314.0263157894737,
                    "y": 631.578947368421,
                    "z": 1301.5573684210526
                }
            },
            "brPoint": {
                "imageCoords": {
                    "x": -1,
                    "y": -1
                },
                "uvCoords": {
                    "x": -1,
                    "y": -1
                },
                "uvCoordsNormalized": {
                    "x": 1.0,
                    "y": 0.5263157894736843
                },
                "uvCoordsNormalizedYflipped": {
                    "x": 1.0,
                    "y": 1.0
                },
                "worldcoords": {
                    "x": 103.52368421052631,
                    "y": 631.578947368421,
                    "z": 1301.5363157894735
                }
            },
            "centerPoint": {
                "imageCoords": {
                    "x": -1,
                    "y": -1
                },
                "uvCoords": {
                    "x": -1,
                    "y": -1
                },
                "uvCoordsNormalized": {
                    "x": 0.7368421052631579,
                    "y": 0.26315789473684215
                },
                "uvCoordsNormalizedYflipped": {
                    "x": 0.7368421052631579,
                    "y": 0.7368421052631579
                },
                "worldcoords": {
                    "x": 208.78684210526316,
                    "y": 565.7894736842106,
                    "z": 1301.5363157894735
                }
            },
            "imageFilename": "floor2/wall_23/IMG_7474.JPG",
            "imageHeight": 792,
            "imageIndex": 1,
            "imageWidth": 1188,
            "neighborImages": {
                "bottomImage": {
                    "distance": 1000000.0,
                    "pointIndex": -1
                },
                "leftImage": {
                    "distance": 1000000.0,
                    "pointIndex": -1
                },
                "rightImage": {
                    "distance": 1000000.0,
                    "pointIndex": -1
                },
                "topImage": {
                    "distance": 1000000.0,
                    "pointIndex": -1
                }
            },
            "originX": 0,
            "originY": 0,
            "tlPoint": {
                "imageCoords": {
                    "x": -1,
                    "y": -1
                },
                "uvCoords": {
                    "x": -1,
                    "y": -1
                },
                "uvCoordsNormalized": {
                    "x": 0.47368421052631576,
                    "y": 5.551115123125783e-17
                },
                "uvCoordsNormalizedYflipped": {
                    "x": 0.47368421052631576,
                    "y": 0.4736842105263157
                },
                "worldcoords": {
                    "x": 314.05000000000007,
                    "y": 500.00000000000006,
                    "z": 1301.5363157894735
                }
            },
            "trPoint": {
                "imageCoords": {
                    "x": -1,
                    "y": -1
                },
                "uvCoords": {
                    "x": -1,
                    "y": -1
                },
                "uvCoordsNormalized": {
                    "x": 1.0,
                    "y": 5.551115123125783e-17
                },
                "uvCoordsNormalizedYflipped": {
                    "x": 1.0,
                    "y": 0.4736842105263157
                },
                "worldcoords": {
                    "x": 103.55,
                    "y": 500.00000000000006,
                    "z": 1301.51
                }
            }
        },
        {
            "blPoint": {
                "imageCoords": {
                    "x": -1,
                    "y": -1
                },
                "uvCoords": {
                    "x": -1,
                    "y": -1
                },
                "uvCoordsNormalized": {
                    "x": 0.47368421052631576,
                    "y": 1.0
                },
                "uvCoordsNormalizedYflipped": {
                    "x": 0.47368421052631576,
                    "y": 0.5263157894736841
                },
                "worldcoords": {
                    "x": 314.02631578947376,
                    "y": 750.0,
                    "z": 1301.5336842105264
                }
            },
            "brPoint": {
                "imageCoords": {
                    "x": -1,
                    "y": -1
                },
                "uvCoords": {
                    "x": -1,
                    "y": -1
                },
                "uvCoordsNormalized": {
                    "x": 1.0,
                    "y": 1.0
                },
                "uvCoordsNormalizedYflipped": {
                    "x": 1.0,
                    "y": 0.5263157894736841
                },
                "worldcoords": {
                    "x": 103.5,
                    "y": 750.0,
                    "z": 1301.56
                }
            },
            "centerPoint": {
                "imageCoords": {
                    "x": -1,
                    "y": -1
                },
                "uvCoords": {
                    "x": -1,
                    "y": -1
                },
                "uvCoordsNormalized": {
                    "x": 0.7368421052631579,
                    "y": 0.736842105263158
                },
                "uvCoordsNormalizedYflipped": {
                    "x": 0.7368421052631579,
                    "y": 0.26315789473684204
                },
                "worldcoords": {
                    "x": 208.76315789473688,
                    "y": 684.2105263157896,
                    "z": 1301.5600000000002
                }
            },
            "imageFilename": "floor2/wall_23/IMG_7475.JPG",
            "imageHeight": 792,
            "imageIndex": 2,
            "imageWidth": 1188,
            "neighborImages": {
                "bottomImage": {
                    "distance": 1000000.0,
                    "pointIndex": -1
                },
                "leftImage": {
                    "distance": 1000000.0,
                    "pointIndex": -1
                },
                "rightImage": {
                    "distance": 1000000.0,
                    "pointIndex": -1
                },
                "topImage": {
                    "distance": 1000000.0,
                    "pointIndex": -1
                }
            },
            "originX": 0,
            "originY": 0,
            "tlPoint": {
                "imageCoords": {
                    "x": -1,
                    "y": -1
                },
                "uvCoords": {
                    "x": -1,
                    "y": -1
                },
                "uvCoordsNormalized": {
                    "x": 0.47368421052631576,
                    "y": 0.4736842105263159
                },
                "uvCoordsNormalizedYflipped": {
                    "x": 0.47368421052631576,
                    "y": 0.0
                },
                "worldcoords": {
                    "x": 314.0263157894737,
                    "y": 618.4210526315788,
                    "z": 1301.5599999999997
                }
            },
            "trPoint": {
                "imageCoords": {
                    "x": -1,
                    "y": -1
                },
                "uvCoords": {
                    "x": -1,
                    "y": -1
                },
                "uvCoordsNormalized": {
                    "x": 1.0,
                    "y": 0.4736842105263159
                },
                "uvCoordsNormalizedYflipped": {
                    "x": 1.0,
                    "y": 0.0
                },
                "worldcoords": {
                    "x": 103.52631578947367,
                    "y": 618.421052631579,
                    "z": 1301.5336842105262
                }
            }
        },
        {
            "blPoint": {
                "imageCoords": {
                    "x": -1,
                    "y": -1
                },
                "uvCoords": {
                    "x": -1,
                    "y": -1
                },
                "uvCoordsNormalized": {
                    "x": 0.0,
                    "y": 1.0
                },
                "uvCoordsNormalizedYflipped": {
                    "x": 0.0,
                    "y": 0.5263157894736841
                },
                "worldcoords": {
                    "x": 503.5,
                    "y": 750.0,
                    "z": 1301.51
                }
            },
            "brPoint": {
                "imageCoords": {
                    "x": -1,
                    "y": -1
                },
                "uvCoords": {
                    "x": -1,
                    "y": -1
                },
                "uvCoordsNormalized": {
                    "x": 0.5263157894736842,
                    "y": 1.0
                },
                "uvCoordsNormalizedYflipped": {
                    "x": 0.5263157894736842,
                    "y": 0.5263157894736841
                },
                "worldcoords": {
                    "x": 292.97368421052636,
                    "y": 750.0,
                    "z": 1301.5363157894735
                }
            },
            "centerPoint": {
                "imageCoords": {
                    "x": -1,
                    "y": -1
                },
                "uvCoords": {
                    "x": -1,
                    "y": -1
                },
                "uvCoordsNormalized": {
                    "x": 0.2631578947368421,
                    "y": 0.736842105263158
                },
                "uvCoordsNormalizedYflipped": {
                    "x": 0.2631578947368421,
                    "y": 0.26315789473684204
                },
                "worldcoords": {
                    "x": 398.2368421052632,
                    "y": 684.2105263157896,
                    "z": 1301.5363157894735
                }
            },
            "imageFilename": "floor2/wall_23/IMG_7476.JPG",
            "imageHeight": 792,
            "imageIndex": 3,
            "imageWidth": 1188,
            "neighborImages": {
                "bottomImage": {
                    "distance": 1000000.0,
                    "pointIndex": -1
                },
                "leftImage": {
                    "distance": 1000000.0,
                    "pointIndex": -1
                },
                "rightImage": {
                    "distance": 1000000.0,
                    "pointIndex": -1
                },
                "topImage": {
                    "distance": 1000000.0,
                    "pointIndex": -1
                }
            },
            "originX": 0,
            "originY": 0,
            "tlPoint": {
                "imageCoords": {
                    "x": -1,
                    "y": -1
                },
                "uvCoords": {
                    "x": -1,
                    "y": -1
                },
                "uvCoordsNormalized": {
                    "x": 0.0,
                    "y": 0.4736842105263159
                },
                "uvCoordsNormalizedYflipped": {
                    "x": 0.0,
                    "y": 0.0
                },
                "worldcoords": {
                    "x": 503.5,
                    "y": 618.421052631579,
                    "z": 1301.5363157894735
                }
            },
            "trPoint": {
                "imageCoords": {
                    "x": -1,
                    "y": -1
                },
                "uvCoords": {
                    "x": -1,
                    "y": -1
                },
                "uvCoordsNormalized": {
                    "x": 0.5263157894736842,
                    "y": 0.4736842105263159
                },
                "uvCoordsNormalizedYflipped": {
                    "x": 0.5263157894736842,
                    "y": 0.0
                },
                "worldcoords": {
                    "x": 292.9763157894737,
                    "y": 618.421052631579,
                    "z": 1301.5573684210526
                }
            }
        }
    ],
    "materialIndex": 2,
    "materialName": "./floor2/wall_23/flatten_canvas.resized.jpg",
    "overviewImageInfo": {
        "blPoint": {
            "imageCoords": {
                "x": 0,
                "y": 1503
            },
            "uvCoords": {
                "x": -1,
                "y": -1
            },
            "uvCoordsNormalized": {
                "x": 0,
                "y": 1
            },
            "uvCoordsNormalizedYflipped": {
                "x": -1,
                "y": -1
            },
            "worldcoords": {
                "x": 503.5,
                "y": 750.0,
                "z": 1301.51
            }
        },
        "brPoint": {
            "imageCoords": {
                "x": 2256,
                "y": 1503
            },
            "uvCoords": {
                "x": -1,
                "y": -1
            },
            "uvCoordsNormalized": {
                "x": 1,
                "y": 1
            },
            "uvCoordsNormalizedYflipped": {
                "x": -1,
                "y": -1
            },
            "worldcoords": {
                "x": 103.5,
                "y": 750.0,
                "z": 1301.56
            }
        },
        "centerPoint": {
            "imageCoords": {
                "x": 1128,
                "y": 752
            },
            "uvCoords": {
                "x": -1,
                "y": -1
            },
            "uvCoordsNormalized": {
                "x": -1,
                "y": -1
            },
            "uvCoordsNormalizedYflipped": {
                "x": -1,
                "y": -1
            },
            "worldcoords": {
                "x": 0,
                "y": 0,
                "z": 0
            }
        },
        "imageFilename": "NA",
        "imageHeight": 1504,
        "imageIndex": 0,
        "imageWidth": 2257,
        "neighborImages": {
            "bottomImage": {
                "distance": 1000000.0,
                "pointIndex": -1
            },
            "leftImage": {
                "distance": 1000000.0,
                "pointIndex": -1
            },
            "rightImage": {
                "distance": 1000000.0,
                "pointIndex": -1
            },
            "topImage": {
                "distance": 1000000.0,
                "pointIndex": -1
            }
        },
        "originX": 0,
        "originY": 0,
        "tlPoint": {
            "imageCoords": {
                "x": -1,
                "y": -1
            },
            "uvCoords": {
                "x": -1,
                "y": -1
            },
            "uvCoordsNormalized": {
                "x": 0,
                "y": 0
            },
            "uvCoordsNormalizedYflipped": {
                "x": -1,
                "y": -1
            },
            "worldcoords": {
                "x": 503.5,
                "y": 500.0,
                "z": 1301.56
            }
        },
        "trPoint": {
            "imageCoords": {
                "x": 2256,
                "y": 0
            },
            "uvCoords": {
                "x": -1,
                "y": -1
            },
            "uvCoordsNormalized": {
                "x": 1,
                "y": 0
            },
            "uvCoordsNormalizedYflipped": {
                "x": -1,
                "y": -1
            },
            "worldcoords": {
                "x": 103.55,
                "y": 500.0,
                "z": 1301.51
            }
        }
    }
}