{
    "imagesInfo": [
        {
            "blPoint": {
                "imageCoords": {
                    "x": -1,
                    "y": -1
                },
                "uvCoords": {
                    "x": -1,
                    "y": -1
                },
                "uvCoordsNormalized": {
                    "x": 0.0,
                    "y": 0.35714285714285715
                },
                "uvCoordsNormalizedYflipped": {
                    "x": 0.0,
                    "y": 1.0
                },
                "worldcoords": {
                    "x": 503.5178571428571,
                    "y": 339.2857142857143,
                    "z": 501.57685714285714
                }
            },
            "brPoint": {
                "imageCoords": {
                    "x": -1,
                    "y": -1
                },
                "uvCoords": {
                    "x": -1,
                    "y": -1
                },
                "uvCoordsNormalized": {
                    "x": 0.3571428571428571,
                    "y": 0.35714285714285715
                },
                "uvCoordsNormalizedYflipped": {
                    "x": 0.3571428571428571,
                    "y": 1.0
                },
                "worldcoords": {
                    "x": 503.51785714285717,
                    "y": 339.2857142857143,
                    "z": 359.4161428571429
                }
            },
            "centerPoint": {
                "imageCoords": {
                    "x": -1,
                    "y": -1
                },
                "uvCoords": {
                    "x": -1,
                    "y": -1
                },
                "uvCoordsNormalized": {
                    "x": 0.17857142857142855,
                    "y": 0.1785714285714286
                },
                "uvCoordsNormalizedYflipped": {
                    "x": 0.17857142857142855,
                    "y": 0.8214285714285714
                },
                "worldcoords": {
                    "x": 503.5089285714285,
                    "y": 294.6428571428571,
                    "z": 430.4875714285714
                }
            },
            "imageFilename": "floor1/wall_25/IMG_7327.JPG",
            "imageHeight": 792,
            "imageIndex": 0,
            "imageWidth": 1188,
            "neighborImages": {
                "bottomImage": {
                    "distance": 1000000.0,
                    "pointIndex": -1
                },
                "leftImage": {
                    "distance": 1000000.0,
                    "pointIndex": -1
                },
                "rightImage": {
                    "distance": 1000000.0,
                    "pointIndex": -1
                },
                "topImage": {
                    "distance": 1000000.0,
                    "pointIndex": -1
                }
            },
            "originX": 0,
            "originY": 0,
            "tlPoint": {
                "imageCoords": {
                    "x": -1,
                    "y": -1
                },
                "uvCoords": {
                    "x": -1,
                    "y": -1
                },
                "uvCoordsNormalized": {
                    "x": 0.0,
                    "y": 5.551115123125783e-17
                },
                "uvCoordsNormalizedYflipped": {
                    "x": 0.0,
                    "y": 0.6428571428571428
                },
                "worldcoords": {
                    "x": 503.5,
                    "y": 250.00000000000003,
                    "z": 501.559
                }
            },
            "trPoint": {
                "imageCoords": {
                    "x": -1,
                    "y": -1
                },
                "uvCoords": {
                    "x": -1,
                    "y": -1
                },
                "uvCoordsNormalized": {
                    "x": 0.3571428571428571,
                    "y": 5.551115123125783e-17
                },
                "uvCoordsNormalizedYflipped": {
                    "x": 0.3571428571428571,
                    "y": 0.6428571428571428
                },
                "worldcoords": {
                    "x": 503.5,
                    "y": 250.00000000000003,
                    "z": 359.4161428571429
                }
            }
        },
        {
            "blPoint": {
                "imageCoords": {
                    "x": -1,
                    "y": -1
                },
                "uvCoords": {
                    "x": -1,
                    "y": -1
                },
                "uvCoordsNormalized": {
                    "x": 0.3214285714285714,
                    "y": 0.35714285714285715
                },
                "uvCoordsNormalizedYflipped": {
                    "x": 0.3214285714285714,
                    "y": 1.0
                },
                "worldcoords": {
                    "x": 503.5178571428571,
                    "y": 339.2857142857143,
                    "z": 373.6322142857143
                }
            },
            "brPoint": {
                "imageCoords": {
                    "x": -1,
                    "y": -1
                },
                "uvCoords": {
                    "x": -1,
                    "y": -1
                },
                "uvCoordsNormalized": {
                    "x": 0.6785714285714285,
                    "y": 0.35714285714285715
                },
                "uvCoordsNormalizedYflipped": {
                    "x": 0.6785714285714285,
                    "y": 1.0
                },
                "worldcoords": {
                    "x": 503.5178571428571,
                    "y": 339.2857142857143,
                    "z": 231.48757142857147
                }
            },
            "centerPoint": {
                "imageCoords": {
                    "x": -1,
                    "y": -1
                },
                "uvCoords": {
                    "x": -1,
                    "y": -1
                },
                "uvCoordsNormalized": {
                    "x": 0.49999999999999994,
                    "y": 0.1785714285714286
                },
                "uvCoordsNormalizedYflipped": {
                    "x": 0.49999999999999994,
                    "y": 0.8214285714285714
                },
                "worldcoords": {
                    "x": 503.50892857142856,
                    "y": 294.6428571428571,
                    "z": 302.559
                }
            },
            "imageFilename": "floor1/wall_25/IMG_7328.JPG",
            "imageHeight": 792,
            "imageIndex": 1,
            "imageWidth": 1188,
            "neighborImages": {
                "bottomImage": {
                    "distance": 1000000.0,
                    "pointIndex": -1
                },
                "leftImage": {
                    "distance": 1000000.0,
                    "pointIndex": -1
                },
                "rightImage": {
                    "distance": 1000000.0,
                    "pointIndex": -1
                },
                "topImage": {
                    "distance": 1000000.0,
                    "pointIndex": -1
                }
            },
            "originX": 0,
            "originY": 0,
            "tlPoint": {
                "imageCoords": {
                    "x": -1,
                    "y": -1
                },
                "uvCoords": {
                    "x": -1,
                    "y": -1
                },
                "uvCoordsNormalized": {
                    "x": 0.3214285714285714,
                    "y": 5.551115123125783e-17
                },
                "uvCoordsNormalizedYflipped": {
                    "x": 0.3214285714285714,
                    "y": 0.6428571428571428
                },
                "worldcoords": {
                    "x": 503.49999999999994,
                    "y": 250.0,
                    "z": 373.63042857142864
                }
            },
            "trPoint": {
                "imageCoords": {
                    "x": -1,
                    "y": -1
                },
                "uvCoords": {
                    "x": -1,
                    "y": -1
                },
                "uvCoordsNormalized": {
                    "x": 0.6785714285714285,
                    "y": 5.551115123125783e-17
                },
                "uvCoordsNormalizedYflipped": {
                    "x": 0.6785714285714285,
                    "y": 0.6428571428571428
                },
                "worldcoords": {
                    "x": 503.5,
                    "y": 250.00000000000003,
                    "z": 231.48757142857147
                }
            }
        },
        {
            "blPoint": {
                "imageCoords": {
                    "x": -1,
                    "y": -1
                },
                "uvCoords": {
                    "x": -1,
                    "y": -1
                },
                "uvCoordsNormalized": {
                    "x": 0.6428571428571428,
                    "y": 0.35714285714285715
                },
                "uvCoordsNormalizedYflipped": {
                    "x": 0.6428571428571428,
                    "y": 1.0
                },
                "worldcoords": {
                    "x": 503.51785714285717,
                    "y": 339.28571428571433,
                    "z": 245.70185714285716
                }
            },
            "brPoint": {
                "imageCoords": {
                    "x": -1,
                    "y": -1
                },
                "uvCoords": {
                    "x": -1,
                    "y": -1
                },
                "uvCoordsNormalized": {
                    "x": 0.9999999999999999,
                    "y": 0.35714285714285715
                },
                "uvCoordsNormalizedYflipped": {
                    "x": 0.9999999999999999,
                    "y": 1.0
                },
                "worldcoords": {
                    "x": 503.5178571428571,
                    "y": 339.2857142857143,
                    "z": 103.55900000000004
                }
            },
            "centerPoint": {
                "imageCoords": {
                    "x": -1,
                    "y": -1
                },
                "uvCoords": {
                    "x": -1,
                    "y": -1
                },
                "uvCoordsNormalized": {
                    "x": 0.8214285714285714,
                    "y": 0.1785714285714286
                },
                "uvCoordsNormalizedYflipped": {
                    "x": 0.8214285714285714,
                    "y": 0.8214285714285714
                },
                "worldcoords": {
                    "x": 503.50892857142856,
                    "y": 294.6428571428571,
                    "z": 174.63042857142858
                }
            },
            "imageFilename": "floor1/wall_25/IMG_7329.JPG",
            "imageHeight": 792,
            "imageIndex": 2,
            "imageWidth": 1188,
            "neighborImages": {
                "bottomImage": {
                    "distance": 1000000.0,
                    "pointIndex": -1
                },
                "leftImage": {
                    "distance": 1000000.0,
                    "pointIndex": -1
                },
                "rightImage": {
                    "distance": 1000000.0,
                    "pointIndex": -1
                },
                "topImage": {
                    "distance": 1000000.0,
                    "pointIndex": -1
                }
            },
            "originX": 0,
            "originY": 0,
            "tlPoint": {
                "imageCoords": {
                    "x": -1,
                    "y": -1
                },
                "uvCoords": {
                    "x": -1,
                    "y": -1
                },
                "uvCoordsNormalized": {
                    "x": 0.6428571428571428,
                    "y": 5.551115123125783e-17
                },
                "uvCoordsNormalizedYflipped": {
                    "x": 0.6428571428571428,
                    "y": 0.6428571428571428
                },
                "worldcoords": {
                    "x": 503.5,
                    "y": 250.00000000000003,
                    "z": 245.7018571428572
                }
            },
            "trPoint": {
                "imageCoords": {
                    "x": -1,
                    "y": -1
                },
                "uvCoords": {
                    "x": -1,
                    "y": -1
                },
                "uvCoordsNormalized": {
                    "x": 0.9999999999999999,
                    "y": 5.551115123125783e-17
                },
                "uvCoordsNormalizedYflipped": {
                    "x": 0.9999999999999999,
                    "y": 0.6428571428571428
                },
                "worldcoords": {
                    "x": 503.5,
                    "y": 250.00000000000003,
                    "z": 103.55900000000004
                }
            }
        },
        {
            "blPoint": {
                "imageCoords": {
                    "x": -1,
                    "y": -1
                },
                "uvCoords": {
                    "x": -1,
                    "y": -1
                },
                "uvCoordsNormalized": {
                    "x": 0.6428571428571428,
                    "y": 0.6785714285714286
                },
                "uvCoordsNormalizedYflipped": {
                    "x": 0.6428571428571428,
                    "y": 0.6785714285714286
                },
                "worldcoords": {
                    "x": 503.5339285714286,
                    "y": 419.6428571428571,
                    "z": 245.7036428571429
                }
            },
            "brPoint": {
                "imageCoords": {
                    "x": -1,
                    "y": -1
                },
                "uvCoords": {
                    "x": -1,
                    "y": -1
                },
                "uvCoordsNormalized": {
                    "x": 0.9999999999999999,
                    "y": 0.6785714285714286
                },
                "uvCoordsNormalizedYflipped": {
                    "x": 0.9999999999999999,
                    "y": 0.6785714285714286
                },
                "worldcoords": {
                    "x": 503.53392857142853,
                    "y": 419.6428571428571,
                    "z": 103.55900000000004
                }
            },
            "centerPoint": {
                "imageCoords": {
                    "x": -1,
                    "y": -1
                },
                "uvCoords": {
                    "x": -1,
                    "y": -1
                },
                "uvCoordsNormalized": {
                    "x": 0.8214285714285714,
                    "y": 0.5
                },
                "uvCoordsNormalizedYflipped": {
                    "x": 0.8214285714285714,
                    "y": 0.5
                },
                "worldcoords": {
                    "x": 503.525,
                    "y": 375.0,
                    "z": 174.63042857142858
                }
            },
            "imageFilename": "floor1/wall_25/IMG_7330.JPG",
            "imageHeight": 792,
            "imageIndex": 3,
            "imageWidth": 1188,
            "neighborImages": {
                "bottomImage": {
                    "distance": 1000000.0,
                    "pointIndex": -1
                },
                "leftImage": {
                    "distance": 1000000.0,
                    "pointIndex": -1
                },
                "rightImage": {
                    "distance": 1000000.0,
                    "pointIndex": -1
                },
                "topImage": {
                    "distance": 1000000.0,
                    "pointIndex": -1
                }
            },
            "originX": 0,
            "originY": 0,
            "tlPoint": {
                "imageCoords": {
                    "x": -1,
                    "y": -1
                },
                "uvCoords": {
                    "x": -1,
                    "y": -1
                },
                "uvCoordsNormalized": {
                    "x": 0.6428571428571428,
                    "y": 0.32142857142857145
                },
                "uvCoordsNormalizedYflipped": {
                    "x": 0.6428571428571428,
                    "y": 0.3214285714285714
                },
                "worldcoords": {
                    "x": 503.5160714285714,
                    "y": 330.3571428571429,
                    "z": 245.7018571428572
                }
            },
            "trPoint": {
                "imageCoords": {
                    "x": -1,
                    "y": -1
                },
                "uvCoords": {
                    "x": -1,
                    "y": -1
                },
                "uvCoordsNormalized": {
                    "x": 0.9999999999999999,
                    "y": 0.32142857142857145
                },
                "uvCoordsNormalizedYflipped": {
                    "x": 0.9999999999999999,
                    "y": 0.3214285714285714
                },
                "worldcoords": {
                    "x": 503.5160714285714,
                    "y": 330.3571428571429,
                    "z": 103.55900000000004
                }
            }
        },
        {
            "blPoint": {
                "imageCoords": {
                    "x": -1,
                    "y": -1
                },
                "uvCoords": {
                    "x": -1,
                    "y": -1
                },
                "uvCoordsNormalized": {
                    "x": 0.3214285714285714,
                    "y": 0.6785714285714286
                },
                "uvCoordsNormalizedYflipped": {
                    "x": 0.3214285714285714,
                    "y": 0.6785714285714286
                },
                "worldcoords": {
                    "x": 503.53392857142865,
                    "y": 419.64285714285717,
                    "z": 373.64828571428575
                }
            },
            "brPoint": {
                "imageCoords": {
                    "x": -1,
                    "y": -1
                },
                "uvCoords": {
                    "x": -1,
                    "y": -1
                },
                "uvCoordsNormalized": {
                    "x": 0.6785714285714285,
                    "y": 0.6785714285714286
                },
                "uvCoordsNormalizedYflipped": {
                    "x": 0.6785714285714285,
                    "y": 0.6785714285714286
                },
                "worldcoords": {
                    "x": 503.5339285714286,
                    "y": 419.6428571428571,
                    "z": 231.48757142857147
                }
            },
            "centerPoint": {
                "imageCoords": {
                    "x": -1,
                    "y": -1
                },
                "uvCoords": {
                    "x": -1,
                    "y": -1
                },
                "uvCoordsNormalized": {
                    "x": 0.49999999999999994,
                    "y": 0.5
                },
                "uvCoordsNormalizedYflipped": {
                    "x": 0.49999999999999994,
                    "y": 0.5
                },
                "worldcoords": {
                    "x": 503.525,
                    "y": 375.0,
                    "z": 302.559
                }
            },
            "imageFilename": "floor1/wall_25/IMG_7331.JPG",
            "imageHeight": 792,
            "imageIndex": 4,
            "imageWidth": 1188,
            "neighborImages": {
                "bottomImage": {
                    "distance": 1000000.0,
                    "pointIndex": -1
                },
                "leftImage": {
                    "distance": 1000000.0,
                    "pointIndex": -1
                },
                "rightImage": {
                    "distance": 1000000.0,
                    "pointIndex": -1
                },
                "topImage": {
                    "distance": 1000000.0,
                    "pointIndex": -1
                }
            },
            "originX": 0,
            "originY": 0,
            "tlPoint": {
                "imageCoords": {
                    "x": -1,
                    "y": -1
                },
                "uvCoords": {
                    "x": -1,
                    "y": -1
                },
                "uvCoordsNormalized": {
                    "x": 0.3214285714285714,
                    "y": 0.32142857142857145
                },
                "uvCoordsNormalizedYflipped": {
                    "x": 0.3214285714285714,
                    "y": 0.3214285714285714
                },
                "worldcoords": {
                    "x": 503.5160714285714,
                    "y": 330.35714285714283,
                    "z": 373.63042857142864
                }
            },
            "trPoint": {
                "imageCoords": {
                    "x": -1,
                    "y": -1
                },
                "uvCoords": {
                    "x": -1,
                    "y": -1
                },
                "uvCoordsNormalized": {
                    "x": 0.6785714285714285,
                    "y": 0.32142857142857145
                },
                "uvCoordsNormalizedYflipped": {
                    "x": 0.6785714285714285,
                    "y": 0.3214285714285714
                },
                "worldcoords": {
                    "x": 503.5160714285714,
                    "y": 330.3571428571429,
                    "z": 231.48757142857147
                }
            }
        },
        {
            "blPoint": {
                "imageCoords": {
                    "x": -1,
                    "y": -1
                },
                "uvCoords": {
                    "x": -1,
                    "y": -1
                },
                "uvCoordsNormalized": {
                    "x": 0.0,
                    "y": 0.6785714285714286
                },
                "uvCoordsNormalizedYflipped": {
                    "x": 0.0,
                    "y": 0.6785714285714286
                },
                "worldcoords": {
                    "x": 503.53392857142853,
                    "y": 419.6428571428571,
                    "z": 501.5929285714286
                }
            },
            "brPoint": {
                "imageCoords": {
                    "x": -1,
                    "y": -1
                },
                "uvCoords": {
                    "x": -1,
                    "y": -1
                },
                "uvCoordsNormalized": {
                    "x": 0.3571428571428571,
                    "y": 0.6785714285714286
                },
                "uvCoordsNormalizedYflipped": {
                    "x": 0.3571428571428571,
                    "y": 0.6785714285714286
                },
                "worldcoords": {
                    "x": 503.53392857142853,
                    "y": 419.6428571428571,
                    "z": 359.4322142857143
                }
            },
            "centerPoint": {
                "imageCoords": {
                    "x": -1,
                    "y": -1
                },
                "uvCoords": {
                    "x": -1,
                    "y": -1
                },
                "uvCoordsNormalized": {
                    "x": 0.17857142857142855,
                    "y": 0.5
                },
                "uvCoordsNormalizedYflipped": {
                    "x": 0.17857142857142855,
                    "y": 0.5
                },
                "worldcoords": {
                    "x": 503.525,
                    "y": 375.0,
                    "z": 430.50364285714284
                }
            },
            "imageFilename": "floor1/wall_25/IMG_7332.JPG",
            "imageHeight": 792,
            "imageIndex": 5,
            "imageWidth": 1188,
            "neighborImages": {
                "bottomImage": {
                    "distance": 1000000.0,
                    "pointIndex": -1
                },
                "leftImage": {
                    "distance": 1000000.0,
                    "pointIndex": -1
                },
                "rightImage": {
                    "distance": 1000000.0,
                    "pointIndex": -1
                },
                "topImage": {
                    "distance": 1000000.0,
                    "pointIndex": -1
                }
            },
            "originX": 0,
            "originY": 0,
            "tlPoint": {
                "imageCoords": {
                    "x": -1,
                    "y": -1
                },
                "uvCoords": {
                    "x": -1,
                    "y": -1
                },
                "uvCoordsNormalized": {
                    "x": 0.0,
                    "y": 0.32142857142857145
                },
                "uvCoordsNormalizedYflipped": {
                    "x": 0.0,
                    "y": 0.3214285714285714
                },
                "worldcoords": {
                    "x": 503.5160714285714,
                    "y": 330.3571428571429,
                    "z": 501.5750714285715
                }
            },
            "trPoint": {
                "imageCoords": {
                    "x": -1,
                    "y": -1
                },
                "uvCoords": {
                    "x": -1,
                    "y": -1
                },
                "uvCoordsNormalized": {
                    "x": 0.3571428571428571,
                    "y": 0.32142857142857145
                },
                "uvCoordsNormalizedYflipped": {
                    "x": 0.3571428571428571,
                    "y": 0.3214285714285714
                },
                "worldcoords": {
                    "x": 503.5160714285715,
                    "y": 330.3571428571429,
                    "z": 359.416142857143
                }
            }
        },
        {
            "blPoint": {
                "imageCoords": {
                    "x": -1,
                    "y": -1
                },
                "uvCoords": {
                    "x": -1,
                    "y": -1
                },
                "uvCoordsNormalized": {
                    "x": 0.0,
                    "y": 0.9999999999999999
                },
                "uvCoordsNormalizedYflipped": {
                    "x": 0.0,
                    "y": 0.3571428571428572
                },
                "worldcoords": {
                    "x": 503.55,
                    "y": 499.99999999999994,
                    "z": 501.609
                }
            },
            "brPoint": {
                "imageCoords": {
                    "x": -1,
                    "y": -1
                },
                "uvCoords": {
                    "x": -1,
                    "y": -1
                },
                "uvCoordsNormalized": {
                    "x": 0.3571428571428571,
                    "y": 0.9999999999999999
                },
                "uvCoordsNormalizedYflipped": {
                    "x": 0.3571428571428571,
                    "y": 0.3571428571428572
                },
                "worldcoords": {
                    "x": 503.55000000000007,
                    "y": 500.0,
                    "z": 359.4482857142857
                }
            },
            "centerPoint": {
                "imageCoords": {
                    "x": -1,
                    "y": -1
                },
                "uvCoords": {
                    "x": -1,
                    "y": -1
                },
                "uvCoordsNormalized": {
                    "x": 0.17857142857142855,
                    "y": 0.8214285714285714
                },
                "uvCoordsNormalizedYflipped": {
                    "x": 0.17857142857142855,
                    "y": 0.1785714285714286
                },
                "worldcoords": {
                    "x": 503.5410714285714,
                    "y": 455.3571428571428,
                    "z": 430.51971428571426
                }
            },
            "imageFilename": "floor1/wall_25/IMG_7333.JPG",
            "imageHeight": 792,
            "imageIndex": 6,
            "imageWidth": 1188,
            "neighborImages": {
                "bottomImage": {
                    "distance": 1000000.0,
                    "pointIndex": -1
                },
                "leftImage": {
                    "distance": 1000000.0,
                    "pointIndex": -1
                },
                "rightImage": {
                    "distance": 1000000.0,
                    "pointIndex": -1
                },
                "topImage": {
                    "distance": 1000000.0,
                    "pointIndex": -1
                }
            },
            "originX": 0,
            "originY": 0,
            "tlPoint": {
                "imageCoords": {
                    "x": -1,
                    "y": -1
                },
                "uvCoords": {
                    "x": -1,
                    "y": -1
                },
                "uvCoordsNormalized": {
                    "x": 0.0,
                    "y": 0.6428571428571428
                },
                "uvCoordsNormalizedYflipped": {
                    "x": 0.0,
                    "y": 1.1102230246251565e-16
                },
                "worldcoords": {
                    "x": 503.5321428571429,
                    "y": 410.71428571428567,
                    "z": 501.5911428571428
                }
            },
            "trPoint": {
                "imageCoords": {
                    "x": -1,
                    "y": -1
                },
                "uvCoords": {
                    "x": -1,
                    "y": -1
                },
                "uvCoordsNormalized": {
                    "x": 0.3571428571428571,
                    "y": 0.6428571428571428
                },
                "uvCoordsNormalizedYflipped": {
                    "x": 0.3571428571428571,
                    "y": 1.1102230246251565e-16
                },
                "worldcoords": {
                    "x": 503.5321428571429,
                    "y": 410.7142857142858,
                    "z": 359.4304285714286
                }
            }
        },
        {
            "blPoint": {
                "imageCoords": {
                    "x": -1,
                    "y": -1
                },
                "uvCoords": {
                    "x": -1,
                    "y": -1
                },
                "uvCoordsNormalized": {
                    "x": 0.3214285714285714,
                    "y": 0.9999999999999999
                },
                "uvCoordsNormalizedYflipped": {
                    "x": 0.3214285714285714,
                    "y": 0.3571428571428572
                },
                "worldcoords": {
                    "x": 503.55,
                    "y": 499.99999999999994,
                    "z": 373.66435714285717
                }
            },
            "brPoint": {
                "imageCoords": {
                    "x": -1,
                    "y": -1
                },
                "uvCoords": {
                    "x": -1,
                    "y": -1
                },
                "uvCoordsNormalized": {
                    "x": 0.6785714285714285,
                    "y": 0.9999999999999999
                },
                "uvCoordsNormalizedYflipped": {
                    "x": 0.6785714285714285,
                    "y": 0.3571428571428572
                },
                "worldcoords": {
                    "x": 503.55,
                    "y": 499.9999999999999,
                    "z": 231.50364285714286
                }
            },
            "centerPoint": {
                "imageCoords": {
                    "x": -1,
                    "y": -1
                },
                "uvCoords": {
                    "x": -1,
                    "y": -1
                },
                "uvCoordsNormalized": {
                    "x": 0.49999999999999994,
                    "y": 0.8214285714285714
                },
                "uvCoordsNormalizedYflipped": {
                    "x": 0.49999999999999994,
                    "y": 0.1785714285714286
                },
                "worldcoords": {
                    "x": 503.54107142857146,
                    "y": 455.3571428571428,
                    "z": 302.5750714285714
                }
            },
            "imageFilename": "floor1/wall_25/IMG_7334.JPG",
            "imageHeight": 792,
            "imageIndex": 7,
            "imageWidth": 1188,
            "neighborImages": {
                "bottomImage": {
                    "distance": 1000000.0,
                    "pointIndex": -1
                },
                "leftImage": {
                    "distance": 1000000.0,
                    "pointIndex": -1
                },
                "rightImage": {
                    "distance": 1000000.0,
                    "pointIndex": -1
                },
                "topImage": {
                    "distance": 1000000.0,
                    "pointIndex": -1
                }
            },
            "originX": 0,
            "originY": 0,
            "tlPoint": {
                "imageCoords": {
                    "x": -1,
                    "y": -1
                },
                "uvCoords": {
                    "x": -1,
                    "y": -1
                },
                "uvCoordsNormalized": {
                    "x": 0.3214285714285714,
                    "y": 0.6428571428571428
                },
                "uvCoordsNormalizedYflipped": {
                    "x": 0.3214285714285714,
                    "y": 1.1102230246251565e-16
                },
                "worldcoords": {
                    "x": 503.5321428571429,
                    "y": 410.71428571428567,
                    "z": 373.6465
                }
            },
            "trPoint": {
                "imageCoords": {
                    "x": -1,
                    "y": -1
                },
                "uvCoords": {
                    "x": -1,
                    "y": -1
                },
                "uvCoordsNormalized": {
                    "x": 0.6785714285714285,
                    "y": 0.6428571428571428
                },
                "uvCoordsNormalizedYflipped": {
                    "x": 0.6785714285714285,
                    "y": 1.1102230246251565e-16
                },
                "worldcoords": {
                    "x": 503.5321428571429,
                    "y": 410.71428571428567,
                    "z": 231.48757142857147
                }
            }
        },
        {
            "blPoint": {
                "imageCoords": {
                    "x": -1,
                    "y": -1
                },
                "uvCoords": {
                    "x": -1,
                    "y": -1
                },
                "uvCoordsNormalized": {
                    "x": 0.6428571428571428,
                    "y": 0.9999999999999999
                },
                "uvCoordsNormalizedYflipped": {
                    "x": 0.6428571428571428,
                    "y": 0.3571428571428572
                },
                "worldcoords": {
                    "x": 503.55000000000007,
                    "y": 499.99999999999994,
                    "z": 245.7197142857143
                }
            },
            "brPoint": {
                "imageCoords": {
                    "x": -1,
                    "y": -1
                },
                "uvCoords": {
                    "x": -1,
                    "y": -1
                },
                "uvCoordsNormalized": {
                    "x": 0.9999999999999999,
                    "y": 0.9999999999999999
                },
                "uvCoordsNormalizedYflipped": {
                    "x": 0.9999999999999999,
                    "y": 0.3571428571428572
                },
                "worldcoords": {
                    "x": 503.55,
                    "y": 499.99999999999994,
                    "z": 103.55900000000004
                }
            },
            "centerPoint": {
                "imageCoords": {
                    "x": -1,
                    "y": -1
                },
                "uvCoords": {
                    "x": -1,
                    "y": -1
                },
                "uvCoordsNormalized": {
                    "x": 0.8214285714285714,
                    "y": 0.8214285714285714
                },
                "uvCoordsNormalizedYflipped": {
                    "x": 0.8214285714285714,
                    "y": 0.1785714285714286
                },
                "worldcoords": {
                    "x": 503.5410714285714,
                    "y": 455.3571428571429,
                    "z": 174.63042857142858
                }
            },
            "imageFilename": "floor1/wall_25/IMG_7335.JPG",
            "imageHeight": 792,
            "imageIndex": 8,
            "imageWidth": 1188,
            "neighborImages": {
                "bottomImage": {
                    "distance": 1000000.0,
                    "pointIndex": -1
                },
                "leftImage": {
                    "distance": 1000000.0,
                    "pointIndex": -1
                },
                "rightImage": {
                    "distance": 1000000.0,
                    "pointIndex": -1
                },
                "topImage": {
                    "distance": 1000000.0,
                    "pointIndex": -1
                }
            },
            "originX": 0,
            "originY": 0,
            "tlPoint": {
                "imageCoords": {
                    "x": -1,
                    "y": -1
                },
                "uvCoords": {
                    "x": -1,
                    "y": -1
                },
                "uvCoordsNormalized": {
                    "x": 0.6428571428571428,
                    "y": 0.6428571428571428
                },
                "uvCoordsNormalizedYflipped": {
                    "x": 0.6428571428571428,
                    "y": 1.1102230246251565e-16
                },
                "worldcoords": {
                    "x": 503.5321428571429,
                    "y": 410.71428571428567,
                    "z": 245.7018571428572
                }
            },
            "trPoint": {
                "imageCoords": {
                    "x": -1,
                    "y": -1
                },
                "uvCoords": {
                    "x": -1,
                    "y": -1
                },
                "uvCoordsNormalized": {
                    "x": 0.9999999999999999,
                    "y": 0.6428571428571428
                },
                "uvCoordsNormalizedYflipped": {
                    "x": 0.9999999999999999,
                    "y": 1.1102230246251565e-16
                },
                "worldcoords": {
                    "x": 503.5321428571429,
                    "y": 410.71428571428567,
                    "z": 103.55900000000004
                }
            }
        }
    ],
    "materialIndex": 9,
    "materialName": "./floor1/wall_25/flatten_canvas.resized.jpg",
    "overviewImageInfo": {
        "blPoint": {
            "imageCoords": {
                "x": 0,
                "y": 2216
            },
            "uvCoords": {
                "x": -1,
                "y": -1
            },
            "uvCoordsNormalized": {
                "x": 0,
                "y": 1
            },
            "uvCoordsNormalizedYflipped": {
                "x": -1,
                "y": -1
            },
            "worldcoords": {
                "x": 503.55,
                "y": 500.0,
                "z": 501.609
            }
        },
        "brPoint": {
            "imageCoords": {
                "x": 3325,
                "y": 2216
            },
            "uvCoords": {
                "x": -1,
                "y": -1
            },
            "uvCoordsNormalized": {
                "x": 1,
                "y": 1
            },
            "uvCoordsNormalizedYflipped": {
                "x": -1,
                "y": -1
            },
            "worldcoords": {
                "x": 503.55,
                "y": 500.0,
                "z": 103.559
            }
        },
        "centerPoint": {
            "imageCoords": {
                "x": 1663,
                "y": 1108
            },
            "uvCoords": {
                "x": -1,
                "y": -1
            },
            "uvCoordsNormalized": {
                "x": -1,
                "y": -1
            },
            "uvCoordsNormalizedYflipped": {
                "x": -1,
                "y": -1
            },
            "worldcoords": {
                "x": 0,
                "y": 0,
                "z": 0
            }
        },
        "imageFilename": "NA",
        "imageHeight": 2217,
        "imageIndex": 0,
        "imageWidth": 3326,
        "neighborImages": {
            "bottomImage": {
                "distance": 1000000.0,
                "pointIndex": -1
            },
            "leftImage": {
                "distance": 1000000.0,
                "pointIndex": -1
            },
            "rightImage": {
                "distance": 1000000.0,
                "pointIndex": -1
            },
            "topImage": {
                "distance": 1000000.0,
                "pointIndex": -1
            }
        },
        "originX": 0,
        "originY": 0,
        "tlPoint": {
            "imageCoords": {
                "x": -1,
                "y": -1
            },
            "uvCoords": {
                "x": -1,
                "y": -1
            },
            "uvCoordsNormalized": {
                "x": 0,
                "y": 0
            },
            "uvCoordsNormalizedYflipped": {
                "x": -1,
                "y": -1
            },
            "worldcoords": {
                "x": 503.5,
                "y": 250.0,
                "z": 501.559
            }
        },
        "trPoint": {
            "imageCoords": {
                "x": 3325,
                "y": 0
            },
            "uvCoords": {
                "x": -1,
                "y": -1
            },
            "uvCoordsNormalized": {
                "x": 1,
                "y": 0
            },
            "uvCoordsNormalizedYflipped": {
                "x": -1,
                "y": -1
            },
            "worldcoords": {
                "x": 503.5,
                "y": 250.0,
                "z": 103.559
            }
        }
    }
}