{
    "imagesInfo": [
        {
            "blPoint": {
                "imageCoords": {
                    "x": -1,
                    "y": -1
                },
                "uvCoords": {
                    "x": -1,
                    "y": -1
                },
                "uvCoordsNormalized": {
                    "x": 0.0,
                    "y": 0.2702702702702703
                },
                "uvCoordsNormalizedYflipped": {
                    "x": 0.0,
                    "y": 0.9999999999999999
                },
                "worldcoords": {
                    "x": 503.45000000000005,
                    "y": 317.56756756756755,
                    "z": 708.559
                }
            },
            "brPoint": {
                "imageCoords": {
                    "x": -1,
                    "y": -1
                },
                "uvCoords": {
                    "x": -1,
                    "y": -1
                },
                "uvCoordsNormalized": {
                    "x": 0.5263157894736842,
                    "y": 0.2702702702702703
                },
                "uvCoordsNormalizedYflipped": {
                    "x": 0.5263157894736842,
                    "y": 0.9999999999999999
                },
                "worldcoords": {
                    "x": 503.45000000000005,
                    "y": 317.5675675675676,
                    "z": 842.7695263157893
                }
            },
            "centerPoint": {
                "imageCoords": {
                    "x": -1,
                    "y": -1
                },
                "uvCoords": {
                    "x": -1,
                    "y": -1
                },
                "uvCoordsNormalized": {
                    "x": 0.2631578947368421,
                    "y": 0.1351351351351352
                },
                "uvCoordsNormalizedYflipped": {
                    "x": 0.2631578947368421,
                    "y": 0.8648648648648648
                },
                "worldcoords": {
                    "x": 503.45,
                    "y": 283.7837837837838,
                    "z": 775.6642631578948
                }
            },
            "imageFilename": "floor1/wall_15/IMG_7254.JPG",
            "imageHeight": 792,
            "imageIndex": 0,
            "imageWidth": 1188,
            "neighborImages": {
                "bottomImage": {
                    "distance": 1000000.0,
                    "pointIndex": -1
                },
                "leftImage": {
                    "distance": 1000000.0,
                    "pointIndex": -1
                },
                "rightImage": {
                    "distance": 1000000.0,
                    "pointIndex": -1
                },
                "topImage": {
                    "distance": 1000000.0,
                    "pointIndex": -1
                }
            },
            "originX": 0,
            "originY": 0,
            "tlPoint": {
                "imageCoords": {
                    "x": -1,
                    "y": -1
                },
                "uvCoords": {
                    "x": -1,
                    "y": -1
                },
                "uvCoordsNormalized": {
                    "x": 0.0,
                    "y": 8.326672684688674e-17
                },
                "uvCoordsNormalizedYflipped": {
                    "x": 0.0,
                    "y": 0.7297297297297297
                },
                "worldcoords": {
                    "x": 503.45,
                    "y": 250.0,
                    "z": 708.559
                }
            },
            "trPoint": {
                "imageCoords": {
                    "x": -1,
                    "y": -1
                },
                "uvCoords": {
                    "x": -1,
                    "y": -1
                },
                "uvCoordsNormalized": {
                    "x": 0.5263157894736842,
                    "y": 8.326672684688674e-17
                },
                "uvCoordsNormalizedYflipped": {
                    "x": 0.5263157894736842,
                    "y": 0.7297297297297297
                },
                "worldcoords": {
                    "x": 503.45,
                    "y": 250.0,
                    "z": 842.7695263157894
                }
            }
        },
        {
            "blPoint": {
                "imageCoords": {
                    "x": -1,
                    "y": -1
                },
                "uvCoords": {
                    "x": -1,
                    "y": -1
                },
                "uvCoordsNormalized": {
                    "x": 0.47368421052631576,
                    "y": 0.2702702702702703
                },
                "uvCoordsNormalizedYflipped": {
                    "x": 0.47368421052631576,
                    "y": 0.9999999999999999
                },
                "worldcoords": {
                    "x": 503.45000000000005,
                    "y": 317.5675675675676,
                    "z": 829.3484736842106
                }
            },
            "brPoint": {
                "imageCoords": {
                    "x": -1,
                    "y": -1
                },
                "uvCoords": {
                    "x": -1,
                    "y": -1
                },
                "uvCoordsNormalized": {
                    "x": 1.0,
                    "y": 0.2702702702702703
                },
                "uvCoordsNormalizedYflipped": {
                    "x": 1.0,
                    "y": 0.9999999999999999
                },
                "worldcoords": {
                    "x": 503.45000000000005,
                    "y": 317.56756756756755,
                    "z": 963.559
                }
            },
            "centerPoint": {
                "imageCoords": {
                    "x": -1,
                    "y": -1
                },
                "uvCoords": {
                    "x": -1,
                    "y": -1
                },
                "uvCoordsNormalized": {
                    "x": 0.7368421052631579,
                    "y": 0.1351351351351352
                },
                "uvCoordsNormalizedYflipped": {
                    "x": 0.7368421052631579,
                    "y": 0.8648648648648648
                },
                "worldcoords": {
                    "x": 503.45,
                    "y": 283.7837837837838,
                    "z": 896.4537368421052
                }
            },
            "imageFilename": "floor1/wall_15/IMG_7255.JPG",
            "imageHeight": 792,
            "imageIndex": 1,
            "imageWidth": 1188,
            "neighborImages": {
                "bottomImage": {
                    "distance": 1000000.0,
                    "pointIndex": -1
                },
                "leftImage": {
                    "distance": 1000000.0,
                    "pointIndex": -1
                },
                "rightImage": {
                    "distance": 1000000.0,
                    "pointIndex": -1
                },
                "topImage": {
                    "distance": 1000000.0,
                    "pointIndex": -1
                }
            },
            "originX": 0,
            "originY": 0,
            "tlPoint": {
                "imageCoords": {
                    "x": -1,
                    "y": -1
                },
                "uvCoords": {
                    "x": -1,
                    "y": -1
                },
                "uvCoordsNormalized": {
                    "x": 0.47368421052631576,
                    "y": 8.326672684688674e-17
                },
                "uvCoordsNormalizedYflipped": {
                    "x": 0.47368421052631576,
                    "y": 0.7297297297297297
                },
                "worldcoords": {
                    "x": 503.45,
                    "y": 249.99999999999997,
                    "z": 829.3484736842105
                }
            },
            "trPoint": {
                "imageCoords": {
                    "x": -1,
                    "y": -1
                },
                "uvCoords": {
                    "x": -1,
                    "y": -1
                },
                "uvCoordsNormalized": {
                    "x": 1.0,
                    "y": 8.326672684688674e-17
                },
                "uvCoordsNormalizedYflipped": {
                    "x": 1.0,
                    "y": 0.7297297297297297
                },
                "worldcoords": {
                    "x": 503.45,
                    "y": 250.0,
                    "z": 963.559
                }
            }
        },
        {
            "blPoint": {
                "imageCoords": {
                    "x": -1,
                    "y": -1
                },
                "uvCoords": {
                    "x": -1,
                    "y": -1
                },
                "uvCoordsNormalized": {
                    "x": 0.47368421052631576,
                    "y": 0.5135135135135136
                },
                "uvCoordsNormalizedYflipped": {
                    "x": 0.47368421052631576,
                    "y": 0.7567567567567566
                },
                "worldcoords": {
                    "x": 503.45,
                    "y": 378.3783783783784,
                    "z": 829.3484736842106
                }
            },
            "brPoint": {
                "imageCoords": {
                    "x": -1,
                    "y": -1
                },
                "uvCoords": {
                    "x": -1,
                    "y": -1
                },
                "uvCoordsNormalized": {
                    "x": 1.0,
                    "y": 0.5135135135135136
                },
                "uvCoordsNormalizedYflipped": {
                    "x": 1.0,
                    "y": 0.7567567567567566
                },
                "worldcoords": {
                    "x": 503.45,
                    "y": 378.3783783783784,
                    "z": 963.559
                }
            },
            "centerPoint": {
                "imageCoords": {
                    "x": -1,
                    "y": -1
                },
                "uvCoords": {
                    "x": -1,
                    "y": -1
                },
                "uvCoordsNormalized": {
                    "x": 0.7368421052631579,
                    "y": 0.3783783783783785
                },
                "uvCoordsNormalizedYflipped": {
                    "x": 0.7368421052631579,
                    "y": 0.6216216216216215
                },
                "worldcoords": {
                    "x": 503.45000000000005,
                    "y": 344.5945945945946,
                    "z": 896.4537368421052
                }
            },
            "imageFilename": "floor1/wall_15/IMG_7256.JPG",
            "imageHeight": 792,
            "imageIndex": 2,
            "imageWidth": 1188,
            "neighborImages": {
                "bottomImage": {
                    "distance": 1000000.0,
                    "pointIndex": -1
                },
                "leftImage": {
                    "distance": 1000000.0,
                    "pointIndex": -1
                },
                "rightImage": {
                    "distance": 1000000.0,
                    "pointIndex": -1
                },
                "topImage": {
                    "distance": 1000000.0,
                    "pointIndex": -1
                }
            },
            "originX": 0,
            "originY": 0,
            "tlPoint": {
                "imageCoords": {
                    "x": -1,
                    "y": -1
                },
                "uvCoords": {
                    "x": -1,
                    "y": -1
                },
                "uvCoordsNormalized": {
                    "x": 0.47368421052631576,
                    "y": 0.2432432432432434
                },
                "uvCoordsNormalizedYflipped": {
                    "x": 0.47368421052631576,
                    "y": 0.4864864864864864
                },
                "worldcoords": {
                    "x": 503.45,
                    "y": 310.81081081081084,
                    "z": 829.3484736842105
                }
            },
            "trPoint": {
                "imageCoords": {
                    "x": -1,
                    "y": -1
                },
                "uvCoords": {
                    "x": -1,
                    "y": -1
                },
                "uvCoordsNormalized": {
                    "x": 1.0,
                    "y": 0.2432432432432434
                },
                "uvCoordsNormalizedYflipped": {
                    "x": 1.0,
                    "y": 0.4864864864864864
                },
                "worldcoords": {
                    "x": 503.44999999999993,
                    "y": 310.81081081081084,
                    "z": 963.559
                }
            }
        },
        {
            "blPoint": {
                "imageCoords": {
                    "x": -1,
                    "y": -1
                },
                "uvCoords": {
                    "x": -1,
                    "y": -1
                },
                "uvCoordsNormalized": {
                    "x": 0.0,
                    "y": 0.5135135135135136
                },
                "uvCoordsNormalizedYflipped": {
                    "x": 0.0,
                    "y": 0.7567567567567566
                },
                "worldcoords": {
                    "x": 503.45,
                    "y": 378.3783783783784,
                    "z": 708.559
                }
            },
            "brPoint": {
                "imageCoords": {
                    "x": -1,
                    "y": -1
                },
                "uvCoords": {
                    "x": -1,
                    "y": -1
                },
                "uvCoordsNormalized": {
                    "x": 0.5263157894736842,
                    "y": 0.5135135135135136
                },
                "uvCoordsNormalizedYflipped": {
                    "x": 0.5263157894736842,
                    "y": 0.7567567567567566
                },
                "worldcoords": {
                    "x": 503.45,
                    "y": 378.3783783783784,
                    "z": 842.7695263157894
                }
            },
            "centerPoint": {
                "imageCoords": {
                    "x": -1,
                    "y": -1
                },
                "uvCoords": {
                    "x": -1,
                    "y": -1
                },
                "uvCoordsNormalized": {
                    "x": 0.2631578947368421,
                    "y": 0.3783783783783785
                },
                "uvCoordsNormalizedYflipped": {
                    "x": 0.2631578947368421,
                    "y": 0.6216216216216215
                },
                "worldcoords": {
                    "x": 503.45,
                    "y": 344.5945945945946,
                    "z": 775.6642631578947
                }
            },
            "imageFilename": "floor1/wall_15/IMG_7257.JPG",
            "imageHeight": 792,
            "imageIndex": 3,
            "imageWidth": 1188,
            "neighborImages": {
                "bottomImage": {
                    "distance": 1000000.0,
                    "pointIndex": -1
                },
                "leftImage": {
                    "distance": 1000000.0,
                    "pointIndex": -1
                },
                "rightImage": {
                    "distance": 1000000.0,
                    "pointIndex": -1
                },
                "topImage": {
                    "distance": 1000000.0,
                    "pointIndex": -1
                }
            },
            "originX": 0,
            "originY": 0,
            "tlPoint": {
                "imageCoords": {
                    "x": -1,
                    "y": -1
                },
                "uvCoords": {
                    "x": -1,
                    "y": -1
                },
                "uvCoordsNormalized": {
                    "x": 0.0,
                    "y": 0.2432432432432434
                },
                "uvCoordsNormalizedYflipped": {
                    "x": 0.0,
                    "y": 0.4864864864864864
                },
                "worldcoords": {
                    "x": 503.44999999999993,
                    "y": 310.81081081081084,
                    "z": 708.559
                }
            },
            "trPoint": {
                "imageCoords": {
                    "x": -1,
                    "y": -1
                },
                "uvCoords": {
                    "x": -1,
                    "y": -1
                },
                "uvCoordsNormalized": {
                    "x": 0.5263157894736842,
                    "y": 0.2432432432432434
                },
                "uvCoordsNormalizedYflipped": {
                    "x": 0.5263157894736842,
                    "y": 0.4864864864864864
                },
                "worldcoords": {
                    "x": 503.45,
                    "y": 310.81081081081084,
                    "z": 842.7695263157893
                }
            }
        },
        {
            "blPoint": {
                "imageCoords": {
                    "x": -1,
                    "y": -1
                },
                "uvCoords": {
                    "x": -1,
                    "y": -1
                },
                "uvCoordsNormalized": {
                    "x": 0.0,
                    "y": 0.7567567567567568
                },
                "uvCoordsNormalizedYflipped": {
                    "x": 0.0,
                    "y": 0.5135135135135134
                },
                "worldcoords": {
                    "x": 503.44999999999993,
                    "y": 439.18918918918916,
                    "z": 708.559
                }
            },
            "brPoint": {
                "imageCoords": {
                    "x": -1,
                    "y": -1
                },
                "uvCoords": {
                    "x": -1,
                    "y": -1
                },
                "uvCoordsNormalized": {
                    "x": 0.5263157894736842,
                    "y": 0.7567567567567568
                },
                "uvCoordsNormalizedYflipped": {
                    "x": 0.5263157894736842,
                    "y": 0.5135135135135134
                },
                "worldcoords": {
                    "x": 503.44999999999993,
                    "y": 439.18918918918916,
                    "z": 842.7695263157894
                }
            },
            "centerPoint": {
                "imageCoords": {
                    "x": -1,
                    "y": -1
                },
                "uvCoords": {
                    "x": -1,
                    "y": -1
                },
                "uvCoordsNormalized": {
                    "x": 0.2631578947368421,
                    "y": 0.6216216216216217
                },
                "uvCoordsNormalizedYflipped": {
                    "x": 0.2631578947368421,
                    "y": 0.3783783783783783
                },
                "worldcoords": {
                    "x": 503.45000000000005,
                    "y": 405.4054054054055,
                    "z": 775.6642631578948
                }
            },
            "imageFilename": "floor1/wall_15/IMG_7258.JPG",
            "imageHeight": 792,
            "imageIndex": 4,
            "imageWidth": 1188,
            "neighborImages": {
                "bottomImage": {
                    "distance": 1000000.0,
                    "pointIndex": -1
                },
                "leftImage": {
                    "distance": 1000000.0,
                    "pointIndex": -1
                },
                "rightImage": {
                    "distance": 1000000.0,
                    "pointIndex": -1
                },
                "topImage": {
                    "distance": 1000000.0,
                    "pointIndex": -1
                }
            },
            "originX": 0,
            "originY": 0,
            "tlPoint": {
                "imageCoords": {
                    "x": -1,
                    "y": -1
                },
                "uvCoords": {
                    "x": -1,
                    "y": -1
                },
                "uvCoordsNormalized": {
                    "x": 0.0,
                    "y": 0.4864864864864866
                },
                "uvCoordsNormalizedYflipped": {
                    "x": 0.0,
                    "y": 0.2432432432432432
                },
                "worldcoords": {
                    "x": 503.45,
                    "y": 371.62162162162167,
                    "z": 708.559
                }
            },
            "trPoint": {
                "imageCoords": {
                    "x": -1,
                    "y": -1
                },
                "uvCoords": {
                    "x": -1,
                    "y": -1
                },
                "uvCoordsNormalized": {
                    "x": 0.5263157894736842,
                    "y": 0.4864864864864866
                },
                "uvCoordsNormalizedYflipped": {
                    "x": 0.5263157894736842,
                    "y": 0.2432432432432432
                },
                "worldcoords": {
                    "x": 503.45,
                    "y": 371.62162162162167,
                    "z": 842.7695263157893
                }
            }
        },
        {
            "blPoint": {
                "imageCoords": {
                    "x": -1,
                    "y": -1
                },
                "uvCoords": {
                    "x": -1,
                    "y": -1
                },
                "uvCoordsNormalized": {
                    "x": 0.47368421052631576,
                    "y": 0.7567567567567568
                },
                "uvCoordsNormalizedYflipped": {
                    "x": 0.47368421052631576,
                    "y": 0.5135135135135134
                },
                "worldcoords": {
                    "x": 503.45000000000005,
                    "y": 439.1891891891893,
                    "z": 829.3484736842106
                }
            },
            "brPoint": {
                "imageCoords": {
                    "x": -1,
                    "y": -1
                },
                "uvCoords": {
                    "x": -1,
                    "y": -1
                },
                "uvCoordsNormalized": {
                    "x": 1.0,
                    "y": 0.7567567567567568
                },
                "uvCoordsNormalizedYflipped": {
                    "x": 1.0,
                    "y": 0.5135135135135134
                },
                "worldcoords": {
                    "x": 503.44999999999993,
                    "y": 439.18918918918916,
                    "z": 963.559
                }
            },
            "centerPoint": {
                "imageCoords": {
                    "x": -1,
                    "y": -1
                },
                "uvCoords": {
                    "x": -1,
                    "y": -1
                },
                "uvCoordsNormalized": {
                    "x": 0.7368421052631579,
                    "y": 0.6216216216216217
                },
                "uvCoordsNormalizedYflipped": {
                    "x": 0.7368421052631579,
                    "y": 0.3783783783783783
                },
                "worldcoords": {
                    "x": 503.45,
                    "y": 405.4054054054054,
                    "z": 896.4537368421053
                }
            },
            "imageFilename": "floor1/wall_15/IMG_7259.JPG",
            "imageHeight": 792,
            "imageIndex": 5,
            "imageWidth": 1188,
            "neighborImages": {
                "bottomImage": {
                    "distance": 1000000.0,
                    "pointIndex": -1
                },
                "leftImage": {
                    "distance": 1000000.0,
                    "pointIndex": -1
                },
                "rightImage": {
                    "distance": 1000000.0,
                    "pointIndex": -1
                },
                "topImage": {
                    "distance": 1000000.0,
                    "pointIndex": -1
                }
            },
            "originX": 0,
            "originY": 0,
            "tlPoint": {
                "imageCoords": {
                    "x": -1,
                    "y": -1
                },
                "uvCoords": {
                    "x": -1,
                    "y": -1
                },
                "uvCoordsNormalized": {
                    "x": 0.47368421052631576,
                    "y": 0.4864864864864866
                },
                "uvCoordsNormalizedYflipped": {
                    "x": 0.47368421052631576,
                    "y": 0.2432432432432432
                },
                "worldcoords": {
                    "x": 503.45000000000005,
                    "y": 371.62162162162167,
                    "z": 829.3484736842104
                }
            },
            "trPoint": {
                "imageCoords": {
                    "x": -1,
                    "y": -1
                },
                "uvCoords": {
                    "x": -1,
                    "y": -1
                },
                "uvCoordsNormalized": {
                    "x": 1.0,
                    "y": 0.4864864864864866
                },
                "uvCoordsNormalizedYflipped": {
                    "x": 1.0,
                    "y": 0.2432432432432432
                },
                "worldcoords": {
                    "x": 503.45,
                    "y": 371.62162162162167,
                    "z": 963.559
                }
            }
        },
        {
            "blPoint": {
                "imageCoords": {
                    "x": -1,
                    "y": -1
                },
                "uvCoords": {
                    "x": -1,
                    "y": -1
                },
                "uvCoordsNormalized": {
                    "x": 0.47368421052631576,
                    "y": 1.0
                },
                "uvCoordsNormalizedYflipped": {
                    "x": 0.47368421052631576,
                    "y": 0.2702702702702702
                },
                "worldcoords": {
                    "x": 503.45000000000005,
                    "y": 500.0,
                    "z": 829.3484736842105
                }
            },
            "brPoint": {
                "imageCoords": {
                    "x": -1,
                    "y": -1
                },
                "uvCoords": {
                    "x": -1,
                    "y": -1
                },
                "uvCoordsNormalized": {
                    "x": 1.0,
                    "y": 1.0
                },
                "uvCoordsNormalizedYflipped": {
                    "x": 1.0,
                    "y": 0.2702702702702702
                },
                "worldcoords": {
                    "x": 503.45,
                    "y": 500.0,
                    "z": 963.559
                }
            },
            "centerPoint": {
                "imageCoords": {
                    "x": -1,
                    "y": -1
                },
                "uvCoords": {
                    "x": -1,
                    "y": -1
                },
                "uvCoordsNormalized": {
                    "x": 0.7368421052631579,
                    "y": 0.8648648648648649
                },
                "uvCoordsNormalizedYflipped": {
                    "x": 0.7368421052631579,
                    "y": 0.1351351351351351
                },
                "worldcoords": {
                    "x": 503.45,
                    "y": 466.21621621621625,
                    "z": 896.4537368421053
                }
            },
            "imageFilename": "floor1/wall_15/IMG_7260.JPG",
            "imageHeight": 792,
            "imageIndex": 6,
            "imageWidth": 1188,
            "neighborImages": {
                "bottomImage": {
                    "distance": 1000000.0,
                    "pointIndex": -1
                },
                "leftImage": {
                    "distance": 1000000.0,
                    "pointIndex": -1
                },
                "rightImage": {
                    "distance": 1000000.0,
                    "pointIndex": -1
                },
                "topImage": {
                    "distance": 1000000.0,
                    "pointIndex": -1
                }
            },
            "originX": 0,
            "originY": 0,
            "tlPoint": {
                "imageCoords": {
                    "x": -1,
                    "y": -1
                },
                "uvCoords": {
                    "x": -1,
                    "y": -1
                },
                "uvCoordsNormalized": {
                    "x": 0.47368421052631576,
                    "y": 0.7297297297297298
                },
                "uvCoordsNormalizedYflipped": {
                    "x": 0.47368421052631576,
                    "y": 0.0
                },
                "worldcoords": {
                    "x": 503.45000000000005,
                    "y": 432.4324324324325,
                    "z": 829.3484736842106
                }
            },
            "trPoint": {
                "imageCoords": {
                    "x": -1,
                    "y": -1
                },
                "uvCoords": {
                    "x": -1,
                    "y": -1
                },
                "uvCoordsNormalized": {
                    "x": 1.0,
                    "y": 0.7297297297297298
                },
                "uvCoordsNormalizedYflipped": {
                    "x": 1.0,
                    "y": 0.0
                },
                "worldcoords": {
                    "x": 503.45000000000005,
                    "y": 432.43243243243245,
                    "z": 963.559
                }
            }
        },
        {
            "blPoint": {
                "imageCoords": {
                    "x": -1,
                    "y": -1
                },
                "uvCoords": {
                    "x": -1,
                    "y": -1
                },
                "uvCoordsNormalized": {
                    "x": 0.0,
                    "y": 1.0
                },
                "uvCoordsNormalizedYflipped": {
                    "x": 0.0,
                    "y": 0.2702702702702702
                },
                "worldcoords": {
                    "x": 503.45,
                    "y": 500.0,
                    "z": 708.559
                }
            },
            "brPoint": {
                "imageCoords": {
                    "x": -1,
                    "y": -1
                },
                "uvCoords": {
                    "x": -1,
                    "y": -1
                },
                "uvCoordsNormalized": {
                    "x": 0.5263157894736842,
                    "y": 1.0
                },
                "uvCoordsNormalizedYflipped": {
                    "x": 0.5263157894736842,
                    "y": 0.2702702702702702
                },
                "worldcoords": {
                    "x": 503.45,
                    "y": 500.0,
                    "z": 842.7695263157894
                }
            },
            "centerPoint": {
                "imageCoords": {
                    "x": -1,
                    "y": -1
                },
                "uvCoords": {
                    "x": -1,
                    "y": -1
                },
                "uvCoordsNormalized": {
                    "x": 0.2631578947368421,
                    "y": 0.8648648648648649
                },
                "uvCoordsNormalizedYflipped": {
                    "x": 0.2631578947368421,
                    "y": 0.1351351351351351
                },
                "worldcoords": {
                    "x": 503.45000000000005,
                    "y": 466.21621621621625,
                    "z": 775.6642631578948
                }
            },
            "imageFilename": "floor1/wall_15/IMG_7261.JPG",
            "imageHeight": 792,
            "imageIndex": 7,
            "imageWidth": 1188,
            "neighborImages": {
                "bottomImage": {
                    "distance": 1000000.0,
                    "pointIndex": -1
                },
                "leftImage": {
                    "distance": 1000000.0,
                    "pointIndex": -1
                },
                "rightImage": {
                    "distance": 1000000.0,
                    "pointIndex": -1
                },
                "topImage": {
                    "distance": 1000000.0,
                    "pointIndex": -1
                }
            },
            "originX": 0,
            "originY": 0,
            "tlPoint": {
                "imageCoords": {
                    "x": -1,
                    "y": -1
                },
                "uvCoords": {
                    "x": -1,
                    "y": -1
                },
                "uvCoordsNormalized": {
                    "x": 0.0,
                    "y": 0.7297297297297298
                },
                "uvCoordsNormalizedYflipped": {
                    "x": 0.0,
                    "y": 0.0
                },
                "worldcoords": {
                    "x": 503.45000000000005,
                    "y": 432.43243243243245,
                    "z": 708.559
                }
            },
            "trPoint": {
                "imageCoords": {
                    "x": -1,
                    "y": -1
                },
                "uvCoords": {
                    "x": -1,
                    "y": -1
                },
                "uvCoordsNormalized": {
                    "x": 0.5263157894736842,
                    "y": 0.7297297297297298
                },
                "uvCoordsNormalizedYflipped": {
                    "x": 0.5263157894736842,
                    "y": 0.0
                },
                "worldcoords": {
                    "x": 503.45000000000005,
                    "y": 432.43243243243245,
                    "z": 842.7695263157893
                }
            }
        }
    ],
    "materialIndex": 21,
    "materialName": "./floor1/wall_15/flatten_canvas.resized.jpg",
    "overviewImageInfo": {
        "blPoint": {
            "imageCoords": {
                "x": 0,
                "y": 2929
            },
            "uvCoords": {
                "x": -1,
                "y": -1
            },
            "uvCoordsNormalized": {
                "x": 0,
                "y": 1
            },
            "uvCoordsNormalizedYflipped": {
                "x": -1,
                "y": -1
            },
            "worldcoords": {
                "x": 503.45,
                "y": 500.0,
                "z": 708.559
            }
        },
        "brPoint": {
            "imageCoords": {
                "x": 2256,
                "y": 2929
            },
            "uvCoords": {
                "x": -1,
                "y": -1
            },
            "uvCoordsNormalized": {
                "x": 1,
                "y": 1
            },
            "uvCoordsNormalizedYflipped": {
                "x": -1,
                "y": -1
            },
            "worldcoords": {
                "x": 503.45,
                "y": 500.0,
                "z": 963.559
            }
        },
        "centerPoint": {
            "imageCoords": {
                "x": 1128,
                "y": 1465
            },
            "uvCoords": {
                "x": -1,
                "y": -1
            },
            "uvCoordsNormalized": {
                "x": -1,
                "y": -1
            },
            "uvCoordsNormalizedYflipped": {
                "x": -1,
                "y": -1
            },
            "worldcoords": {
                "x": 0,
                "y": 0,
                "z": 0
            }
        },
        "imageFilename": "NA",
        "imageHeight": 2930,
        "imageIndex": 0,
        "imageWidth": 2257,
        "neighborImages": {
            "bottomImage": {
                "distance": 1000000.0,
                "pointIndex": -1
            },
            "leftImage": {
                "distance": 1000000.0,
                "pointIndex": -1
            },
            "rightImage": {
                "distance": 1000000.0,
                "pointIndex": -1
            },
            "topImage": {
                "distance": 1000000.0,
                "pointIndex": -1
            }
        },
        "originX": 0,
        "originY": 0,
        "tlPoint": {
            "imageCoords": {
                "x": -1,
                "y": -1
            },
            "uvCoords": {
                "x": -1,
                "y": -1
            },
            "uvCoordsNormalized": {
                "x": 0,
                "y": 0
            },
            "uvCoordsNormalizedYflipped": {
                "x": -1,
                "y": -1
            },
            "worldcoords": {
                "x": 503.45,
                "y": 250.0,
                "z": 708.559
            }
        },
        "trPoint": {
            "imageCoords": {
                "x": 2256,
                "y": 0
            },
            "uvCoords": {
                "x": -1,
                "y": -1
            },
            "uvCoordsNormalized": {
                "x": 1,
                "y": 0
            },
            "uvCoordsNormalizedYflipped": {
                "x": -1,
                "y": -1
            },
            "worldcoords": {
                "x": 503.45,
                "y": 250.0,
                "z": 963.559
            }
        }
    }
}