{
    "imagesInfo": [
        {
            "blPoint": {
                "imageCoords": {
                    "x": -1,
                    "y": -1
                },
                "uvCoords": {
                    "x": -1,
                    "y": -1
                },
                "uvCoordsNormalized": {
                    "x": 0.0,
                    "y": 0.2702702702702703
                },
                "uvCoordsNormalizedYflipped": {
                    "x": 0.0,
                    "y": 0.9999999999999999
                },
                "worldcoords": {
                    "x": 1589.45,
                    "y": 567.5675675675675,
                    "z": 1217.56
                }
            },
            "brPoint": {
                "imageCoords": {
                    "x": -1,
                    "y": -1
                },
                "uvCoords": {
                    "x": -1,
                    "y": -1
                },
                "uvCoordsNormalized": {
                    "x": 0.5263157894736842,
                    "y": 0.2702702702702703
                },
                "uvCoordsNormalizedYflipped": {
                    "x": 0.5263157894736842,
                    "y": 0.9999999999999999
                },
                "worldcoords": {
                    "x": 1589.45,
                    "y": 567.5675675675676,
                    "z": 1359.638947368421
                }
            },
            "centerPoint": {
                "imageCoords": {
                    "x": -1,
                    "y": -1
                },
                "uvCoords": {
                    "x": -1,
                    "y": -1
                },
                "uvCoordsNormalized": {
                    "x": 0.2631578947368421,
                    "y": 0.1351351351351352
                },
                "uvCoordsNormalizedYflipped": {
                    "x": 0.2631578947368421,
                    "y": 0.8648648648648648
                },
                "worldcoords": {
                    "x": 1589.4500000000003,
                    "y": 533.7837837837837,
                    "z": 1288.5994736842104
                }
            },
            "imageFilename": "floor2/wall_15/IMG_7423.JPG",
            "imageHeight": 792,
            "imageIndex": 0,
            "imageWidth": 1188,
            "neighborImages": {
                "bottomImage": {
                    "distance": 1000000.0,
                    "pointIndex": -1
                },
                "leftImage": {
                    "distance": 1000000.0,
                    "pointIndex": -1
                },
                "rightImage": {
                    "distance": 1000000.0,
                    "pointIndex": -1
                },
                "topImage": {
                    "distance": 1000000.0,
                    "pointIndex": -1
                }
            },
            "originX": 0,
            "originY": 0,
            "tlPoint": {
                "imageCoords": {
                    "x": -1,
                    "y": -1
                },
                "uvCoords": {
                    "x": -1,
                    "y": -1
                },
                "uvCoordsNormalized": {
                    "x": 0.0,
                    "y": 8.326672684688674e-17
                },
                "uvCoordsNormalizedYflipped": {
                    "x": 0.0,
                    "y": 0.7297297297297297
                },
                "worldcoords": {
                    "x": 1589.45,
                    "y": 500.0,
                    "z": 1217.5599999999997
                }
            },
            "trPoint": {
                "imageCoords": {
                    "x": -1,
                    "y": -1
                },
                "uvCoords": {
                    "x": -1,
                    "y": -1
                },
                "uvCoordsNormalized": {
                    "x": 0.5263157894736842,
                    "y": 8.326672684688674e-17
                },
                "uvCoordsNormalizedYflipped": {
                    "x": 0.5263157894736842,
                    "y": 0.7297297297297297
                },
                "worldcoords": {
                    "x": 1589.45,
                    "y": 500.0,
                    "z": 1359.638947368421
                }
            }
        },
        {
            "blPoint": {
                "imageCoords": {
                    "x": -1,
                    "y": -1
                },
                "uvCoords": {
                    "x": -1,
                    "y": -1
                },
                "uvCoordsNormalized": {
                    "x": 0.47368421052631576,
                    "y": 0.2702702702702703
                },
                "uvCoordsNormalizedYflipped": {
                    "x": 0.47368421052631576,
                    "y": 0.9999999999999999
                },
                "worldcoords": {
                    "x": 1589.45,
                    "y": 567.5675675675676,
                    "z": 1345.431052631579
                }
            },
            "brPoint": {
                "imageCoords": {
                    "x": -1,
                    "y": -1
                },
                "uvCoords": {
                    "x": -1,
                    "y": -1
                },
                "uvCoordsNormalized": {
                    "x": 1.0,
                    "y": 0.2702702702702703
                },
                "uvCoordsNormalizedYflipped": {
                    "x": 1.0,
                    "y": 0.9999999999999999
                },
                "worldcoords": {
                    "x": 1589.45,
                    "y": 567.5675675675675,
                    "z": 1487.51
                }
            },
            "centerPoint": {
                "imageCoords": {
                    "x": -1,
                    "y": -1
                },
                "uvCoords": {
                    "x": -1,
                    "y": -1
                },
                "uvCoordsNormalized": {
                    "x": 0.7368421052631579,
                    "y": 0.1351351351351352
                },
                "uvCoordsNormalizedYflipped": {
                    "x": 0.7368421052631579,
                    "y": 0.8648648648648648
                },
                "worldcoords": {
                    "x": 1589.45,
                    "y": 533.7837837837837,
                    "z": 1416.4705263157894
                }
            },
            "imageFilename": "floor2/wall_15/IMG_7424.JPG",
            "imageHeight": 792,
            "imageIndex": 1,
            "imageWidth": 1188,
            "neighborImages": {
                "bottomImage": {
                    "distance": 1000000.0,
                    "pointIndex": -1
                },
                "leftImage": {
                    "distance": 1000000.0,
                    "pointIndex": -1
                },
                "rightImage": {
                    "distance": 1000000.0,
                    "pointIndex": -1
                },
                "topImage": {
                    "distance": 1000000.0,
                    "pointIndex": -1
                }
            },
            "originX": 0,
            "originY": 0,
            "tlPoint": {
                "imageCoords": {
                    "x": -1,
                    "y": -1
                },
                "uvCoords": {
                    "x": -1,
                    "y": -1
                },
                "uvCoordsNormalized": {
                    "x": 0.47368421052631576,
                    "y": 8.326672684688674e-17
                },
                "uvCoordsNormalizedYflipped": {
                    "x": 0.47368421052631576,
                    "y": 0.7297297297297297
                },
                "worldcoords": {
                    "x": 1589.45,
                    "y": 499.99999999999994,
                    "z": 1345.431052631579
                }
            },
            "trPoint": {
                "imageCoords": {
                    "x": -1,
                    "y": -1
                },
                "uvCoords": {
                    "x": -1,
                    "y": -1
                },
                "uvCoordsNormalized": {
                    "x": 1.0,
                    "y": 8.326672684688674e-17
                },
                "uvCoordsNormalizedYflipped": {
                    "x": 1.0,
                    "y": 0.7297297297297297
                },
                "worldcoords": {
                    "x": 1589.45,
                    "y": 500.0,
                    "z": 1487.51
                }
            }
        },
        {
            "blPoint": {
                "imageCoords": {
                    "x": -1,
                    "y": -1
                },
                "uvCoords": {
                    "x": -1,
                    "y": -1
                },
                "uvCoordsNormalized": {
                    "x": 0.47368421052631576,
                    "y": 0.5135135135135136
                },
                "uvCoordsNormalizedYflipped": {
                    "x": 0.47368421052631576,
                    "y": 0.7567567567567566
                },
                "worldcoords": {
                    "x": 1589.45,
                    "y": 628.3783783783783,
                    "z": 1345.431052631579
                }
            },
            "brPoint": {
                "imageCoords": {
                    "x": -1,
                    "y": -1
                },
                "uvCoords": {
                    "x": -1,
                    "y": -1
                },
                "uvCoordsNormalized": {
                    "x": 1.0,
                    "y": 0.5135135135135136
                },
                "uvCoordsNormalizedYflipped": {
                    "x": 1.0,
                    "y": 0.7567567567567566
                },
                "worldcoords": {
                    "x": 1589.45,
                    "y": 628.3783783783784,
                    "z": 1487.51
                }
            },
            "centerPoint": {
                "imageCoords": {
                    "x": -1,
                    "y": -1
                },
                "uvCoords": {
                    "x": -1,
                    "y": -1
                },
                "uvCoordsNormalized": {
                    "x": 0.7368421052631579,
                    "y": 0.3783783783783785
                },
                "uvCoordsNormalizedYflipped": {
                    "x": 0.7368421052631579,
                    "y": 0.6216216216216215
                },
                "worldcoords": {
                    "x": 1589.45,
                    "y": 594.5945945945946,
                    "z": 1416.4705263157894
                }
            },
            "imageFilename": "floor2/wall_15/IMG_7425.JPG",
            "imageHeight": 792,
            "imageIndex": 2,
            "imageWidth": 1188,
            "neighborImages": {
                "bottomImage": {
                    "distance": 1000000.0,
                    "pointIndex": -1
                },
                "leftImage": {
                    "distance": 1000000.0,
                    "pointIndex": -1
                },
                "rightImage": {
                    "distance": 1000000.0,
                    "pointIndex": -1
                },
                "topImage": {
                    "distance": 1000000.0,
                    "pointIndex": -1
                }
            },
            "originX": 0,
            "originY": 0,
            "tlPoint": {
                "imageCoords": {
                    "x": -1,
                    "y": -1
                },
                "uvCoords": {
                    "x": -1,
                    "y": -1
                },
                "uvCoordsNormalized": {
                    "x": 0.47368421052631576,
                    "y": 0.2432432432432434
                },
                "uvCoordsNormalizedYflipped": {
                    "x": 0.47368421052631576,
                    "y": 0.4864864864864864
                },
                "worldcoords": {
                    "x": 1589.45,
                    "y": 560.8108108108108,
                    "z": 1345.431052631579
                }
            },
            "trPoint": {
                "imageCoords": {
                    "x": -1,
                    "y": -1
                },
                "uvCoords": {
                    "x": -1,
                    "y": -1
                },
                "uvCoordsNormalized": {
                    "x": 1.0,
                    "y": 0.2432432432432434
                },
                "uvCoordsNormalizedYflipped": {
                    "x": 1.0,
                    "y": 0.4864864864864864
                },
                "worldcoords": {
                    "x": 1589.45,
                    "y": 560.8108108108108,
                    "z": 1487.51
                }
            }
        },
        {
            "blPoint": {
                "imageCoords": {
                    "x": -1,
                    "y": -1
                },
                "uvCoords": {
                    "x": -1,
                    "y": -1
                },
                "uvCoordsNormalized": {
                    "x": 0.0,
                    "y": 0.5135135135135136
                },
                "uvCoordsNormalizedYflipped": {
                    "x": 0.0,
                    "y": 0.7567567567567566
                },
                "worldcoords": {
                    "x": 1589.45,
                    "y": 628.3783783783784,
                    "z": 1217.56
                }
            },
            "brPoint": {
                "imageCoords": {
                    "x": -1,
                    "y": -1
                },
                "uvCoords": {
                    "x": -1,
                    "y": -1
                },
                "uvCoordsNormalized": {
                    "x": 0.5263157894736842,
                    "y": 0.5135135135135136
                },
                "uvCoordsNormalizedYflipped": {
                    "x": 0.5263157894736842,
                    "y": 0.7567567567567566
                },
                "worldcoords": {
                    "x": 1589.4499999999998,
                    "y": 628.3783783783784,
                    "z": 1359.638947368421
                }
            },
            "centerPoint": {
                "imageCoords": {
                    "x": -1,
                    "y": -1
                },
                "uvCoords": {
                    "x": -1,
                    "y": -1
                },
                "uvCoordsNormalized": {
                    "x": 0.2631578947368421,
                    "y": 0.3783783783783785
                },
                "uvCoordsNormalizedYflipped": {
                    "x": 0.2631578947368421,
                    "y": 0.6216216216216215
                },
                "worldcoords": {
                    "x": 1589.45,
                    "y": 594.5945945945946,
                    "z": 1288.5994736842106
                }
            },
            "imageFilename": "floor2/wall_15/IMG_7426.JPG",
            "imageHeight": 792,
            "imageIndex": 3,
            "imageWidth": 1188,
            "neighborImages": {
                "bottomImage": {
                    "distance": 1000000.0,
                    "pointIndex": -1
                },
                "leftImage": {
                    "distance": 1000000.0,
                    "pointIndex": -1
                },
                "rightImage": {
                    "distance": 1000000.0,
                    "pointIndex": -1
                },
                "topImage": {
                    "distance": 1000000.0,
                    "pointIndex": -1
                }
            },
            "originX": 0,
            "originY": 0,
            "tlPoint": {
                "imageCoords": {
                    "x": -1,
                    "y": -1
                },
                "uvCoords": {
                    "x": -1,
                    "y": -1
                },
                "uvCoordsNormalized": {
                    "x": 0.0,
                    "y": 0.2432432432432434
                },
                "uvCoordsNormalizedYflipped": {
                    "x": 0.0,
                    "y": 0.4864864864864864
                },
                "worldcoords": {
                    "x": 1589.45,
                    "y": 560.8108108108108,
                    "z": 1217.56
                }
            },
            "trPoint": {
                "imageCoords": {
                    "x": -1,
                    "y": -1
                },
                "uvCoords": {
                    "x": -1,
                    "y": -1
                },
                "uvCoordsNormalized": {
                    "x": 0.5263157894736842,
                    "y": 0.2432432432432434
                },
                "uvCoordsNormalizedYflipped": {
                    "x": 0.5263157894736842,
                    "y": 0.4864864864864864
                },
                "worldcoords": {
                    "x": 1589.45,
                    "y": 560.8108108108108,
                    "z": 1359.6389473684208
                }
            }
        },
        {
            "blPoint": {
                "imageCoords": {
                    "x": -1,
                    "y": -1
                },
                "uvCoords": {
                    "x": -1,
                    "y": -1
                },
                "uvCoordsNormalized": {
                    "x": 0.0,
                    "y": 0.7567567567567568
                },
                "uvCoordsNormalizedYflipped": {
                    "x": 0.0,
                    "y": 0.5135135135135134
                },
                "worldcoords": {
                    "x": 1589.45,
                    "y": 689.1891891891892,
                    "z": 1217.56
                }
            },
            "brPoint": {
                "imageCoords": {
                    "x": -1,
                    "y": -1
                },
                "uvCoords": {
                    "x": -1,
                    "y": -1
                },
                "uvCoordsNormalized": {
                    "x": 0.5263157894736842,
                    "y": 0.7567567567567568
                },
                "uvCoordsNormalizedYflipped": {
                    "x": 0.5263157894736842,
                    "y": 0.5135135135135134
                },
                "worldcoords": {
                    "x": 1589.45,
                    "y": 689.1891891891892,
                    "z": 1359.638947368421
                }
            },
            "centerPoint": {
                "imageCoords": {
                    "x": -1,
                    "y": -1
                },
                "uvCoords": {
                    "x": -1,
                    "y": -1
                },
                "uvCoordsNormalized": {
                    "x": 0.2631578947368421,
                    "y": 0.6216216216216217
                },
                "uvCoordsNormalizedYflipped": {
                    "x": 0.2631578947368421,
                    "y": 0.3783783783783783
                },
                "worldcoords": {
                    "x": 1589.4500000000003,
                    "y": 655.4054054054054,
                    "z": 1288.5994736842106
                }
            },
            "imageFilename": "floor2/wall_15/IMG_7427.JPG",
            "imageHeight": 792,
            "imageIndex": 4,
            "imageWidth": 1188,
            "neighborImages": {
                "bottomImage": {
                    "distance": 1000000.0,
                    "pointIndex": -1
                },
                "leftImage": {
                    "distance": 1000000.0,
                    "pointIndex": -1
                },
                "rightImage": {
                    "distance": 1000000.0,
                    "pointIndex": -1
                },
                "topImage": {
                    "distance": 1000000.0,
                    "pointIndex": -1
                }
            },
            "originX": 0,
            "originY": 0,
            "tlPoint": {
                "imageCoords": {
                    "x": -1,
                    "y": -1
                },
                "uvCoords": {
                    "x": -1,
                    "y": -1
                },
                "uvCoordsNormalized": {
                    "x": 0.0,
                    "y": 0.4864864864864866
                },
                "uvCoordsNormalizedYflipped": {
                    "x": 0.0,
                    "y": 0.2432432432432432
                },
                "worldcoords": {
                    "x": 1589.45,
                    "y": 621.6216216216217,
                    "z": 1217.56
                }
            },
            "trPoint": {
                "imageCoords": {
                    "x": -1,
                    "y": -1
                },
                "uvCoords": {
                    "x": -1,
                    "y": -1
                },
                "uvCoordsNormalized": {
                    "x": 0.5263157894736842,
                    "y": 0.4864864864864866
                },
                "uvCoordsNormalizedYflipped": {
                    "x": 0.5263157894736842,
                    "y": 0.2432432432432432
                },
                "worldcoords": {
                    "x": 1589.45,
                    "y": 621.6216216216217,
                    "z": 1359.638947368421
                }
            }
        },
        {
            "blPoint": {
                "imageCoords": {
                    "x": -1,
                    "y": -1
                },
                "uvCoords": {
                    "x": -1,
                    "y": -1
                },
                "uvCoordsNormalized": {
                    "x": 0.47368421052631576,
                    "y": 0.7567567567567568
                },
                "uvCoordsNormalizedYflipped": {
                    "x": 0.47368421052631576,
                    "y": 0.5135135135135134
                },
                "worldcoords": {
                    "x": 1589.4500000000003,
                    "y": 689.1891891891893,
                    "z": 1345.431052631579
                }
            },
            "brPoint": {
                "imageCoords": {
                    "x": -1,
                    "y": -1
                },
                "uvCoords": {
                    "x": -1,
                    "y": -1
                },
                "uvCoordsNormalized": {
                    "x": 1.0,
                    "y": 0.7567567567567568
                },
                "uvCoordsNormalizedYflipped": {
                    "x": 1.0,
                    "y": 0.5135135135135134
                },
                "worldcoords": {
                    "x": 1589.45,
                    "y": 689.1891891891892,
                    "z": 1487.5100000000002
                }
            },
            "centerPoint": {
                "imageCoords": {
                    "x": -1,
                    "y": -1
                },
                "uvCoords": {
                    "x": -1,
                    "y": -1
                },
                "uvCoordsNormalized": {
                    "x": 0.7368421052631579,
                    "y": 0.6216216216216217
                },
                "uvCoordsNormalizedYflipped": {
                    "x": 0.7368421052631579,
                    "y": 0.3783783783783783
                },
                "worldcoords": {
                    "x": 1589.45,
                    "y": 655.4054054054054,
                    "z": 1416.4705263157894
                }
            },
            "imageFilename": "floor2/wall_15/IMG_7428.JPG",
            "imageHeight": 792,
            "imageIndex": 5,
            "imageWidth": 1188,
            "neighborImages": {
                "bottomImage": {
                    "distance": 1000000.0,
                    "pointIndex": -1
                },
                "leftImage": {
                    "distance": 1000000.0,
                    "pointIndex": -1
                },
                "rightImage": {
                    "distance": 1000000.0,
                    "pointIndex": -1
                },
                "topImage": {
                    "distance": 1000000.0,
                    "pointIndex": -1
                }
            },
            "originX": 0,
            "originY": 0,
            "tlPoint": {
                "imageCoords": {
                    "x": -1,
                    "y": -1
                },
                "uvCoords": {
                    "x": -1,
                    "y": -1
                },
                "uvCoordsNormalized": {
                    "x": 0.47368421052631576,
                    "y": 0.4864864864864866
                },
                "uvCoordsNormalizedYflipped": {
                    "x": 0.47368421052631576,
                    "y": 0.2432432432432432
                },
                "worldcoords": {
                    "x": 1589.4500000000003,
                    "y": 621.6216216216217,
                    "z": 1345.431052631579
                }
            },
            "trPoint": {
                "imageCoords": {
                    "x": -1,
                    "y": -1
                },
                "uvCoords": {
                    "x": -1,
                    "y": -1
                },
                "uvCoordsNormalized": {
                    "x": 1.0,
                    "y": 0.4864864864864866
                },
                "uvCoordsNormalizedYflipped": {
                    "x": 1.0,
                    "y": 0.2432432432432432
                },
                "worldcoords": {
                    "x": 1589.45,
                    "y": 621.6216216216217,
                    "z": 1487.51
                }
            }
        },
        {
            "blPoint": {
                "imageCoords": {
                    "x": -1,
                    "y": -1
                },
                "uvCoords": {
                    "x": -1,
                    "y": -1
                },
                "uvCoordsNormalized": {
                    "x": 0.47368421052631576,
                    "y": 1.0
                },
                "uvCoordsNormalizedYflipped": {
                    "x": 0.47368421052631576,
                    "y": 0.2702702702702702
                },
                "worldcoords": {
                    "x": 1589.4500000000003,
                    "y": 750.0,
                    "z": 1345.431052631579
                }
            },
            "brPoint": {
                "imageCoords": {
                    "x": -1,
                    "y": -1
                },
                "uvCoords": {
                    "x": -1,
                    "y": -1
                },
                "uvCoordsNormalized": {
                    "x": 1.0,
                    "y": 1.0
                },
                "uvCoordsNormalizedYflipped": {
                    "x": 1.0,
                    "y": 0.2702702702702702
                },
                "worldcoords": {
                    "x": 1589.45,
                    "y": 750.0,
                    "z": 1487.51
                }
            },
            "centerPoint": {
                "imageCoords": {
                    "x": -1,
                    "y": -1
                },
                "uvCoords": {
                    "x": -1,
                    "y": -1
                },
                "uvCoordsNormalized": {
                    "x": 0.7368421052631579,
                    "y": 0.8648648648648649
                },
                "uvCoordsNormalizedYflipped": {
                    "x": 0.7368421052631579,
                    "y": 0.1351351351351351
                },
                "worldcoords": {
                    "x": 1589.45,
                    "y": 716.2162162162164,
                    "z": 1416.4705263157894
                }
            },
            "imageFilename": "floor2/wall_15/IMG_7429.JPG",
            "imageHeight": 792,
            "imageIndex": 6,
            "imageWidth": 1188,
            "neighborImages": {
                "bottomImage": {
                    "distance": 1000000.0,
                    "pointIndex": -1
                },
                "leftImage": {
                    "distance": 1000000.0,
                    "pointIndex": -1
                },
                "rightImage": {
                    "distance": 1000000.0,
                    "pointIndex": -1
                },
                "topImage": {
                    "distance": 1000000.0,
                    "pointIndex": -1
                }
            },
            "originX": 0,
            "originY": 0,
            "tlPoint": {
                "imageCoords": {
                    "x": -1,
                    "y": -1
                },
                "uvCoords": {
                    "x": -1,
                    "y": -1
                },
                "uvCoordsNormalized": {
                    "x": 0.47368421052631576,
                    "y": 0.7297297297297298
                },
                "uvCoordsNormalizedYflipped": {
                    "x": 0.47368421052631576,
                    "y": 0.0
                },
                "worldcoords": {
                    "x": 1589.4500000000003,
                    "y": 682.4324324324325,
                    "z": 1345.4310526315792
                }
            },
            "trPoint": {
                "imageCoords": {
                    "x": -1,
                    "y": -1
                },
                "uvCoords": {
                    "x": -1,
                    "y": -1
                },
                "uvCoordsNormalized": {
                    "x": 1.0,
                    "y": 0.7297297297297298
                },
                "uvCoordsNormalizedYflipped": {
                    "x": 1.0,
                    "y": 0.0
                },
                "worldcoords": {
                    "x": 1589.4499999999998,
                    "y": 682.4324324324325,
                    "z": 1487.51
                }
            }
        },
        {
            "blPoint": {
                "imageCoords": {
                    "x": -1,
                    "y": -1
                },
                "uvCoords": {
                    "x": -1,
                    "y": -1
                },
                "uvCoordsNormalized": {
                    "x": 0.0,
                    "y": 1.0
                },
                "uvCoordsNormalizedYflipped": {
                    "x": 0.0,
                    "y": 0.2702702702702702
                },
                "worldcoords": {
                    "x": 1589.45,
                    "y": 750.0,
                    "z": 1217.56
                }
            },
            "brPoint": {
                "imageCoords": {
                    "x": -1,
                    "y": -1
                },
                "uvCoords": {
                    "x": -1,
                    "y": -1
                },
                "uvCoordsNormalized": {
                    "x": 0.5263157894736842,
                    "y": 1.0
                },
                "uvCoordsNormalizedYflipped": {
                    "x": 0.5263157894736842,
                    "y": 0.2702702702702702
                },
                "worldcoords": {
                    "x": 1589.45,
                    "y": 750.0,
                    "z": 1359.638947368421
                }
            },
            "centerPoint": {
                "imageCoords": {
                    "x": -1,
                    "y": -1
                },
                "uvCoords": {
                    "x": -1,
                    "y": -1
                },
                "uvCoordsNormalized": {
                    "x": 0.2631578947368421,
                    "y": 0.8648648648648649
                },
                "uvCoordsNormalizedYflipped": {
                    "x": 0.2631578947368421,
                    "y": 0.1351351351351351
                },
                "worldcoords": {
                    "x": 1589.4500000000003,
                    "y": 716.2162162162163,
                    "z": 1288.5994736842106
                }
            },
            "imageFilename": "floor2/wall_15/IMG_7430.JPG",
            "imageHeight": 792,
            "imageIndex": 7,
            "imageWidth": 1188,
            "neighborImages": {
                "bottomImage": {
                    "distance": 1000000.0,
                    "pointIndex": -1
                },
                "leftImage": {
                    "distance": 1000000.0,
                    "pointIndex": -1
                },
                "rightImage": {
                    "distance": 1000000.0,
                    "pointIndex": -1
                },
                "topImage": {
                    "distance": 1000000.0,
                    "pointIndex": -1
                }
            },
            "originX": 0,
            "originY": 0,
            "tlPoint": {
                "imageCoords": {
                    "x": -1,
                    "y": -1
                },
                "uvCoords": {
                    "x": -1,
                    "y": -1
                },
                "uvCoordsNormalized": {
                    "x": 0.0,
                    "y": 0.7297297297297298
                },
                "uvCoordsNormalizedYflipped": {
                    "x": 0.0,
                    "y": 0.0
                },
                "worldcoords": {
                    "x": 1589.4499999999998,
                    "y": 682.4324324324325,
                    "z": 1217.56
                }
            },
            "trPoint": {
                "imageCoords": {
                    "x": -1,
                    "y": -1
                },
                "uvCoords": {
                    "x": -1,
                    "y": -1
                },
                "uvCoordsNormalized": {
                    "x": 0.5263157894736842,
                    "y": 0.7297297297297298
                },
                "uvCoordsNormalizedYflipped": {
                    "x": 0.5263157894736842,
                    "y": 0.0
                },
                "worldcoords": {
                    "x": 1589.45,
                    "y": 682.4324324324325,
                    "z": 1359.6389473684212
                }
            }
        }
    ],
    "materialIndex": 26,
    "materialName": "./floor2/wall_15/flatten_canvas.resized.jpg",
    "overviewImageInfo": {
        "blPoint": {
            "imageCoords": {
                "x": 0,
                "y": 2929
            },
            "uvCoords": {
                "x": -1,
                "y": -1
            },
            "uvCoordsNormalized": {
                "x": 0,
                "y": 1
            },
            "uvCoordsNormalizedYflipped": {
                "x": -1,
                "y": -1
            },
            "worldcoords": {
                "x": 1589.45,
                "y": 750.0,
                "z": 1217.56
            }
        },
        "brPoint": {
            "imageCoords": {
                "x": 2256,
                "y": 2929
            },
            "uvCoords": {
                "x": -1,
                "y": -1
            },
            "uvCoordsNormalized": {
                "x": 1,
                "y": 1
            },
            "uvCoordsNormalizedYflipped": {
                "x": -1,
                "y": -1
            },
            "worldcoords": {
                "x": 1589.45,
                "y": 750.0,
                "z": 1487.51
            }
        },
        "centerPoint": {
            "imageCoords": {
                "x": 1128,
                "y": 1465
            },
            "uvCoords": {
                "x": -1,
                "y": -1
            },
            "uvCoordsNormalized": {
                "x": -1,
                "y": -1
            },
            "uvCoordsNormalizedYflipped": {
                "x": -1,
                "y": -1
            },
            "worldcoords": {
                "x": 0,
                "y": 0,
                "z": 0
            }
        },
        "imageFilename": "NA",
        "imageHeight": 2930,
        "imageIndex": 0,
        "imageWidth": 2257,
        "neighborImages": {
            "bottomImage": {
                "distance": 1000000.0,
                "pointIndex": -1
            },
            "leftImage": {
                "distance": 1000000.0,
                "pointIndex": -1
            },
            "rightImage": {
                "distance": 1000000.0,
                "pointIndex": -1
            },
            "topImage": {
                "distance": 1000000.0,
                "pointIndex": -1
            }
        },
        "originX": 0,
        "originY": 0,
        "tlPoint": {
            "imageCoords": {
                "x": -1,
                "y": -1
            },
            "uvCoords": {
                "x": -1,
                "y": -1
            },
            "uvCoordsNormalized": {
                "x": 0,
                "y": 0
            },
            "uvCoordsNormalizedYflipped": {
                "x": -1,
                "y": -1
            },
            "worldcoords": {
                "x": 1589.45,
                "y": 500.0,
                "z": 1217.56
            }
        },
        "trPoint": {
            "imageCoords": {
                "x": 2256,
                "y": 0
            },
            "uvCoords": {
                "x": -1,
                "y": -1
            },
            "uvCoordsNormalized": {
                "x": 1,
                "y": 0
            },
            "uvCoordsNormalizedYflipped": {
                "x": -1,
                "y": -1
            },
            "worldcoords": {
                "x": 1589.45,
                "y": 500.0,
                "z": 1487.51
            }
        }
    }
}