{
    "imagesInfo": [
        {
            "blPoint": {
                "imageCoords": {
                    "x": -1,
                    "y": -1
                },
                "uvCoords": {
                    "x": -1,
                    "y": -1
                },
                "uvCoordsNormalized": {
                    "x": 0.0,
                    "y": 0.35714285714285715
                },
                "uvCoordsNormalizedYflipped": {
                    "x": 0.0,
                    "y": 1.0
                },
                "worldcoords": {
                    "x": 503.5178571428571,
                    "y": 589.2857142857142,
                    "z": 1487.5421428571428
                }
            },
            "brPoint": {
                "imageCoords": {
                    "x": -1,
                    "y": -1
                },
                "uvCoords": {
                    "x": -1,
                    "y": -1
                },
                "uvCoordsNormalized": {
                    "x": 0.3571428571428571,
                    "y": 0.35714285714285715
                },
                "uvCoordsNormalizedYflipped": {
                    "x": 0.3571428571428571,
                    "y": 1.0
                },
                "worldcoords": {
                    "x": 503.51785714285717,
                    "y": 589.2857142857143,
                    "z": 1349.7207142857144
                }
            },
            "centerPoint": {
                "imageCoords": {
                    "x": -1,
                    "y": -1
                },
                "uvCoords": {
                    "x": -1,
                    "y": -1
                },
                "uvCoordsNormalized": {
                    "x": 0.17857142857142855,
                    "y": 0.1785714285714286
                },
                "uvCoordsNormalizedYflipped": {
                    "x": 0.17857142857142855,
                    "y": 0.8214285714285714
                },
                "worldcoords": {
                    "x": 503.5089285714285,
                    "y": 544.6428571428571,
                    "z": 1418.6403571428568
                }
            },
            "imageFilename": "floor2/wall_21/IMG_7456.JPG",
            "imageHeight": 792,
            "imageIndex": 0,
            "imageWidth": 1188,
            "neighborImages": {
                "bottomImage": {
                    "distance": 1000000.0,
                    "pointIndex": -1
                },
                "leftImage": {
                    "distance": 1000000.0,
                    "pointIndex": -1
                },
                "rightImage": {
                    "distance": 1000000.0,
                    "pointIndex": -1
                },
                "topImage": {
                    "distance": 1000000.0,
                    "pointIndex": -1
                }
            },
            "originX": 0,
            "originY": 0,
            "tlPoint": {
                "imageCoords": {
                    "x": -1,
                    "y": -1
                },
                "uvCoords": {
                    "x": -1,
                    "y": -1
                },
                "uvCoordsNormalized": {
                    "x": 0.0,
                    "y": 5.551115123125783e-17
                },
                "uvCoordsNormalizedYflipped": {
                    "x": 0.0,
                    "y": 0.6428571428571428
                },
                "worldcoords": {
                    "x": 503.5,
                    "y": 500.00000000000006,
                    "z": 1487.56
                }
            },
            "trPoint": {
                "imageCoords": {
                    "x": -1,
                    "y": -1
                },
                "uvCoords": {
                    "x": -1,
                    "y": -1
                },
                "uvCoordsNormalized": {
                    "x": 0.3571428571428571,
                    "y": 5.551115123125783e-17
                },
                "uvCoordsNormalizedYflipped": {
                    "x": 0.3571428571428571,
                    "y": 0.6428571428571428
                },
                "worldcoords": {
                    "x": 503.5,
                    "y": 500.00000000000006,
                    "z": 1349.702857142857
                }
            }
        },
        {
            "blPoint": {
                "imageCoords": {
                    "x": -1,
                    "y": -1
                },
                "uvCoords": {
                    "x": -1,
                    "y": -1
                },
                "uvCoordsNormalized": {
                    "x": 0.3214285714285714,
                    "y": 0.35714285714285715
                },
                "uvCoordsNormalizedYflipped": {
                    "x": 0.3214285714285714,
                    "y": 1.0
                },
                "worldcoords": {
                    "x": 503.5178571428571,
                    "y": 589.2857142857143,
                    "z": 1363.502857142857
                }
            },
            "brPoint": {
                "imageCoords": {
                    "x": -1,
                    "y": -1
                },
                "uvCoords": {
                    "x": -1,
                    "y": -1
                },
                "uvCoordsNormalized": {
                    "x": 0.6785714285714285,
                    "y": 0.35714285714285715
                },
                "uvCoordsNormalizedYflipped": {
                    "x": 0.6785714285714285,
                    "y": 1.0
                },
                "worldcoords": {
                    "x": 503.5178571428571,
                    "y": 589.2857142857142,
                    "z": 1225.6492857142857
                }
            },
            "centerPoint": {
                "imageCoords": {
                    "x": -1,
                    "y": -1
                },
                "uvCoords": {
                    "x": -1,
                    "y": -1
                },
                "uvCoordsNormalized": {
                    "x": 0.49999999999999994,
                    "y": 0.1785714285714286
                },
                "uvCoordsNormalizedYflipped": {
                    "x": 0.49999999999999994,
                    "y": 0.8214285714285714
                },
                "worldcoords": {
                    "x": 503.50892857142856,
                    "y": 544.6428571428571,
                    "z": 1294.5689285714284
                }
            },
            "imageFilename": "floor2/wall_21/IMG_7457.JPG",
            "imageHeight": 792,
            "imageIndex": 1,
            "imageWidth": 1188,
            "neighborImages": {
                "bottomImage": {
                    "distance": 1000000.0,
                    "pointIndex": -1
                },
                "leftImage": {
                    "distance": 1000000.0,
                    "pointIndex": -1
                },
                "rightImage": {
                    "distance": 1000000.0,
                    "pointIndex": -1
                },
                "topImage": {
                    "distance": 1000000.0,
                    "pointIndex": -1
                }
            },
            "originX": 0,
            "originY": 0,
            "tlPoint": {
                "imageCoords": {
                    "x": -1,
                    "y": -1
                },
                "uvCoords": {
                    "x": -1,
                    "y": -1
                },
                "uvCoordsNormalized": {
                    "x": 0.3214285714285714,
                    "y": 5.551115123125783e-17
                },
                "uvCoordsNormalizedYflipped": {
                    "x": 0.3214285714285714,
                    "y": 0.6428571428571428
                },
                "worldcoords": {
                    "x": 503.49999999999994,
                    "y": 500.0,
                    "z": 1363.4885714285713
                }
            },
            "trPoint": {
                "imageCoords": {
                    "x": -1,
                    "y": -1
                },
                "uvCoords": {
                    "x": -1,
                    "y": -1
                },
                "uvCoordsNormalized": {
                    "x": 0.6785714285714285,
                    "y": 5.551115123125783e-17
                },
                "uvCoordsNormalizedYflipped": {
                    "x": 0.6785714285714285,
                    "y": 0.6428571428571428
                },
                "worldcoords": {
                    "x": 503.5,
                    "y": 500.00000000000006,
                    "z": 1225.6314285714286
                }
            }
        },
        {
            "blPoint": {
                "imageCoords": {
                    "x": -1,
                    "y": -1
                },
                "uvCoords": {
                    "x": -1,
                    "y": -1
                },
                "uvCoordsNormalized": {
                    "x": 0.6428571428571428,
                    "y": 0.35714285714285715
                },
                "uvCoordsNormalizedYflipped": {
                    "x": 0.6428571428571428,
                    "y": 1.0
                },
                "worldcoords": {
                    "x": 503.51785714285717,
                    "y": 589.2857142857143,
                    "z": 1239.435
                }
            },
            "brPoint": {
                "imageCoords": {
                    "x": -1,
                    "y": -1
                },
                "uvCoords": {
                    "x": -1,
                    "y": -1
                },
                "uvCoordsNormalized": {
                    "x": 0.9999999999999999,
                    "y": 0.35714285714285715
                },
                "uvCoordsNormalizedYflipped": {
                    "x": 0.9999999999999999,
                    "y": 1.0
                },
                "worldcoords": {
                    "x": 503.5178571428571,
                    "y": 589.2857142857142,
                    "z": 1101.5778571428568
                }
            },
            "centerPoint": {
                "imageCoords": {
                    "x": -1,
                    "y": -1
                },
                "uvCoords": {
                    "x": -1,
                    "y": -1
                },
                "uvCoordsNormalized": {
                    "x": 0.8214285714285714,
                    "y": 0.1785714285714286
                },
                "uvCoordsNormalizedYflipped": {
                    "x": 0.8214285714285714,
                    "y": 0.8214285714285714
                },
                "worldcoords": {
                    "x": 503.50892857142856,
                    "y": 544.6428571428571,
                    "z": 1170.4975
                }
            },
            "imageFilename": "floor2/wall_21/IMG_7458.JPG",
            "imageHeight": 792,
            "imageIndex": 2,
            "imageWidth": 1188,
            "neighborImages": {
                "bottomImage": {
                    "distance": 1000000.0,
                    "pointIndex": -1
                },
                "leftImage": {
                    "distance": 1000000.0,
                    "pointIndex": -1
                },
                "rightImage": {
                    "distance": 1000000.0,
                    "pointIndex": -1
                },
                "topImage": {
                    "distance": 1000000.0,
                    "pointIndex": -1
                }
            },
            "originX": 0,
            "originY": 0,
            "tlPoint": {
                "imageCoords": {
                    "x": -1,
                    "y": -1
                },
                "uvCoords": {
                    "x": -1,
                    "y": -1
                },
                "uvCoordsNormalized": {
                    "x": 0.6428571428571428,
                    "y": 5.551115123125783e-17
                },
                "uvCoordsNormalizedYflipped": {
                    "x": 0.6428571428571428,
                    "y": 0.6428571428571428
                },
                "worldcoords": {
                    "x": 503.5,
                    "y": 500.00000000000006,
                    "z": 1239.4171428571428
                }
            },
            "trPoint": {
                "imageCoords": {
                    "x": -1,
                    "y": -1
                },
                "uvCoords": {
                    "x": -1,
                    "y": -1
                },
                "uvCoordsNormalized": {
                    "x": 0.9999999999999999,
                    "y": 5.551115123125783e-17
                },
                "uvCoordsNormalizedYflipped": {
                    "x": 0.9999999999999999,
                    "y": 0.6428571428571428
                },
                "worldcoords": {
                    "x": 503.5,
                    "y": 500.00000000000006,
                    "z": 1101.56
                }
            }
        },
        {
            "blPoint": {
                "imageCoords": {
                    "x": -1,
                    "y": -1
                },
                "uvCoords": {
                    "x": -1,
                    "y": -1
                },
                "uvCoordsNormalized": {
                    "x": 0.6428571428571428,
                    "y": 0.6785714285714286
                },
                "uvCoordsNormalizedYflipped": {
                    "x": 0.6428571428571428,
                    "y": 0.6785714285714286
                },
                "worldcoords": {
                    "x": 503.5339285714286,
                    "y": 669.6428571428571,
                    "z": 1239.4474999999998
                }
            },
            "brPoint": {
                "imageCoords": {
                    "x": -1,
                    "y": -1
                },
                "uvCoords": {
                    "x": -1,
                    "y": -1
                },
                "uvCoordsNormalized": {
                    "x": 0.9999999999999999,
                    "y": 0.6785714285714286
                },
                "uvCoordsNormalizedYflipped": {
                    "x": 0.9999999999999999,
                    "y": 0.6785714285714286
                },
                "worldcoords": {
                    "x": 503.53392857142853,
                    "y": 669.6428571428571,
                    "z": 1101.5939285714285
                }
            },
            "centerPoint": {
                "imageCoords": {
                    "x": -1,
                    "y": -1
                },
                "uvCoords": {
                    "x": -1,
                    "y": -1
                },
                "uvCoordsNormalized": {
                    "x": 0.8214285714285714,
                    "y": 0.5
                },
                "uvCoordsNormalizedYflipped": {
                    "x": 0.8214285714285714,
                    "y": 0.5
                },
                "worldcoords": {
                    "x": 503.525,
                    "y": 625.0,
                    "z": 1170.5135714285714
                }
            },
            "imageFilename": "floor2/wall_21/IMG_7459.JPG",
            "imageHeight": 792,
            "imageIndex": 3,
            "imageWidth": 1188,
            "neighborImages": {
                "bottomImage": {
                    "distance": 1000000.0,
                    "pointIndex": -1
                },
                "leftImage": {
                    "distance": 1000000.0,
                    "pointIndex": -1
                },
                "rightImage": {
                    "distance": 1000000.0,
                    "pointIndex": -1
                },
                "topImage": {
                    "distance": 1000000.0,
                    "pointIndex": -1
                }
            },
            "originX": 0,
            "originY": 0,
            "tlPoint": {
                "imageCoords": {
                    "x": -1,
                    "y": -1
                },
                "uvCoords": {
                    "x": -1,
                    "y": -1
                },
                "uvCoordsNormalized": {
                    "x": 0.6428571428571428,
                    "y": 0.32142857142857145
                },
                "uvCoordsNormalizedYflipped": {
                    "x": 0.6428571428571428,
                    "y": 0.3214285714285714
                },
                "worldcoords": {
                    "x": 503.5160714285714,
                    "y": 580.3571428571429,
                    "z": 1239.4332142857143
                }
            },
            "trPoint": {
                "imageCoords": {
                    "x": -1,
                    "y": -1
                },
                "uvCoords": {
                    "x": -1,
                    "y": -1
                },
                "uvCoordsNormalized": {
                    "x": 0.9999999999999999,
                    "y": 0.32142857142857145
                },
                "uvCoordsNormalizedYflipped": {
                    "x": 0.9999999999999999,
                    "y": 0.3214285714285714
                },
                "worldcoords": {
                    "x": 503.5160714285714,
                    "y": 580.3571428571429,
                    "z": 1101.5760714285714
                }
            }
        },
        {
            "blPoint": {
                "imageCoords": {
                    "x": -1,
                    "y": -1
                },
                "uvCoords": {
                    "x": -1,
                    "y": -1
                },
                "uvCoordsNormalized": {
                    "x": 0.3214285714285714,
                    "y": 0.6785714285714286
                },
                "uvCoordsNormalizedYflipped": {
                    "x": 0.3214285714285714,
                    "y": 0.6785714285714286
                },
                "worldcoords": {
                    "x": 503.53392857142865,
                    "y": 669.6428571428571,
                    "z": 1363.4867857142858
                }
            },
            "brPoint": {
                "imageCoords": {
                    "x": -1,
                    "y": -1
                },
                "uvCoords": {
                    "x": -1,
                    "y": -1
                },
                "uvCoordsNormalized": {
                    "x": 0.6785714285714285,
                    "y": 0.6785714285714286
                },
                "uvCoordsNormalizedYflipped": {
                    "x": 0.6785714285714285,
                    "y": 0.6785714285714286
                },
                "worldcoords": {
                    "x": 503.5339285714286,
                    "y": 669.6428571428572,
                    "z": 1225.6653571428571
                }
            },
            "centerPoint": {
                "imageCoords": {
                    "x": -1,
                    "y": -1
                },
                "uvCoords": {
                    "x": -1,
                    "y": -1
                },
                "uvCoordsNormalized": {
                    "x": 0.49999999999999994,
                    "y": 0.5
                },
                "uvCoordsNormalizedYflipped": {
                    "x": 0.49999999999999994,
                    "y": 0.5
                },
                "worldcoords": {
                    "x": 503.525,
                    "y": 625.0,
                    "z": 1294.5849999999998
                }
            },
            "imageFilename": "floor2/wall_21/IMG_7460.JPG",
            "imageHeight": 792,
            "imageIndex": 4,
            "imageWidth": 1188,
            "neighborImages": {
                "bottomImage": {
                    "distance": 1000000.0,
                    "pointIndex": -1
                },
                "leftImage": {
                    "distance": 1000000.0,
                    "pointIndex": -1
                },
                "rightImage": {
                    "distance": 1000000.0,
                    "pointIndex": -1
                },
                "topImage": {
                    "distance": 1000000.0,
                    "pointIndex": -1
                }
            },
            "originX": 0,
            "originY": 0,
            "tlPoint": {
                "imageCoords": {
                    "x": -1,
                    "y": -1
                },
                "uvCoords": {
                    "x": -1,
                    "y": -1
                },
                "uvCoordsNormalized": {
                    "x": 0.3214285714285714,
                    "y": 0.32142857142857145
                },
                "uvCoordsNormalizedYflipped": {
                    "x": 0.3214285714285714,
                    "y": 0.3214285714285714
                },
                "worldcoords": {
                    "x": 503.5160714285714,
                    "y": 580.3571428571429,
                    "z": 1363.5046428571427
                }
            },
            "trPoint": {
                "imageCoords": {
                    "x": -1,
                    "y": -1
                },
                "uvCoords": {
                    "x": -1,
                    "y": -1
                },
                "uvCoordsNormalized": {
                    "x": 0.6785714285714285,
                    "y": 0.32142857142857145
                },
                "uvCoordsNormalizedYflipped": {
                    "x": 0.6785714285714285,
                    "y": 0.3214285714285714
                },
                "worldcoords": {
                    "x": 503.5160714285714,
                    "y": 580.3571428571429,
                    "z": 1225.6475
                }
            }
        },
        {
            "blPoint": {
                "imageCoords": {
                    "x": -1,
                    "y": -1
                },
                "uvCoords": {
                    "x": -1,
                    "y": -1
                },
                "uvCoordsNormalized": {
                    "x": 0.0,
                    "y": 0.6785714285714286
                },
                "uvCoordsNormalizedYflipped": {
                    "x": 0.0,
                    "y": 0.6785714285714286
                },
                "worldcoords": {
                    "x": 503.53392857142853,
                    "y": 669.6428571428571,
                    "z": 1487.5260714285714
                }
            },
            "brPoint": {
                "imageCoords": {
                    "x": -1,
                    "y": -1
                },
                "uvCoords": {
                    "x": -1,
                    "y": -1
                },
                "uvCoordsNormalized": {
                    "x": 0.3571428571428571,
                    "y": 0.6785714285714286
                },
                "uvCoordsNormalizedYflipped": {
                    "x": 0.3571428571428571,
                    "y": 0.6785714285714286
                },
                "worldcoords": {
                    "x": 503.53392857142853,
                    "y": 669.6428571428572,
                    "z": 1349.704642857143
                }
            },
            "centerPoint": {
                "imageCoords": {
                    "x": -1,
                    "y": -1
                },
                "uvCoords": {
                    "x": -1,
                    "y": -1
                },
                "uvCoordsNormalized": {
                    "x": 0.17857142857142855,
                    "y": 0.5
                },
                "uvCoordsNormalizedYflipped": {
                    "x": 0.17857142857142855,
                    "y": 0.5
                },
                "worldcoords": {
                    "x": 503.525,
                    "y": 625.0,
                    "z": 1418.6242857142856
                }
            },
            "imageFilename": "floor2/wall_21/IMG_7461.JPG",
            "imageHeight": 792,
            "imageIndex": 5,
            "imageWidth": 1188,
            "neighborImages": {
                "bottomImage": {
                    "distance": 1000000.0,
                    "pointIndex": -1
                },
                "leftImage": {
                    "distance": 1000000.0,
                    "pointIndex": -1
                },
                "rightImage": {
                    "distance": 1000000.0,
                    "pointIndex": -1
                },
                "topImage": {
                    "distance": 1000000.0,
                    "pointIndex": -1
                }
            },
            "originX": 0,
            "originY": 0,
            "tlPoint": {
                "imageCoords": {
                    "x": -1,
                    "y": -1
                },
                "uvCoords": {
                    "x": -1,
                    "y": -1
                },
                "uvCoordsNormalized": {
                    "x": 0.0,
                    "y": 0.32142857142857145
                },
                "uvCoordsNormalizedYflipped": {
                    "x": 0.0,
                    "y": 0.3214285714285714
                },
                "worldcoords": {
                    "x": 503.5160714285714,
                    "y": 580.3571428571429,
                    "z": 1487.5439285714288
                }
            },
            "trPoint": {
                "imageCoords": {
                    "x": -1,
                    "y": -1
                },
                "uvCoords": {
                    "x": -1,
                    "y": -1
                },
                "uvCoordsNormalized": {
                    "x": 0.3571428571428571,
                    "y": 0.32142857142857145
                },
                "uvCoordsNormalizedYflipped": {
                    "x": 0.3571428571428571,
                    "y": 0.3214285714285714
                },
                "worldcoords": {
                    "x": 503.5160714285715,
                    "y": 580.3571428571429,
                    "z": 1349.7189285714287
                }
            }
        },
        {
            "blPoint": {
                "imageCoords": {
                    "x": -1,
                    "y": -1
                },
                "uvCoords": {
                    "x": -1,
                    "y": -1
                },
                "uvCoordsNormalized": {
                    "x": 0.0,
                    "y": 0.9999999999999999
                },
                "uvCoordsNormalizedYflipped": {
                    "x": 0.0,
                    "y": 0.3571428571428572
                },
                "worldcoords": {
                    "x": 503.55,
                    "y": 749.9999999999999,
                    "z": 1487.51
                }
            },
            "brPoint": {
                "imageCoords": {
                    "x": -1,
                    "y": -1
                },
                "uvCoords": {
                    "x": -1,
                    "y": -1
                },
                "uvCoordsNormalized": {
                    "x": 0.3571428571428571,
                    "y": 0.9999999999999999
                },
                "uvCoordsNormalizedYflipped": {
                    "x": 0.3571428571428571,
                    "y": 0.3571428571428572
                },
                "worldcoords": {
                    "x": 503.55000000000007,
                    "y": 750.0,
                    "z": 1349.6885714285713
                }
            },
            "centerPoint": {
                "imageCoords": {
                    "x": -1,
                    "y": -1
                },
                "uvCoords": {
                    "x": -1,
                    "y": -1
                },
                "uvCoordsNormalized": {
                    "x": 0.17857142857142855,
                    "y": 0.8214285714285714
                },
                "uvCoordsNormalizedYflipped": {
                    "x": 0.17857142857142855,
                    "y": 0.1785714285714286
                },
                "worldcoords": {
                    "x": 503.5410714285714,
                    "y": 705.3571428571429,
                    "z": 1418.6082142857142
                }
            },
            "imageFilename": "floor2/wall_21/IMG_7462.JPG",
            "imageHeight": 792,
            "imageIndex": 6,
            "imageWidth": 1188,
            "neighborImages": {
                "bottomImage": {
                    "distance": 1000000.0,
                    "pointIndex": -1
                },
                "leftImage": {
                    "distance": 1000000.0,
                    "pointIndex": -1
                },
                "rightImage": {
                    "distance": 1000000.0,
                    "pointIndex": -1
                },
                "topImage": {
                    "distance": 1000000.0,
                    "pointIndex": -1
                }
            },
            "originX": 0,
            "originY": 0,
            "tlPoint": {
                "imageCoords": {
                    "x": -1,
                    "y": -1
                },
                "uvCoords": {
                    "x": -1,
                    "y": -1
                },
                "uvCoordsNormalized": {
                    "x": 0.0,
                    "y": 0.6428571428571428
                },
                "uvCoordsNormalizedYflipped": {
                    "x": 0.0,
                    "y": 1.1102230246251565e-16
                },
                "worldcoords": {
                    "x": 503.5321428571429,
                    "y": 660.7142857142858,
                    "z": 1487.527857142857
                }
            },
            "trPoint": {
                "imageCoords": {
                    "x": -1,
                    "y": -1
                },
                "uvCoords": {
                    "x": -1,
                    "y": -1
                },
                "uvCoordsNormalized": {
                    "x": 0.3571428571428571,
                    "y": 0.6428571428571428
                },
                "uvCoordsNormalizedYflipped": {
                    "x": 0.3571428571428571,
                    "y": 1.1102230246251565e-16
                },
                "worldcoords": {
                    "x": 503.5321428571429,
                    "y": 660.7142857142858,
                    "z": 1349.7064285714287
                }
            }
        },
        {
            "blPoint": {
                "imageCoords": {
                    "x": -1,
                    "y": -1
                },
                "uvCoords": {
                    "x": -1,
                    "y": -1
                },
                "uvCoordsNormalized": {
                    "x": 0.3214285714285714,
                    "y": 0.9999999999999999
                },
                "uvCoordsNormalizedYflipped": {
                    "x": 0.3214285714285714,
                    "y": 0.3571428571428572
                },
                "worldcoords": {
                    "x": 503.55,
                    "y": 750.0,
                    "z": 1363.4707142857142
                }
            },
            "brPoint": {
                "imageCoords": {
                    "x": -1,
                    "y": -1
                },
                "uvCoords": {
                    "x": -1,
                    "y": -1
                },
                "uvCoordsNormalized": {
                    "x": 0.6785714285714285,
                    "y": 0.9999999999999999
                },
                "uvCoordsNormalizedYflipped": {
                    "x": 0.6785714285714285,
                    "y": 0.3571428571428572
                },
                "worldcoords": {
                    "x": 503.55,
                    "y": 750.0,
                    "z": 1225.6492857142857
                }
            },
            "centerPoint": {
                "imageCoords": {
                    "x": -1,
                    "y": -1
                },
                "uvCoords": {
                    "x": -1,
                    "y": -1
                },
                "uvCoordsNormalized": {
                    "x": 0.49999999999999994,
                    "y": 0.8214285714285714
                },
                "uvCoordsNormalizedYflipped": {
                    "x": 0.49999999999999994,
                    "y": 0.1785714285714286
                },
                "worldcoords": {
                    "x": 503.54107142857146,
                    "y": 705.3571428571428,
                    "z": 1294.5689285714284
                }
            },
            "imageFilename": "floor2/wall_21/IMG_7463.JPG",
            "imageHeight": 792,
            "imageIndex": 7,
            "imageWidth": 1188,
            "neighborImages": {
                "bottomImage": {
                    "distance": 1000000.0,
                    "pointIndex": -1
                },
                "leftImage": {
                    "distance": 1000000.0,
                    "pointIndex": -1
                },
                "rightImage": {
                    "distance": 1000000.0,
                    "pointIndex": -1
                },
                "topImage": {
                    "distance": 1000000.0,
                    "pointIndex": -1
                }
            },
            "originX": 0,
            "originY": 0,
            "tlPoint": {
                "imageCoords": {
                    "x": -1,
                    "y": -1
                },
                "uvCoords": {
                    "x": -1,
                    "y": -1
                },
                "uvCoordsNormalized": {
                    "x": 0.3214285714285714,
                    "y": 0.6428571428571428
                },
                "uvCoordsNormalizedYflipped": {
                    "x": 0.3214285714285714,
                    "y": 1.1102230246251565e-16
                },
                "worldcoords": {
                    "x": 503.5321428571429,
                    "y": 660.7142857142858,
                    "z": 1363.4885714285713
                }
            },
            "trPoint": {
                "imageCoords": {
                    "x": -1,
                    "y": -1
                },
                "uvCoords": {
                    "x": -1,
                    "y": -1
                },
                "uvCoordsNormalized": {
                    "x": 0.6785714285714285,
                    "y": 0.6428571428571428
                },
                "uvCoordsNormalizedYflipped": {
                    "x": 0.6785714285714285,
                    "y": 1.1102230246251565e-16
                },
                "worldcoords": {
                    "x": 503.5321428571429,
                    "y": 660.7142857142858,
                    "z": 1225.6635714285712
                }
            }
        },
        {
            "blPoint": {
                "imageCoords": {
                    "x": -1,
                    "y": -1
                },
                "uvCoords": {
                    "x": -1,
                    "y": -1
                },
                "uvCoordsNormalized": {
                    "x": 0.6428571428571428,
                    "y": 0.9999999999999999
                },
                "uvCoordsNormalizedYflipped": {
                    "x": 0.6428571428571428,
                    "y": 0.3571428571428572
                },
                "worldcoords": {
                    "x": 503.55000000000007,
                    "y": 750.0,
                    "z": 1239.4314285714286
                }
            },
            "brPoint": {
                "imageCoords": {
                    "x": -1,
                    "y": -1
                },
                "uvCoords": {
                    "x": -1,
                    "y": -1
                },
                "uvCoordsNormalized": {
                    "x": 0.9999999999999999,
                    "y": 0.9999999999999999
                },
                "uvCoordsNormalizedYflipped": {
                    "x": 0.9999999999999999,
                    "y": 0.3571428571428572
                },
                "worldcoords": {
                    "x": 503.55,
                    "y": 749.9999999999999,
                    "z": 1101.61
                }
            },
            "centerPoint": {
                "imageCoords": {
                    "x": -1,
                    "y": -1
                },
                "uvCoords": {
                    "x": -1,
                    "y": -1
                },
                "uvCoordsNormalized": {
                    "x": 0.8214285714285714,
                    "y": 0.8214285714285714
                },
                "uvCoordsNormalizedYflipped": {
                    "x": 0.8214285714285714,
                    "y": 0.1785714285714286
                },
                "worldcoords": {
                    "x": 503.5410714285714,
                    "y": 705.3571428571429,
                    "z": 1170.5296428571428
                }
            },
            "imageFilename": "floor2/wall_21/IMG_7464.JPG",
            "imageHeight": 792,
            "imageIndex": 8,
            "imageWidth": 1188,
            "neighborImages": {
                "bottomImage": {
                    "distance": 1000000.0,
                    "pointIndex": -1
                },
                "leftImage": {
                    "distance": 1000000.0,
                    "pointIndex": -1
                },
                "rightImage": {
                    "distance": 1000000.0,
                    "pointIndex": -1
                },
                "topImage": {
                    "distance": 1000000.0,
                    "pointIndex": -1
                }
            },
            "originX": 0,
            "originY": 0,
            "tlPoint": {
                "imageCoords": {
                    "x": -1,
                    "y": -1
                },
                "uvCoords": {
                    "x": -1,
                    "y": -1
                },
                "uvCoordsNormalized": {
                    "x": 0.6428571428571428,
                    "y": 0.6428571428571428
                },
                "uvCoordsNormalizedYflipped": {
                    "x": 0.6428571428571428,
                    "y": 1.1102230246251565e-16
                },
                "worldcoords": {
                    "x": 503.5321428571429,
                    "y": 660.7142857142858,
                    "z": 1239.4492857142855
                }
            },
            "trPoint": {
                "imageCoords": {
                    "x": -1,
                    "y": -1
                },
                "uvCoords": {
                    "x": -1,
                    "y": -1
                },
                "uvCoordsNormalized": {
                    "x": 0.9999999999999999,
                    "y": 0.6428571428571428
                },
                "uvCoordsNormalizedYflipped": {
                    "x": 0.9999999999999999,
                    "y": 1.1102230246251565e-16
                },
                "worldcoords": {
                    "x": 503.5321428571429,
                    "y": 660.7142857142858,
                    "z": 1101.5921428571428
                }
            }
        }
    ],
    "materialIndex": 1,
    "materialName": "./floor2/wall_21/flatten_canvas.resized.jpg",
    "overviewImageInfo": {
        "blPoint": {
            "imageCoords": {
                "x": 0,
                "y": 2216
            },
            "uvCoords": {
                "x": -1,
                "y": -1
            },
            "uvCoordsNormalized": {
                "x": 0,
                "y": 1
            },
            "uvCoordsNormalizedYflipped": {
                "x": -1,
                "y": -1
            },
            "worldcoords": {
                "x": 503.55,
                "y": 750.0,
                "z": 1487.51
            }
        },
        "brPoint": {
            "imageCoords": {
                "x": 3325,
                "y": 2216
            },
            "uvCoords": {
                "x": -1,
                "y": -1
            },
            "uvCoordsNormalized": {
                "x": 1,
                "y": 1
            },
            "uvCoordsNormalizedYflipped": {
                "x": -1,
                "y": -1
            },
            "worldcoords": {
                "x": 503.55,
                "y": 750.0,
                "z": 1101.61
            }
        },
        "centerPoint": {
            "imageCoords": {
                "x": 1663,
                "y": 1108
            },
            "uvCoords": {
                "x": -1,
                "y": -1
            },
            "uvCoordsNormalized": {
                "x": -1,
                "y": -1
            },
            "uvCoordsNormalizedYflipped": {
                "x": -1,
                "y": -1
            },
            "worldcoords": {
                "x": 0,
                "y": 0,
                "z": 0
            }
        },
        "imageFilename": "NA",
        "imageHeight": 2217,
        "imageIndex": 0,
        "imageWidth": 3326,
        "neighborImages": {
            "bottomImage": {
                "distance": 1000000.0,
                "pointIndex": -1
            },
            "leftImage": {
                "distance": 1000000.0,
                "pointIndex": -1
            },
            "rightImage": {
                "distance": 1000000.0,
                "pointIndex": -1
            },
            "topImage": {
                "distance": 1000000.0,
                "pointIndex": -1
            }
        },
        "originX": 0,
        "originY": 0,
        "tlPoint": {
            "imageCoords": {
                "x": -1,
                "y": -1
            },
            "uvCoords": {
                "x": -1,
                "y": -1
            },
            "uvCoordsNormalized": {
                "x": 0,
                "y": 0
            },
            "uvCoordsNormalizedYflipped": {
                "x": -1,
                "y": -1
            },
            "worldcoords": {
                "x": 503.5,
                "y": 500.0,
                "z": 1487.56
            }
        },
        "trPoint": {
            "imageCoords": {
                "x": 3325,
                "y": 0
            },
            "uvCoords": {
                "x": -1,
                "y": -1
            },
            "uvCoordsNormalized": {
                "x": 1,
                "y": 0
            },
            "uvCoordsNormalizedYflipped": {
                "x": -1,
                "y": -1
            },
            "worldcoords": {
                "x": 503.5,
                "y": 500.0,
                "z": 1101.56
            }
        }
    }
}