{
    "imagesInfo": [
        {
            "blPoint": {
                "imageCoords": {
                    "x": -1,
                    "y": -1
                },
                "uvCoords": {
                    "x": -1,
                    "y": -1
                },
                "uvCoordsNormalized": {
                    "x": 0.0,
                    "y": 0.2702702702702703
                },
                "uvCoordsNormalizedYflipped": {
                    "x": 0.0,
                    "y": 0.9999999999999999
                },
                "worldcoords": {
                    "x": 1349.5135135135133,
                    "y": 567.5675675675675,
                    "z": 1487.56
                }
            },
            "brPoint": {
                "imageCoords": {
                    "x": -1,
                    "y": -1
                },
                "uvCoords": {
                    "x": -1,
                    "y": -1
                },
                "uvCoordsNormalized": {
                    "x": 0.5263157894736842,
                    "y": 0.2702702702702703
                },
                "uvCoordsNormalizedYflipped": {
                    "x": 0.5263157894736842,
                    "y": 0.9999999999999999
                },
                "worldcoords": {
                    "x": 1349.5135135135135,
                    "y": 567.5675675675676,
                    "z": 1382.296842105263
                }
            },
            "centerPoint": {
                "imageCoords": {
                    "x": -1,
                    "y": -1
                },
                "uvCoords": {
                    "x": -1,
                    "y": -1
                },
                "uvCoordsNormalized": {
                    "x": 0.2631578947368421,
                    "y": 0.1351351351351352
                },
                "uvCoordsNormalizedYflipped": {
                    "x": 0.2631578947368421,
                    "y": 0.8648648648648648
                },
                "worldcoords": {
                    "x": 1349.5067567567569,
                    "y": 533.7837837837837,
                    "z": 1434.9284210526316
                }
            },
            "imageFilename": "floor2/wall_17/IMG_7436.JPG",
            "imageHeight": 792,
            "imageIndex": 0,
            "imageWidth": 1188,
            "neighborImages": {
                "bottomImage": {
                    "distance": 1000000.0,
                    "pointIndex": -1
                },
                "leftImage": {
                    "distance": 1000000.0,
                    "pointIndex": -1
                },
                "rightImage": {
                    "distance": 1000000.0,
                    "pointIndex": -1
                },
                "topImage": {
                    "distance": 1000000.0,
                    "pointIndex": -1
                }
            },
            "originX": 0,
            "originY": 0,
            "tlPoint": {
                "imageCoords": {
                    "x": -1,
                    "y": -1
                },
                "uvCoords": {
                    "x": -1,
                    "y": -1
                },
                "uvCoordsNormalized": {
                    "x": 0.0,
                    "y": 8.326672684688674e-17
                },
                "uvCoordsNormalizedYflipped": {
                    "x": 0.0,
                    "y": 0.7297297297297297
                },
                "worldcoords": {
                    "x": 1349.4999999999998,
                    "y": 500.0,
                    "z": 1487.56
                }
            },
            "trPoint": {
                "imageCoords": {
                    "x": -1,
                    "y": -1
                },
                "uvCoords": {
                    "x": -1,
                    "y": -1
                },
                "uvCoordsNormalized": {
                    "x": 0.5263157894736842,
                    "y": 8.326672684688674e-17
                },
                "uvCoordsNormalizedYflipped": {
                    "x": 0.5263157894736842,
                    "y": 0.7297297297297297
                },
                "worldcoords": {
                    "x": 1349.5,
                    "y": 500.0,
                    "z": 1382.2968421052628
                }
            }
        },
        {
            "blPoint": {
                "imageCoords": {
                    "x": -1,
                    "y": -1
                },
                "uvCoords": {
                    "x": -1,
                    "y": -1
                },
                "uvCoordsNormalized": {
                    "x": 0.47368421052631576,
                    "y": 0.2702702702702703
                },
                "uvCoordsNormalizedYflipped": {
                    "x": 0.47368421052631576,
                    "y": 0.9999999999999999
                },
                "worldcoords": {
                    "x": 1349.5135135135138,
                    "y": 567.5675675675676,
                    "z": 1392.8231578947368
                }
            },
            "brPoint": {
                "imageCoords": {
                    "x": -1,
                    "y": -1
                },
                "uvCoords": {
                    "x": -1,
                    "y": -1
                },
                "uvCoordsNormalized": {
                    "x": 1.0,
                    "y": 0.2702702702702703
                },
                "uvCoordsNormalizedYflipped": {
                    "x": 1.0,
                    "y": 0.9999999999999999
                },
                "worldcoords": {
                    "x": 1349.5135135135133,
                    "y": 567.5675675675675,
                    "z": 1287.56
                }
            },
            "centerPoint": {
                "imageCoords": {
                    "x": -1,
                    "y": -1
                },
                "uvCoords": {
                    "x": -1,
                    "y": -1
                },
                "uvCoordsNormalized": {
                    "x": 0.7368421052631579,
                    "y": 0.1351351351351352
                },
                "uvCoordsNormalizedYflipped": {
                    "x": 0.7368421052631579,
                    "y": 0.8648648648648648
                },
                "worldcoords": {
                    "x": 1349.5067567567567,
                    "y": 533.7837837837837,
                    "z": 1340.1915789473683
                }
            },
            "imageFilename": "floor2/wall_17/IMG_7437.JPG",
            "imageHeight": 792,
            "imageIndex": 1,
            "imageWidth": 1188,
            "neighborImages": {
                "bottomImage": {
                    "distance": 1000000.0,
                    "pointIndex": -1
                },
                "leftImage": {
                    "distance": 1000000.0,
                    "pointIndex": -1
                },
                "rightImage": {
                    "distance": 1000000.0,
                    "pointIndex": -1
                },
                "topImage": {
                    "distance": 1000000.0,
                    "pointIndex": -1
                }
            },
            "originX": 0,
            "originY": 0,
            "tlPoint": {
                "imageCoords": {
                    "x": -1,
                    "y": -1
                },
                "uvCoords": {
                    "x": -1,
                    "y": -1
                },
                "uvCoordsNormalized": {
                    "x": 0.47368421052631576,
                    "y": 8.326672684688674e-17
                },
                "uvCoordsNormalizedYflipped": {
                    "x": 0.47368421052631576,
                    "y": 0.7297297297297297
                },
                "worldcoords": {
                    "x": 1349.4999999999998,
                    "y": 499.99999999999994,
                    "z": 1392.8231578947366
                }
            },
            "trPoint": {
                "imageCoords": {
                    "x": -1,
                    "y": -1
                },
                "uvCoords": {
                    "x": -1,
                    "y": -1
                },
                "uvCoordsNormalized": {
                    "x": 1.0,
                    "y": 8.326672684688674e-17
                },
                "uvCoordsNormalizedYflipped": {
                    "x": 1.0,
                    "y": 0.7297297297297297
                },
                "worldcoords": {
                    "x": 1349.4999999999998,
                    "y": 500.0,
                    "z": 1287.5599999999997
                }
            }
        },
        {
            "blPoint": {
                "imageCoords": {
                    "x": -1,
                    "y": -1
                },
                "uvCoords": {
                    "x": -1,
                    "y": -1
                },
                "uvCoordsNormalized": {
                    "x": 0.47368421052631576,
                    "y": 0.5135135135135136
                },
                "uvCoordsNormalizedYflipped": {
                    "x": 0.47368421052631576,
                    "y": 0.7567567567567566
                },
                "worldcoords": {
                    "x": 1349.5256756756758,
                    "y": 628.3783783783783,
                    "z": 1392.8231578947368
                }
            },
            "brPoint": {
                "imageCoords": {
                    "x": -1,
                    "y": -1
                },
                "uvCoords": {
                    "x": -1,
                    "y": -1
                },
                "uvCoordsNormalized": {
                    "x": 1.0,
                    "y": 0.5135135135135136
                },
                "uvCoordsNormalizedYflipped": {
                    "x": 1.0,
                    "y": 0.7567567567567566
                },
                "worldcoords": {
                    "x": 1349.5256756756758,
                    "y": 628.3783783783784,
                    "z": 1287.56
                }
            },
            "centerPoint": {
                "imageCoords": {
                    "x": -1,
                    "y": -1
                },
                "uvCoords": {
                    "x": -1,
                    "y": -1
                },
                "uvCoordsNormalized": {
                    "x": 0.7368421052631579,
                    "y": 0.3783783783783785
                },
                "uvCoordsNormalizedYflipped": {
                    "x": 0.7368421052631579,
                    "y": 0.6216216216216215
                },
                "worldcoords": {
                    "x": 1349.5189189189189,
                    "y": 594.5945945945946,
                    "z": 1340.1915789473683
                }
            },
            "imageFilename": "floor2/wall_17/IMG_7438.JPG",
            "imageHeight": 792,
            "imageIndex": 2,
            "imageWidth": 1188,
            "neighborImages": {
                "bottomImage": {
                    "distance": 1000000.0,
                    "pointIndex": -1
                },
                "leftImage": {
                    "distance": 1000000.0,
                    "pointIndex": -1
                },
                "rightImage": {
                    "distance": 1000000.0,
                    "pointIndex": -1
                },
                "topImage": {
                    "distance": 1000000.0,
                    "pointIndex": -1
                }
            },
            "originX": 0,
            "originY": 0,
            "tlPoint": {
                "imageCoords": {
                    "x": -1,
                    "y": -1
                },
                "uvCoords": {
                    "x": -1,
                    "y": -1
                },
                "uvCoordsNormalized": {
                    "x": 0.47368421052631576,
                    "y": 0.2432432432432434
                },
                "uvCoordsNormalizedYflipped": {
                    "x": 0.47368421052631576,
                    "y": 0.4864864864864864
                },
                "worldcoords": {
                    "x": 1349.5121621621622,
                    "y": 560.8108108108108,
                    "z": 1392.8231578947368
                }
            },
            "trPoint": {
                "imageCoords": {
                    "x": -1,
                    "y": -1
                },
                "uvCoords": {
                    "x": -1,
                    "y": -1
                },
                "uvCoordsNormalized": {
                    "x": 1.0,
                    "y": 0.2432432432432434
                },
                "uvCoordsNormalizedYflipped": {
                    "x": 1.0,
                    "y": 0.4864864864864864
                },
                "worldcoords": {
                    "x": 1349.512162162162,
                    "y": 560.8108108108108,
                    "z": 1287.56
                }
            }
        },
        {
            "blPoint": {
                "imageCoords": {
                    "x": -1,
                    "y": -1
                },
                "uvCoords": {
                    "x": -1,
                    "y": -1
                },
                "uvCoordsNormalized": {
                    "x": 0.0,
                    "y": 0.5135135135135136
                },
                "uvCoordsNormalizedYflipped": {
                    "x": 0.0,
                    "y": 0.7567567567567566
                },
                "worldcoords": {
                    "x": 1349.5256756756758,
                    "y": 628.3783783783784,
                    "z": 1487.56
                }
            },
            "brPoint": {
                "imageCoords": {
                    "x": -1,
                    "y": -1
                },
                "uvCoords": {
                    "x": -1,
                    "y": -1
                },
                "uvCoordsNormalized": {
                    "x": 0.5263157894736842,
                    "y": 0.5135135135135136
                },
                "uvCoordsNormalizedYflipped": {
                    "x": 0.5263157894736842,
                    "y": 0.7567567567567566
                },
                "worldcoords": {
                    "x": 1349.5256756756758,
                    "y": 628.3783783783784,
                    "z": 1382.296842105263
                }
            },
            "centerPoint": {
                "imageCoords": {
                    "x": -1,
                    "y": -1
                },
                "uvCoords": {
                    "x": -1,
                    "y": -1
                },
                "uvCoordsNormalized": {
                    "x": 0.2631578947368421,
                    "y": 0.3783783783783785
                },
                "uvCoordsNormalizedYflipped": {
                    "x": 0.2631578947368421,
                    "y": 0.6216216216216215
                },
                "worldcoords": {
                    "x": 1349.5189189189189,
                    "y": 594.5945945945946,
                    "z": 1434.9284210526314
                }
            },
            "imageFilename": "floor2/wall_17/IMG_7439.JPG",
            "imageHeight": 792,
            "imageIndex": 3,
            "imageWidth": 1188,
            "neighborImages": {
                "bottomImage": {
                    "distance": 1000000.0,
                    "pointIndex": -1
                },
                "leftImage": {
                    "distance": 1000000.0,
                    "pointIndex": -1
                },
                "rightImage": {
                    "distance": 1000000.0,
                    "pointIndex": -1
                },
                "topImage": {
                    "distance": 1000000.0,
                    "pointIndex": -1
                }
            },
            "originX": 0,
            "originY": 0,
            "tlPoint": {
                "imageCoords": {
                    "x": -1,
                    "y": -1
                },
                "uvCoords": {
                    "x": -1,
                    "y": -1
                },
                "uvCoordsNormalized": {
                    "x": 0.0,
                    "y": 0.2432432432432434
                },
                "uvCoordsNormalizedYflipped": {
                    "x": 0.0,
                    "y": 0.4864864864864864
                },
                "worldcoords": {
                    "x": 1349.512162162162,
                    "y": 560.8108108108108,
                    "z": 1487.56
                }
            },
            "trPoint": {
                "imageCoords": {
                    "x": -1,
                    "y": -1
                },
                "uvCoords": {
                    "x": -1,
                    "y": -1
                },
                "uvCoordsNormalized": {
                    "x": 0.5263157894736842,
                    "y": 0.2432432432432434
                },
                "uvCoordsNormalizedYflipped": {
                    "x": 0.5263157894736842,
                    "y": 0.4864864864864864
                },
                "worldcoords": {
                    "x": 1349.5121621621622,
                    "y": 560.8108108108108,
                    "z": 1382.2968421052628
                }
            }
        },
        {
            "blPoint": {
                "imageCoords": {
                    "x": -1,
                    "y": -1
                },
                "uvCoords": {
                    "x": -1,
                    "y": -1
                },
                "uvCoordsNormalized": {
                    "x": 0.0,
                    "y": 0.7567567567567568
                },
                "uvCoordsNormalizedYflipped": {
                    "x": 0.0,
                    "y": 0.5135135135135134
                },
                "worldcoords": {
                    "x": 1349.5378378378377,
                    "y": 689.1891891891892,
                    "z": 1487.56
                }
            },
            "brPoint": {
                "imageCoords": {
                    "x": -1,
                    "y": -1
                },
                "uvCoords": {
                    "x": -1,
                    "y": -1
                },
                "uvCoordsNormalized": {
                    "x": 0.5263157894736842,
                    "y": 0.7567567567567568
                },
                "uvCoordsNormalizedYflipped": {
                    "x": 0.5263157894736842,
                    "y": 0.5135135135135134
                },
                "worldcoords": {
                    "x": 1349.5378378378377,
                    "y": 689.1891891891892,
                    "z": 1382.296842105263
                }
            },
            "centerPoint": {
                "imageCoords": {
                    "x": -1,
                    "y": -1
                },
                "uvCoords": {
                    "x": -1,
                    "y": -1
                },
                "uvCoordsNormalized": {
                    "x": 0.2631578947368421,
                    "y": 0.6216216216216217
                },
                "uvCoordsNormalizedYflipped": {
                    "x": 0.2631578947368421,
                    "y": 0.3783783783783783
                },
                "worldcoords": {
                    "x": 1349.531081081081,
                    "y": 655.4054054054054,
                    "z": 1434.9284210526316
                }
            },
            "imageFilename": "floor2/wall_17/IMG_7440.JPG",
            "imageHeight": 792,
            "imageIndex": 4,
            "imageWidth": 1188,
            "neighborImages": {
                "bottomImage": {
                    "distance": 1000000.0,
                    "pointIndex": -1
                },
                "leftImage": {
                    "distance": 1000000.0,
                    "pointIndex": -1
                },
                "rightImage": {
                    "distance": 1000000.0,
                    "pointIndex": -1
                },
                "topImage": {
                    "distance": 1000000.0,
                    "pointIndex": -1
                }
            },
            "originX": 0,
            "originY": 0,
            "tlPoint": {
                "imageCoords": {
                    "x": -1,
                    "y": -1
                },
                "uvCoords": {
                    "x": -1,
                    "y": -1
                },
                "uvCoordsNormalized": {
                    "x": 0.0,
                    "y": 0.4864864864864866
                },
                "uvCoordsNormalizedYflipped": {
                    "x": 0.0,
                    "y": 0.2432432432432432
                },
                "worldcoords": {
                    "x": 1349.5243243243244,
                    "y": 621.6216216216217,
                    "z": 1487.56
                }
            },
            "trPoint": {
                "imageCoords": {
                    "x": -1,
                    "y": -1
                },
                "uvCoords": {
                    "x": -1,
                    "y": -1
                },
                "uvCoordsNormalized": {
                    "x": 0.5263157894736842,
                    "y": 0.4864864864864866
                },
                "uvCoordsNormalizedYflipped": {
                    "x": 0.5263157894736842,
                    "y": 0.2432432432432432
                },
                "worldcoords": {
                    "x": 1349.5243243243244,
                    "y": 621.6216216216217,
                    "z": 1382.296842105263
                }
            }
        },
        {
            "blPoint": {
                "imageCoords": {
                    "x": -1,
                    "y": -1
                },
                "uvCoords": {
                    "x": -1,
                    "y": -1
                },
                "uvCoordsNormalized": {
                    "x": 0.47368421052631576,
                    "y": 0.7567567567567568
                },
                "uvCoordsNormalizedYflipped": {
                    "x": 0.47368421052631576,
                    "y": 0.5135135135135134
                },
                "worldcoords": {
                    "x": 1349.537837837838,
                    "y": 689.1891891891893,
                    "z": 1392.823157894737
                }
            },
            "brPoint": {
                "imageCoords": {
                    "x": -1,
                    "y": -1
                },
                "uvCoords": {
                    "x": -1,
                    "y": -1
                },
                "uvCoordsNormalized": {
                    "x": 1.0,
                    "y": 0.7567567567567568
                },
                "uvCoordsNormalizedYflipped": {
                    "x": 1.0,
                    "y": 0.5135135135135134
                },
                "worldcoords": {
                    "x": 1349.5378378378377,
                    "y": 689.1891891891892,
                    "z": 1287.56
                }
            },
            "centerPoint": {
                "imageCoords": {
                    "x": -1,
                    "y": -1
                },
                "uvCoords": {
                    "x": -1,
                    "y": -1
                },
                "uvCoordsNormalized": {
                    "x": 0.7368421052631579,
                    "y": 0.6216216216216217
                },
                "uvCoordsNormalizedYflipped": {
                    "x": 0.7368421052631579,
                    "y": 0.3783783783783783
                },
                "worldcoords": {
                    "x": 1349.531081081081,
                    "y": 655.4054054054054,
                    "z": 1340.1915789473683
                }
            },
            "imageFilename": "floor2/wall_17/IMG_7441.JPG",
            "imageHeight": 792,
            "imageIndex": 5,
            "imageWidth": 1188,
            "neighborImages": {
                "bottomImage": {
                    "distance": 1000000.0,
                    "pointIndex": -1
                },
                "leftImage": {
                    "distance": 1000000.0,
                    "pointIndex": -1
                },
                "rightImage": {
                    "distance": 1000000.0,
                    "pointIndex": -1
                },
                "topImage": {
                    "distance": 1000000.0,
                    "pointIndex": -1
                }
            },
            "originX": 0,
            "originY": 0,
            "tlPoint": {
                "imageCoords": {
                    "x": -1,
                    "y": -1
                },
                "uvCoords": {
                    "x": -1,
                    "y": -1
                },
                "uvCoordsNormalized": {
                    "x": 0.47368421052631576,
                    "y": 0.4864864864864866
                },
                "uvCoordsNormalizedYflipped": {
                    "x": 0.47368421052631576,
                    "y": 0.2432432432432432
                },
                "worldcoords": {
                    "x": 1349.5243243243244,
                    "y": 621.6216216216217,
                    "z": 1392.8231578947368
                }
            },
            "trPoint": {
                "imageCoords": {
                    "x": -1,
                    "y": -1
                },
                "uvCoords": {
                    "x": -1,
                    "y": -1
                },
                "uvCoordsNormalized": {
                    "x": 1.0,
                    "y": 0.4864864864864866
                },
                "uvCoordsNormalizedYflipped": {
                    "x": 1.0,
                    "y": 0.2432432432432432
                },
                "worldcoords": {
                    "x": 1349.5243243243244,
                    "y": 621.6216216216217,
                    "z": 1287.56
                }
            }
        },
        {
            "blPoint": {
                "imageCoords": {
                    "x": -1,
                    "y": -1
                },
                "uvCoords": {
                    "x": -1,
                    "y": -1
                },
                "uvCoordsNormalized": {
                    "x": 0.47368421052631576,
                    "y": 1.0
                },
                "uvCoordsNormalizedYflipped": {
                    "x": 0.47368421052631576,
                    "y": 0.2702702702702702
                },
                "worldcoords": {
                    "x": 1349.5500000000002,
                    "y": 750.0,
                    "z": 1392.8231578947368
                }
            },
            "brPoint": {
                "imageCoords": {
                    "x": -1,
                    "y": -1
                },
                "uvCoords": {
                    "x": -1,
                    "y": -1
                },
                "uvCoordsNormalized": {
                    "x": 1.0,
                    "y": 1.0
                },
                "uvCoordsNormalizedYflipped": {
                    "x": 1.0,
                    "y": 0.2702702702702702
                },
                "worldcoords": {
                    "x": 1349.55,
                    "y": 750.0,
                    "z": 1287.56
                }
            },
            "centerPoint": {
                "imageCoords": {
                    "x": -1,
                    "y": -1
                },
                "uvCoords": {
                    "x": -1,
                    "y": -1
                },
                "uvCoordsNormalized": {
                    "x": 0.7368421052631579,
                    "y": 0.8648648648648649
                },
                "uvCoordsNormalizedYflipped": {
                    "x": 0.7368421052631579,
                    "y": 0.1351351351351351
                },
                "worldcoords": {
                    "x": 1349.5432432432433,
                    "y": 716.2162162162164,
                    "z": 1340.1915789473685
                }
            },
            "imageFilename": "floor2/wall_17/IMG_7442.JPG",
            "imageHeight": 792,
            "imageIndex": 6,
            "imageWidth": 1188,
            "neighborImages": {
                "bottomImage": {
                    "distance": 1000000.0,
                    "pointIndex": -1
                },
                "leftImage": {
                    "distance": 1000000.0,
                    "pointIndex": -1
                },
                "rightImage": {
                    "distance": 1000000.0,
                    "pointIndex": -1
                },
                "topImage": {
                    "distance": 1000000.0,
                    "pointIndex": -1
                }
            },
            "originX": 0,
            "originY": 0,
            "tlPoint": {
                "imageCoords": {
                    "x": -1,
                    "y": -1
                },
                "uvCoords": {
                    "x": -1,
                    "y": -1
                },
                "uvCoordsNormalized": {
                    "x": 0.47368421052631576,
                    "y": 0.7297297297297298
                },
                "uvCoordsNormalizedYflipped": {
                    "x": 0.47368421052631576,
                    "y": 0.0
                },
                "worldcoords": {
                    "x": 1349.5364864864866,
                    "y": 682.4324324324325,
                    "z": 1392.823157894737
                }
            },
            "trPoint": {
                "imageCoords": {
                    "x": -1,
                    "y": -1
                },
                "uvCoords": {
                    "x": -1,
                    "y": -1
                },
                "uvCoordsNormalized": {
                    "x": 1.0,
                    "y": 0.7297297297297298
                },
                "uvCoordsNormalizedYflipped": {
                    "x": 1.0,
                    "y": 0.0
                },
                "worldcoords": {
                    "x": 1349.5364864864864,
                    "y": 682.4324324324325,
                    "z": 1287.56
                }
            }
        },
        {
            "blPoint": {
                "imageCoords": {
                    "x": -1,
                    "y": -1
                },
                "uvCoords": {
                    "x": -1,
                    "y": -1
                },
                "uvCoordsNormalized": {
                    "x": 0.0,
                    "y": 1.0
                },
                "uvCoordsNormalizedYflipped": {
                    "x": 0.0,
                    "y": 0.2702702702702702
                },
                "worldcoords": {
                    "x": 1349.55,
                    "y": 750.0,
                    "z": 1487.56
                }
            },
            "brPoint": {
                "imageCoords": {
                    "x": -1,
                    "y": -1
                },
                "uvCoords": {
                    "x": -1,
                    "y": -1
                },
                "uvCoordsNormalized": {
                    "x": 0.5263157894736842,
                    "y": 1.0
                },
                "uvCoordsNormalizedYflipped": {
                    "x": 0.5263157894736842,
                    "y": 0.2702702702702702
                },
                "worldcoords": {
                    "x": 1349.55,
                    "y": 750.0,
                    "z": 1382.296842105263
                }
            },
            "centerPoint": {
                "imageCoords": {
                    "x": -1,
                    "y": -1
                },
                "uvCoords": {
                    "x": -1,
                    "y": -1
                },
                "uvCoordsNormalized": {
                    "x": 0.2631578947368421,
                    "y": 0.8648648648648649
                },
                "uvCoordsNormalizedYflipped": {
                    "x": 0.2631578947368421,
                    "y": 0.1351351351351351
                },
                "worldcoords": {
                    "x": 1349.543243243243,
                    "y": 716.2162162162163,
                    "z": 1434.9284210526316
                }
            },
            "imageFilename": "floor2/wall_17/IMG_7443.JPG",
            "imageHeight": 792,
            "imageIndex": 7,
            "imageWidth": 1188,
            "neighborImages": {
                "bottomImage": {
                    "distance": 1000000.0,
                    "pointIndex": -1
                },
                "leftImage": {
                    "distance": 1000000.0,
                    "pointIndex": -1
                },
                "rightImage": {
                    "distance": 1000000.0,
                    "pointIndex": -1
                },
                "topImage": {
                    "distance": 1000000.0,
                    "pointIndex": -1
                }
            },
            "originX": 0,
            "originY": 0,
            "tlPoint": {
                "imageCoords": {
                    "x": -1,
                    "y": -1
                },
                "uvCoords": {
                    "x": -1,
                    "y": -1
                },
                "uvCoordsNormalized": {
                    "x": 0.0,
                    "y": 0.7297297297297298
                },
                "uvCoordsNormalizedYflipped": {
                    "x": 0.0,
                    "y": 0.0
                },
                "worldcoords": {
                    "x": 1349.5364864864864,
                    "y": 682.4324324324325,
                    "z": 1487.56
                }
            },
            "trPoint": {
                "imageCoords": {
                    "x": -1,
                    "y": -1
                },
                "uvCoords": {
                    "x": -1,
                    "y": -1
                },
                "uvCoordsNormalized": {
                    "x": 0.5263157894736842,
                    "y": 0.7297297297297298
                },
                "uvCoordsNormalizedYflipped": {
                    "x": 0.5263157894736842,
                    "y": 0.0
                },
                "worldcoords": {
                    "x": 1349.5364864864864,
                    "y": 682.4324324324325,
                    "z": 1382.296842105263
                }
            }
        }
    ],
    "materialIndex": 8,
    "materialName": "./floor2/wall_17/flatten_canvas.resized.jpg",
    "overviewImageInfo": {
        "blPoint": {
            "imageCoords": {
                "x": 0,
                "y": 2929
            },
            "uvCoords": {
                "x": -1,
                "y": -1
            },
            "uvCoordsNormalized": {
                "x": 0,
                "y": 1
            },
            "uvCoordsNormalizedYflipped": {
                "x": -1,
                "y": -1
            },
            "worldcoords": {
                "x": 1349.55,
                "y": 750.0,
                "z": 1487.56
            }
        },
        "brPoint": {
            "imageCoords": {
                "x": 2256,
                "y": 2929
            },
            "uvCoords": {
                "x": -1,
                "y": -1
            },
            "uvCoordsNormalized": {
                "x": 1,
                "y": 1
            },
            "uvCoordsNormalizedYflipped": {
                "x": -1,
                "y": -1
            },
            "worldcoords": {
                "x": 1349.55,
                "y": 750.0,
                "z": 1287.56
            }
        },
        "centerPoint": {
            "imageCoords": {
                "x": 1128,
                "y": 1465
            },
            "uvCoords": {
                "x": -1,
                "y": -1
            },
            "uvCoordsNormalized": {
                "x": -1,
                "y": -1
            },
            "uvCoordsNormalizedYflipped": {
                "x": -1,
                "y": -1
            },
            "worldcoords": {
                "x": 0,
                "y": 0,
                "z": 0
            }
        },
        "imageFilename": "NA",
        "imageHeight": 2930,
        "imageIndex": 0,
        "imageWidth": 2257,
        "neighborImages": {
            "bottomImage": {
                "distance": 1000000.0,
                "pointIndex": -1
            },
            "leftImage": {
                "distance": 1000000.0,
                "pointIndex": -1
            },
            "rightImage": {
                "distance": 1000000.0,
                "pointIndex": -1
            },
            "topImage": {
                "distance": 1000000.0,
                "pointIndex": -1
            }
        },
        "originX": 0,
        "originY": 0,
        "tlPoint": {
            "imageCoords": {
                "x": -1,
                "y": -1
            },
            "uvCoords": {
                "x": -1,
                "y": -1
            },
            "uvCoordsNormalized": {
                "x": 0,
                "y": 0
            },
            "uvCoordsNormalizedYflipped": {
                "x": -1,
                "y": -1
            },
            "worldcoords": {
                "x": 1349.5,
                "y": 500.0,
                "z": 1487.56
            }
        },
        "trPoint": {
            "imageCoords": {
                "x": 2256,
                "y": 0
            },
            "uvCoords": {
                "x": -1,
                "y": -1
            },
            "uvCoordsNormalized": {
                "x": 1,
                "y": 0
            },
            "uvCoordsNormalizedYflipped": {
                "x": -1,
                "y": -1
            },
            "worldcoords": {
                "x": 1349.5,
                "y": 500.0,
                "z": 1287.56
            }
        }
    }
}