{
    "imagesInfo": [
        {
            "blPoint": {
                "imageCoords": {
                    "x": -1,
                    "y": -1
                },
                "uvCoords": {
                    "x": -1,
                    "y": -1
                },
                "uvCoordsNormalized": {
                    "x": 0.0,
                    "y": 0.2702702702702703
                },
                "uvCoordsNormalizedYflipped": {
                    "x": 0.0,
                    "y": 0.9999999999999999
                },
                "worldcoords": {
                    "x": 1399.4864864864865,
                    "y": 317.56756756756755,
                    "z": 703.5725135135135
                }
            },
            "brPoint": {
                "imageCoords": {
                    "x": -1,
                    "y": -1
                },
                "uvCoords": {
                    "x": -1,
                    "y": -1
                },
                "uvCoordsNormalized": {
                    "x": 1.0,
                    "y": 0.2702702702702703
                },
                "uvCoordsNormalizedYflipped": {
                    "x": 1.0,
                    "y": 0.9999999999999999
                },
                "worldcoords": {
                    "x": 1497.4864864864865,
                    "y": 317.56756756756755,
                    "z": 703.5725135135135
                }
            },
            "centerPoint": {
                "imageCoords": {
                    "x": -1,
                    "y": -1
                },
                "uvCoords": {
                    "x": -1,
                    "y": -1
                },
                "uvCoordsNormalized": {
                    "x": 0.5,
                    "y": 0.1351351351351352
                },
                "uvCoordsNormalizedYflipped": {
                    "x": 0.5,
                    "y": 0.8648648648648648
                },
                "worldcoords": {
                    "x": 1448.4932432432431,
                    "y": 283.7837837837838,
                    "z": 703.5657567567567
                }
            },
            "imageFilename": "floor1/wall_20/IMG_7295.JPG",
            "imageHeight": 792,
            "imageIndex": 0,
            "imageWidth": 1188,
            "neighborImages": {
                "bottomImage": {
                    "distance": 1000000.0,
                    "pointIndex": -1
                },
                "leftImage": {
                    "distance": 1000000.0,
                    "pointIndex": -1
                },
                "rightImage": {
                    "distance": 1000000.0,
                    "pointIndex": -1
                },
                "topImage": {
                    "distance": 1000000.0,
                    "pointIndex": -1
                }
            },
            "originX": 0,
            "originY": 0,
            "tlPoint": {
                "imageCoords": {
                    "x": -1,
                    "y": -1
                },
                "uvCoords": {
                    "x": -1,
                    "y": -1
                },
                "uvCoordsNormalized": {
                    "x": 0.0,
                    "y": 8.326672684688674e-17
                },
                "uvCoordsNormalizedYflipped": {
                    "x": 0.0,
                    "y": 0.7297297297297297
                },
                "worldcoords": {
                    "x": 1399.5,
                    "y": 250.0,
                    "z": 703.559
                }
            },
            "trPoint": {
                "imageCoords": {
                    "x": -1,
                    "y": -1
                },
                "uvCoords": {
                    "x": -1,
                    "y": -1
                },
                "uvCoordsNormalized": {
                    "x": 1.0,
                    "y": 8.326672684688674e-17
                },
                "uvCoordsNormalizedYflipped": {
                    "x": 1.0,
                    "y": 0.7297297297297297
                },
                "worldcoords": {
                    "x": 1497.5,
                    "y": 250.0,
                    "z": 703.559
                }
            }
        },
        {
            "blPoint": {
                "imageCoords": {
                    "x": -1,
                    "y": -1
                },
                "uvCoords": {
                    "x": -1,
                    "y": -1
                },
                "uvCoordsNormalized": {
                    "x": 0.0,
                    "y": 0.5135135135135136
                },
                "uvCoordsNormalizedYflipped": {
                    "x": 0.0,
                    "y": 0.7567567567567566
                },
                "worldcoords": {
                    "x": 1399.4743243243242,
                    "y": 378.3783783783784,
                    "z": 703.5846756756757
                }
            },
            "brPoint": {
                "imageCoords": {
                    "x": -1,
                    "y": -1
                },
                "uvCoords": {
                    "x": -1,
                    "y": -1
                },
                "uvCoordsNormalized": {
                    "x": 1.0,
                    "y": 0.5135135135135136
                },
                "uvCoordsNormalizedYflipped": {
                    "x": 1.0,
                    "y": 0.7567567567567566
                },
                "worldcoords": {
                    "x": 1497.4743243243242,
                    "y": 378.3783783783784,
                    "z": 703.5846756756757
                }
            },
            "centerPoint": {
                "imageCoords": {
                    "x": -1,
                    "y": -1
                },
                "uvCoords": {
                    "x": -1,
                    "y": -1
                },
                "uvCoordsNormalized": {
                    "x": 0.5,
                    "y": 0.3783783783783785
                },
                "uvCoordsNormalizedYflipped": {
                    "x": 0.5,
                    "y": 0.6216216216216215
                },
                "worldcoords": {
                    "x": 1448.4810810810811,
                    "y": 344.5945945945946,
                    "z": 703.577918918919
                }
            },
            "imageFilename": "floor1/wall_20/IMG_7296.JPG",
            "imageHeight": 792,
            "imageIndex": 1,
            "imageWidth": 1188,
            "neighborImages": {
                "bottomImage": {
                    "distance": 1000000.0,
                    "pointIndex": -1
                },
                "leftImage": {
                    "distance": 1000000.0,
                    "pointIndex": -1
                },
                "rightImage": {
                    "distance": 1000000.0,
                    "pointIndex": -1
                },
                "topImage": {
                    "distance": 1000000.0,
                    "pointIndex": -1
                }
            },
            "originX": 0,
            "originY": 0,
            "tlPoint": {
                "imageCoords": {
                    "x": -1,
                    "y": -1
                },
                "uvCoords": {
                    "x": -1,
                    "y": -1
                },
                "uvCoordsNormalized": {
                    "x": 0.0,
                    "y": 0.2432432432432434
                },
                "uvCoordsNormalizedYflipped": {
                    "x": 0.0,
                    "y": 0.4864864864864864
                },
                "worldcoords": {
                    "x": 1399.4878378378378,
                    "y": 310.81081081081084,
                    "z": 703.5711621621622
                }
            },
            "trPoint": {
                "imageCoords": {
                    "x": -1,
                    "y": -1
                },
                "uvCoords": {
                    "x": -1,
                    "y": -1
                },
                "uvCoordsNormalized": {
                    "x": 1.0,
                    "y": 0.2432432432432434
                },
                "uvCoordsNormalizedYflipped": {
                    "x": 1.0,
                    "y": 0.4864864864864864
                },
                "worldcoords": {
                    "x": 1497.4878378378378,
                    "y": 310.81081081081084,
                    "z": 703.5711621621622
                }
            }
        },
        {
            "blPoint": {
                "imageCoords": {
                    "x": -1,
                    "y": -1
                },
                "uvCoords": {
                    "x": -1,
                    "y": -1
                },
                "uvCoordsNormalized": {
                    "x": 0.0,
                    "y": 0.7567567567567568
                },
                "uvCoordsNormalizedYflipped": {
                    "x": 0.0,
                    "y": 0.5135135135135134
                },
                "worldcoords": {
                    "x": 1399.4621621621623,
                    "y": 439.18918918918916,
                    "z": 703.5968378378378
                }
            },
            "brPoint": {
                "imageCoords": {
                    "x": -1,
                    "y": -1
                },
                "uvCoords": {
                    "x": -1,
                    "y": -1
                },
                "uvCoordsNormalized": {
                    "x": 1.0,
                    "y": 0.7567567567567568
                },
                "uvCoordsNormalizedYflipped": {
                    "x": 1.0,
                    "y": 0.5135135135135134
                },
                "worldcoords": {
                    "x": 1497.4621621621623,
                    "y": 439.18918918918916,
                    "z": 703.5968378378378
                }
            },
            "centerPoint": {
                "imageCoords": {
                    "x": -1,
                    "y": -1
                },
                "uvCoords": {
                    "x": -1,
                    "y": -1
                },
                "uvCoordsNormalized": {
                    "x": 0.5,
                    "y": 0.6216216216216217
                },
                "uvCoordsNormalizedYflipped": {
                    "x": 0.5,
                    "y": 0.3783783783783783
                },
                "worldcoords": {
                    "x": 1448.468918918919,
                    "y": 405.4054054054054,
                    "z": 703.5900810810812
                }
            },
            "imageFilename": "floor1/wall_20/IMG_7297.JPG",
            "imageHeight": 792,
            "imageIndex": 2,
            "imageWidth": 1188,
            "neighborImages": {
                "bottomImage": {
                    "distance": 1000000.0,
                    "pointIndex": -1
                },
                "leftImage": {
                    "distance": 1000000.0,
                    "pointIndex": -1
                },
                "rightImage": {
                    "distance": 1000000.0,
                    "pointIndex": -1
                },
                "topImage": {
                    "distance": 1000000.0,
                    "pointIndex": -1
                }
            },
            "originX": 0,
            "originY": 0,
            "tlPoint": {
                "imageCoords": {
                    "x": -1,
                    "y": -1
                },
                "uvCoords": {
                    "x": -1,
                    "y": -1
                },
                "uvCoordsNormalized": {
                    "x": 0.0,
                    "y": 0.4864864864864866
                },
                "uvCoordsNormalizedYflipped": {
                    "x": 0.0,
                    "y": 0.2432432432432432
                },
                "worldcoords": {
                    "x": 1399.4756756756756,
                    "y": 371.62162162162167,
                    "z": 703.5833243243244
                }
            },
            "trPoint": {
                "imageCoords": {
                    "x": -1,
                    "y": -1
                },
                "uvCoords": {
                    "x": -1,
                    "y": -1
                },
                "uvCoordsNormalized": {
                    "x": 1.0,
                    "y": 0.4864864864864866
                },
                "uvCoordsNormalizedYflipped": {
                    "x": 1.0,
                    "y": 0.2432432432432432
                },
                "worldcoords": {
                    "x": 1497.4756756756756,
                    "y": 371.62162162162167,
                    "z": 703.5833243243244
                }
            }
        },
        {
            "blPoint": {
                "imageCoords": {
                    "x": -1,
                    "y": -1
                },
                "uvCoords": {
                    "x": -1,
                    "y": -1
                },
                "uvCoordsNormalized": {
                    "x": 0.0,
                    "y": 1.0
                },
                "uvCoordsNormalizedYflipped": {
                    "x": 0.0,
                    "y": 0.2702702702702702
                },
                "worldcoords": {
                    "x": 1399.45,
                    "y": 500.0,
                    "z": 703.609
                }
            },
            "brPoint": {
                "imageCoords": {
                    "x": -1,
                    "y": -1
                },
                "uvCoords": {
                    "x": -1,
                    "y": -1
                },
                "uvCoordsNormalized": {
                    "x": 1.0,
                    "y": 1.0
                },
                "uvCoordsNormalizedYflipped": {
                    "x": 1.0,
                    "y": 0.2702702702702702
                },
                "worldcoords": {
                    "x": 1497.45,
                    "y": 500.0,
                    "z": 703.609
                }
            },
            "centerPoint": {
                "imageCoords": {
                    "x": -1,
                    "y": -1
                },
                "uvCoords": {
                    "x": -1,
                    "y": -1
                },
                "uvCoordsNormalized": {
                    "x": 0.5,
                    "y": 0.8648648648648649
                },
                "uvCoordsNormalizedYflipped": {
                    "x": 0.5,
                    "y": 0.1351351351351351
                },
                "worldcoords": {
                    "x": 1448.456756756757,
                    "y": 466.2162162162162,
                    "z": 703.6022432432433
                }
            },
            "imageFilename": "floor1/wall_20/IMG_7298.JPG",
            "imageHeight": 792,
            "imageIndex": 3,
            "imageWidth": 1188,
            "neighborImages": {
                "bottomImage": {
                    "distance": 1000000.0,
                    "pointIndex": -1
                },
                "leftImage": {
                    "distance": 1000000.0,
                    "pointIndex": -1
                },
                "rightImage": {
                    "distance": 1000000.0,
                    "pointIndex": -1
                },
                "topImage": {
                    "distance": 1000000.0,
                    "pointIndex": -1
                }
            },
            "originX": 0,
            "originY": 0,
            "tlPoint": {
                "imageCoords": {
                    "x": -1,
                    "y": -1
                },
                "uvCoords": {
                    "x": -1,
                    "y": -1
                },
                "uvCoordsNormalized": {
                    "x": 0.0,
                    "y": 0.7297297297297298
                },
                "uvCoordsNormalizedYflipped": {
                    "x": 0.0,
                    "y": 0.0
                },
                "worldcoords": {
                    "x": 1399.4635135135136,
                    "y": 432.43243243243245,
                    "z": 703.5954864864865
                }
            },
            "trPoint": {
                "imageCoords": {
                    "x": -1,
                    "y": -1
                },
                "uvCoords": {
                    "x": -1,
                    "y": -1
                },
                "uvCoordsNormalized": {
                    "x": 1.0,
                    "y": 0.7297297297297298
                },
                "uvCoordsNormalizedYflipped": {
                    "x": 1.0,
                    "y": 0.0
                },
                "worldcoords": {
                    "x": 1497.4635135135136,
                    "y": 432.43243243243245,
                    "z": 703.5954864864865
                }
            }
        }
    ],
    "materialIndex": 6,
    "materialName": "./floor1/wall_20/flatten_canvas.resized.jpg",
    "overviewImageInfo": {
        "blPoint": {
            "imageCoords": {
                "x": 0,
                "y": 2929
            },
            "uvCoords": {
                "x": -1,
                "y": -1
            },
            "uvCoordsNormalized": {
                "x": 0,
                "y": 1
            },
            "uvCoordsNormalizedYflipped": {
                "x": -1,
                "y": -1
            },
            "worldcoords": {
                "x": 1399.45,
                "y": 500.0,
                "z": 703.609
            }
        },
        "brPoint": {
            "imageCoords": {
                "x": 1187,
                "y": 2929
            },
            "uvCoords": {
                "x": -1,
                "y": -1
            },
            "uvCoordsNormalized": {
                "x": 1,
                "y": 1
            },
            "uvCoordsNormalizedYflipped": {
                "x": -1,
                "y": -1
            },
            "worldcoords": {
                "x": 1497.45,
                "y": 500.0,
                "z": 703.609
            }
        },
        "centerPoint": {
            "imageCoords": {
                "x": 594,
                "y": 1465
            },
            "uvCoords": {
                "x": -1,
                "y": -1
            },
            "uvCoordsNormalized": {
                "x": -1,
                "y": -1
            },
            "uvCoordsNormalizedYflipped": {
                "x": -1,
                "y": -1
            },
            "worldcoords": {
                "x": 0,
                "y": 0,
                "z": 0
            }
        },
        "imageFilename": "NA",
        "imageHeight": 2930,
        "imageIndex": 0,
        "imageWidth": 1188,
        "neighborImages": {
            "bottomImage": {
                "distance": 1000000.0,
                "pointIndex": -1
            },
            "leftImage": {
                "distance": 1000000.0,
                "pointIndex": -1
            },
            "rightImage": {
                "distance": 1000000.0,
                "pointIndex": -1
            },
            "topImage": {
                "distance": 1000000.0,
                "pointIndex": -1
            }
        },
        "originX": 0,
        "originY": 0,
        "tlPoint": {
            "imageCoords": {
                "x": -1,
                "y": -1
            },
            "uvCoords": {
                "x": -1,
                "y": -1
            },
            "uvCoordsNormalized": {
                "x": 0,
                "y": 0
            },
            "uvCoordsNormalizedYflipped": {
                "x": -1,
                "y": -1
            },
            "worldcoords": {
                "x": 1399.5,
                "y": 250.0,
                "z": 703.559
            }
        },
        "trPoint": {
            "imageCoords": {
                "x": 1187,
                "y": 0
            },
            "uvCoords": {
                "x": -1,
                "y": -1
            },
            "uvCoordsNormalized": {
                "x": 1,
                "y": 0
            },
            "uvCoordsNormalizedYflipped": {
                "x": -1,
                "y": -1
            },
            "worldcoords": {
                "x": 1497.5,
                "y": 250.0,
                "z": 703.559
            }
        }
    }
}