{
    "imagesInfo": [
        {
            "blPoint": {
                "imageCoords": {
                    "x": -1,
                    "y": -1
                },
                "uvCoords": {
                    "x": -1,
                    "y": -1
                },
                "uvCoordsNormalized": {
                    "x": 0.0,
                    "y": 0.2702702702702703
                },
                "uvCoordsNormalizedYflipped": {
                    "x": 0.0,
                    "y": 0.9999999999999999
                },
                "worldcoords": {
                    "x": 1589.5,
                    "y": 567.5675675675675,
                    "z": 605.5454864864864
                }
            },
            "brPoint": {
                "imageCoords": {
                    "x": -1,
                    "y": -1
                },
                "uvCoords": {
                    "x": -1,
                    "y": -1
                },
                "uvCoordsNormalized": {
                    "x": 0.5263157894736842,
                    "y": 0.2702702702702703
                },
                "uvCoordsNormalizedYflipped": {
                    "x": 0.5263157894736842,
                    "y": 0.9999999999999999
                },
                "worldcoords": {
                    "x": 1368.4345661450923,
                    "y": 567.5675675675676,
                    "z": 605.5461977240399
                }
            },
            "centerPoint": {
                "imageCoords": {
                    "x": -1,
                    "y": -1
                },
                "uvCoords": {
                    "x": -1,
                    "y": -1
                },
                "uvCoordsNormalized": {
                    "x": 0.2631578947368421,
                    "y": 0.1351351351351352
                },
                "uvCoordsNormalizedYflipped": {
                    "x": 0.2631578947368421,
                    "y": 0.8648648648648648
                },
                "worldcoords": {
                    "x": 1478.9672830725465,
                    "y": 533.7837837837837,
                    "z": 605.55259886202
                }
            },
            "imageFilename": "floor2/wall_7/IMG_7371.JPG",
            "imageHeight": 792,
            "imageIndex": 0,
            "imageWidth": 1188,
            "neighborImages": {
                "bottomImage": {
                    "distance": 1000000.0,
                    "pointIndex": -1
                },
                "leftImage": {
                    "distance": 1000000.0,
                    "pointIndex": -1
                },
                "rightImage": {
                    "distance": 1000000.0,
                    "pointIndex": -1
                },
                "topImage": {
                    "distance": 1000000.0,
                    "pointIndex": -1
                }
            },
            "originX": 0,
            "originY": 0,
            "tlPoint": {
                "imageCoords": {
                    "x": -1,
                    "y": -1
                },
                "uvCoords": {
                    "x": -1,
                    "y": -1
                },
                "uvCoordsNormalized": {
                    "x": 0.0,
                    "y": 8.326672684688674e-17
                },
                "uvCoordsNormalizedYflipped": {
                    "x": 0.0,
                    "y": 0.7297297297297297
                },
                "worldcoords": {
                    "x": 1589.5,
                    "y": 500.0,
                    "z": 605.5589999999999
                }
            },
            "trPoint": {
                "imageCoords": {
                    "x": -1,
                    "y": -1
                },
                "uvCoords": {
                    "x": -1,
                    "y": -1
                },
                "uvCoordsNormalized": {
                    "x": 0.5263157894736842,
                    "y": 8.326672684688674e-17
                },
                "uvCoordsNormalizedYflipped": {
                    "x": 0.5263157894736842,
                    "y": 0.7297297297297297
                },
                "worldcoords": {
                    "x": 1368.4210526315787,
                    "y": 500.0,
                    "z": 605.5326842105262
                }
            }
        },
        {
            "blPoint": {
                "imageCoords": {
                    "x": -1,
                    "y": -1
                },
                "uvCoords": {
                    "x": -1,
                    "y": -1
                },
                "uvCoordsNormalized": {
                    "x": 0.47368421052631576,
                    "y": 0.2702702702702703
                },
                "uvCoordsNormalizedYflipped": {
                    "x": 0.47368421052631576,
                    "y": 0.9999999999999999
                },
                "worldcoords": {
                    "x": 1390.5424608819346,
                    "y": 567.5675675675676,
                    "z": 605.5488293029872
                }
            },
            "brPoint": {
                "imageCoords": {
                    "x": -1,
                    "y": -1
                },
                "uvCoords": {
                    "x": -1,
                    "y": -1
                },
                "uvCoordsNormalized": {
                    "x": 1.0,
                    "y": 0.2702702702702703
                },
                "uvCoordsNormalizedYflipped": {
                    "x": 1.0,
                    "y": 0.9999999999999999
                },
                "worldcoords": {
                    "x": 1169.4635135135136,
                    "y": 567.5675675675675,
                    "z": 605.5225135135136
                }
            },
            "centerPoint": {
                "imageCoords": {
                    "x": -1,
                    "y": -1
                },
                "uvCoords": {
                    "x": -1,
                    "y": -1
                },
                "uvCoordsNormalized": {
                    "x": 0.7368421052631579,
                    "y": 0.1351351351351352
                },
                "uvCoordsNormalizedYflipped": {
                    "x": 0.7368421052631579,
                    "y": 0.8648648648648648
                },
                "worldcoords": {
                    "x": 1279.9962304409673,
                    "y": 533.7837837837837,
                    "z": 605.5289146514937
                }
            },
            "imageFilename": "floor2/wall_7/IMG_7372.JPG",
            "imageHeight": 792,
            "imageIndex": 1,
            "imageWidth": 1188,
            "neighborImages": {
                "bottomImage": {
                    "distance": 1000000.0,
                    "pointIndex": -1
                },
                "leftImage": {
                    "distance": 1000000.0,
                    "pointIndex": -1
                },
                "rightImage": {
                    "distance": 1000000.0,
                    "pointIndex": -1
                },
                "topImage": {
                    "distance": 1000000.0,
                    "pointIndex": -1
                }
            },
            "originX": 0,
            "originY": 0,
            "tlPoint": {
                "imageCoords": {
                    "x": -1,
                    "y": -1
                },
                "uvCoords": {
                    "x": -1,
                    "y": -1
                },
                "uvCoordsNormalized": {
                    "x": 0.47368421052631576,
                    "y": 8.326672684688674e-17
                },
                "uvCoordsNormalizedYflipped": {
                    "x": 0.47368421052631576,
                    "y": 0.7297297297297297
                },
                "worldcoords": {
                    "x": 1390.5289473684209,
                    "y": 499.99999999999994,
                    "z": 605.5353157894735
                }
            },
            "trPoint": {
                "imageCoords": {
                    "x": -1,
                    "y": -1
                },
                "uvCoords": {
                    "x": -1,
                    "y": -1
                },
                "uvCoordsNormalized": {
                    "x": 1.0,
                    "y": 8.326672684688674e-17
                },
                "uvCoordsNormalizedYflipped": {
                    "x": 1.0,
                    "y": 0.7297297297297297
                },
                "worldcoords": {
                    "x": 1169.4499999999998,
                    "y": 500.0,
                    "z": 605.5089999999999
                }
            }
        },
        {
            "blPoint": {
                "imageCoords": {
                    "x": -1,
                    "y": -1
                },
                "uvCoords": {
                    "x": -1,
                    "y": -1
                },
                "uvCoordsNormalized": {
                    "x": 0.47368421052631576,
                    "y": 0.5135135135135136
                },
                "uvCoordsNormalizedYflipped": {
                    "x": 0.47368421052631576,
                    "y": 0.7567567567567566
                },
                "worldcoords": {
                    "x": 1390.5526315789475,
                    "y": 628.3783783783783,
                    "z": 605.5570085348506
                }
            },
            "brPoint": {
                "imageCoords": {
                    "x": -1,
                    "y": -1
                },
                "uvCoords": {
                    "x": -1,
                    "y": -1
                },
                "uvCoordsNormalized": {
                    "x": 1.0,
                    "y": 0.5135135135135136
                },
                "uvCoordsNormalizedYflipped": {
                    "x": 1.0,
                    "y": 0.7567567567567566
                },
                "worldcoords": {
                    "x": 1169.4756756756756,
                    "y": 628.3783783783784,
                    "z": 605.5346756756757
                }
            },
            "centerPoint": {
                "imageCoords": {
                    "x": -1,
                    "y": -1
                },
                "uvCoords": {
                    "x": -1,
                    "y": -1
                },
                "uvCoordsNormalized": {
                    "x": 0.7368421052631579,
                    "y": 0.3783783783783785
                },
                "uvCoordsNormalizedYflipped": {
                    "x": 0.7368421052631579,
                    "y": 0.6216216216216215
                },
                "worldcoords": {
                    "x": 1280.0083926031293,
                    "y": 594.5945945945946,
                    "z": 605.5410768136558
                }
            },
            "imageFilename": "floor2/wall_7/IMG_7373.JPG",
            "imageHeight": 792,
            "imageIndex": 2,
            "imageWidth": 1188,
            "neighborImages": {
                "bottomImage": {
                    "distance": 1000000.0,
                    "pointIndex": -1
                },
                "leftImage": {
                    "distance": 1000000.0,
                    "pointIndex": -1
                },
                "rightImage": {
                    "distance": 1000000.0,
                    "pointIndex": -1
                },
                "topImage": {
                    "distance": 1000000.0,
                    "pointIndex": -1
                }
            },
            "originX": 0,
            "originY": 0,
            "tlPoint": {
                "imageCoords": {
                    "x": -1,
                    "y": -1
                },
                "uvCoords": {
                    "x": -1,
                    "y": -1
                },
                "uvCoordsNormalized": {
                    "x": 0.47368421052631576,
                    "y": 0.2432432432432434
                },
                "uvCoordsNormalizedYflipped": {
                    "x": 0.47368421052631576,
                    "y": 0.4864864864864864
                },
                "worldcoords": {
                    "x": 1390.5411095305833,
                    "y": 560.8108108108108,
                    "z": 605.5474779516359
                }
            },
            "trPoint": {
                "imageCoords": {
                    "x": -1,
                    "y": -1
                },
                "uvCoords": {
                    "x": -1,
                    "y": -1
                },
                "uvCoordsNormalized": {
                    "x": 1.0,
                    "y": 0.2432432432432434
                },
                "uvCoordsNormalizedYflipped": {
                    "x": 1.0,
                    "y": 0.4864864864864864
                },
                "worldcoords": {
                    "x": 1169.4621621621623,
                    "y": 560.8108108108108,
                    "z": 605.5211621621622
                }
            }
        },
        {
            "blPoint": {
                "imageCoords": {
                    "x": -1,
                    "y": -1
                },
                "uvCoords": {
                    "x": -1,
                    "y": -1
                },
                "uvCoordsNormalized": {
                    "x": 0.0,
                    "y": 0.5135135135135136
                },
                "uvCoordsNormalizedYflipped": {
                    "x": 0.0,
                    "y": 0.7567567567567566
                },
                "worldcoords": {
                    "x": 1589.5,
                    "y": 628.3783783783784,
                    "z": 605.5333243243243
                }
            },
            "brPoint": {
                "imageCoords": {
                    "x": -1,
                    "y": -1
                },
                "uvCoords": {
                    "x": -1,
                    "y": -1
                },
                "uvCoordsNormalized": {
                    "x": 0.5263157894736842,
                    "y": 0.5135135135135136
                },
                "uvCoordsNormalizedYflipped": {
                    "x": 0.5263157894736842,
                    "y": 0.7567567567567566
                },
                "worldcoords": {
                    "x": 1368.4467283072547,
                    "y": 628.3783783783784,
                    "z": 605.558359886202
                }
            },
            "centerPoint": {
                "imageCoords": {
                    "x": -1,
                    "y": -1
                },
                "uvCoords": {
                    "x": -1,
                    "y": -1
                },
                "uvCoordsNormalized": {
                    "x": 0.2631578947368421,
                    "y": 0.3783783783783785
                },
                "uvCoordsNormalizedYflipped": {
                    "x": 0.2631578947368421,
                    "y": 0.6216216216216215
                },
                "worldcoords": {
                    "x": 1478.9736842105262,
                    "y": 594.5945945945946,
                    "z": 605.5532389758179
                }
            },
            "imageFilename": "floor2/wall_7/IMG_7374.JPG",
            "imageHeight": 792,
            "imageIndex": 3,
            "imageWidth": 1188,
            "neighborImages": {
                "bottomImage": {
                    "distance": 1000000.0,
                    "pointIndex": -1
                },
                "leftImage": {
                    "distance": 1000000.0,
                    "pointIndex": -1
                },
                "rightImage": {
                    "distance": 1000000.0,
                    "pointIndex": -1
                },
                "topImage": {
                    "distance": 1000000.0,
                    "pointIndex": -1
                }
            },
            "originX": 0,
            "originY": 0,
            "tlPoint": {
                "imageCoords": {
                    "x": -1,
                    "y": -1
                },
                "uvCoords": {
                    "x": -1,
                    "y": -1
                },
                "uvCoordsNormalized": {
                    "x": 0.0,
                    "y": 0.2432432432432434
                },
                "uvCoordsNormalizedYflipped": {
                    "x": 0.0,
                    "y": 0.4864864864864864
                },
                "worldcoords": {
                    "x": 1589.5,
                    "y": 560.8108108108108,
                    "z": 605.5468378378378
                }
            },
            "trPoint": {
                "imageCoords": {
                    "x": -1,
                    "y": -1
                },
                "uvCoords": {
                    "x": -1,
                    "y": -1
                },
                "uvCoordsNormalized": {
                    "x": 0.5263157894736842,
                    "y": 0.2432432432432434
                },
                "uvCoordsNormalizedYflipped": {
                    "x": 0.5263157894736842,
                    "y": 0.4864864864864864
                },
                "worldcoords": {
                    "x": 1368.433214793741,
                    "y": 560.8108108108108,
                    "z": 605.5448463726884
                }
            }
        },
        {
            "blPoint": {
                "imageCoords": {
                    "x": -1,
                    "y": -1
                },
                "uvCoords": {
                    "x": -1,
                    "y": -1
                },
                "uvCoordsNormalized": {
                    "x": 0.0,
                    "y": 0.7567567567567568
                },
                "uvCoordsNormalizedYflipped": {
                    "x": 0.0,
                    "y": 0.5135135135135134
                },
                "worldcoords": {
                    "x": 1589.5,
                    "y": 689.1891891891892,
                    "z": 605.5211621621622
                }
            },
            "brPoint": {
                "imageCoords": {
                    "x": -1,
                    "y": -1
                },
                "uvCoords": {
                    "x": -1,
                    "y": -1
                },
                "uvCoordsNormalized": {
                    "x": 0.5263157894736842,
                    "y": 0.7567567567567568
                },
                "uvCoordsNormalizedYflipped": {
                    "x": 0.5263157894736842,
                    "y": 0.5135135135135134
                },
                "worldcoords": {
                    "x": 1368.4473684210527,
                    "y": 689.1891891891892,
                    "z": 605.5474779516359
                }
            },
            "centerPoint": {
                "imageCoords": {
                    "x": -1,
                    "y": -1
                },
                "uvCoords": {
                    "x": -1,
                    "y": -1
                },
                "uvCoordsNormalized": {
                    "x": 0.2631578947368421,
                    "y": 0.6216216216216217
                },
                "uvCoordsNormalizedYflipped": {
                    "x": 0.2631578947368421,
                    "y": 0.3783783783783783
                },
                "worldcoords": {
                    "x": 1478.9736842105265,
                    "y": 655.4054054054054,
                    "z": 605.5410768136558
                }
            },
            "imageFilename": "floor2/wall_7/IMG_7375.JPG",
            "imageHeight": 792,
            "imageIndex": 4,
            "imageWidth": 1188,
            "neighborImages": {
                "bottomImage": {
                    "distance": 1000000.0,
                    "pointIndex": -1
                },
                "leftImage": {
                    "distance": 1000000.0,
                    "pointIndex": -1
                },
                "rightImage": {
                    "distance": 1000000.0,
                    "pointIndex": -1
                },
                "topImage": {
                    "distance": 1000000.0,
                    "pointIndex": -1
                }
            },
            "originX": 0,
            "originY": 0,
            "tlPoint": {
                "imageCoords": {
                    "x": -1,
                    "y": -1
                },
                "uvCoords": {
                    "x": -1,
                    "y": -1
                },
                "uvCoordsNormalized": {
                    "x": 0.0,
                    "y": 0.4864864864864866
                },
                "uvCoordsNormalizedYflipped": {
                    "x": 0.0,
                    "y": 0.2432432432432432
                },
                "worldcoords": {
                    "x": 1589.5,
                    "y": 621.6216216216217,
                    "z": 605.5346756756757
                }
            },
            "trPoint": {
                "imageCoords": {
                    "x": -1,
                    "y": -1
                },
                "uvCoords": {
                    "x": -1,
                    "y": -1
                },
                "uvCoordsNormalized": {
                    "x": 0.5263157894736842,
                    "y": 0.4864864864864866
                },
                "uvCoordsNormalizedYflipped": {
                    "x": 0.5263157894736842,
                    "y": 0.2432432432432432
                },
                "worldcoords": {
                    "x": 1368.4453769559032,
                    "y": 621.6216216216217,
                    "z": 605.5570085348506
                }
            }
        },
        {
            "blPoint": {
                "imageCoords": {
                    "x": -1,
                    "y": -1
                },
                "uvCoords": {
                    "x": -1,
                    "y": -1
                },
                "uvCoordsNormalized": {
                    "x": 0.47368421052631576,
                    "y": 0.7567567567567568
                },
                "uvCoordsNormalizedYflipped": {
                    "x": 0.47368421052631576,
                    "y": 0.5135135135135134
                },
                "worldcoords": {
                    "x": 1390.5526315789475,
                    "y": 689.1891891891893,
                    "z": 605.5448463726884
                }
            },
            "brPoint": {
                "imageCoords": {
                    "x": -1,
                    "y": -1
                },
                "uvCoords": {
                    "x": -1,
                    "y": -1
                },
                "uvCoordsNormalized": {
                    "x": 1.0,
                    "y": 0.7567567567567568
                },
                "uvCoordsNormalizedYflipped": {
                    "x": 1.0,
                    "y": 0.5135135135135134
                },
                "worldcoords": {
                    "x": 1169.4878378378378,
                    "y": 689.1891891891892,
                    "z": 605.5468378378378
                }
            },
            "centerPoint": {
                "imageCoords": {
                    "x": -1,
                    "y": -1
                },
                "uvCoords": {
                    "x": -1,
                    "y": -1
                },
                "uvCoordsNormalized": {
                    "x": 0.7368421052631579,
                    "y": 0.6216216216216217
                },
                "uvCoordsNormalizedYflipped": {
                    "x": 0.7368421052631579,
                    "y": 0.3783783783783783
                },
                "worldcoords": {
                    "x": 1280.0205547652918,
                    "y": 655.4054054054054,
                    "z": 605.553238975818
                }
            },
            "imageFilename": "floor2/wall_7/IMG_7376.JPG",
            "imageHeight": 792,
            "imageIndex": 5,
            "imageWidth": 1188,
            "neighborImages": {
                "bottomImage": {
                    "distance": 1000000.0,
                    "pointIndex": -1
                },
                "leftImage": {
                    "distance": 1000000.0,
                    "pointIndex": -1
                },
                "rightImage": {
                    "distance": 1000000.0,
                    "pointIndex": -1
                },
                "topImage": {
                    "distance": 1000000.0,
                    "pointIndex": -1
                }
            },
            "originX": 0,
            "originY": 0,
            "tlPoint": {
                "imageCoords": {
                    "x": -1,
                    "y": -1
                },
                "uvCoords": {
                    "x": -1,
                    "y": -1
                },
                "uvCoordsNormalized": {
                    "x": 0.47368421052631576,
                    "y": 0.4864864864864866
                },
                "uvCoordsNormalizedYflipped": {
                    "x": 0.47368421052631576,
                    "y": 0.2432432432432432
                },
                "worldcoords": {
                    "x": 1390.5526315789475,
                    "y": 621.6216216216217,
                    "z": 605.5583598862019
                }
            },
            "trPoint": {
                "imageCoords": {
                    "x": -1,
                    "y": -1
                },
                "uvCoords": {
                    "x": -1,
                    "y": -1
                },
                "uvCoordsNormalized": {
                    "x": 1.0,
                    "y": 0.4864864864864866
                },
                "uvCoordsNormalizedYflipped": {
                    "x": 1.0,
                    "y": 0.2432432432432432
                },
                "worldcoords": {
                    "x": 1169.4743243243242,
                    "y": 621.6216216216217,
                    "z": 605.5333243243243
                }
            }
        },
        {
            "blPoint": {
                "imageCoords": {
                    "x": -1,
                    "y": -1
                },
                "uvCoords": {
                    "x": -1,
                    "y": -1
                },
                "uvCoordsNormalized": {
                    "x": 0.47368421052631576,
                    "y": 1.0
                },
                "uvCoordsNormalizedYflipped": {
                    "x": 0.47368421052631576,
                    "y": 0.2702702702702702
                },
                "worldcoords": {
                    "x": 1390.5526315789475,
                    "y": 750.0,
                    "z": 605.5326842105263
                }
            },
            "brPoint": {
                "imageCoords": {
                    "x": -1,
                    "y": -1
                },
                "uvCoords": {
                    "x": -1,
                    "y": -1
                },
                "uvCoordsNormalized": {
                    "x": 1.0,
                    "y": 1.0
                },
                "uvCoordsNormalizedYflipped": {
                    "x": 1.0,
                    "y": 0.2702702702702702
                },
                "worldcoords": {
                    "x": 1169.5,
                    "y": 750.0,
                    "z": 605.559
                }
            },
            "centerPoint": {
                "imageCoords": {
                    "x": -1,
                    "y": -1
                },
                "uvCoords": {
                    "x": -1,
                    "y": -1
                },
                "uvCoordsNormalized": {
                    "x": 0.7368421052631579,
                    "y": 0.8648648648648649
                },
                "uvCoordsNormalizedYflipped": {
                    "x": 0.7368421052631579,
                    "y": 0.1351351351351351
                },
                "worldcoords": {
                    "x": 1280.0263157894738,
                    "y": 716.2162162162164,
                    "z": 605.5525988620197
                }
            },
            "imageFilename": "floor2/wall_7/IMG_7377.JPG",
            "imageHeight": 792,
            "imageIndex": 6,
            "imageWidth": 1188,
            "neighborImages": {
                "bottomImage": {
                    "distance": 1000000.0,
                    "pointIndex": -1
                },
                "leftImage": {
                    "distance": 1000000.0,
                    "pointIndex": -1
                },
                "rightImage": {
                    "distance": 1000000.0,
                    "pointIndex": -1
                },
                "topImage": {
                    "distance": 1000000.0,
                    "pointIndex": -1
                }
            },
            "originX": 0,
            "originY": 0,
            "tlPoint": {
                "imageCoords": {
                    "x": -1,
                    "y": -1
                },
                "uvCoords": {
                    "x": -1,
                    "y": -1
                },
                "uvCoordsNormalized": {
                    "x": 0.47368421052631576,
                    "y": 0.7297297297297298
                },
                "uvCoordsNormalizedYflipped": {
                    "x": 0.47368421052631576,
                    "y": 0.0
                },
                "worldcoords": {
                    "x": 1390.5526315789475,
                    "y": 682.4324324324325,
                    "z": 605.5461977240399
                }
            },
            "trPoint": {
                "imageCoords": {
                    "x": -1,
                    "y": -1
                },
                "uvCoords": {
                    "x": -1,
                    "y": -1
                },
                "uvCoordsNormalized": {
                    "x": 1.0,
                    "y": 0.7297297297297298
                },
                "uvCoordsNormalizedYflipped": {
                    "x": 1.0,
                    "y": 0.0
                },
                "worldcoords": {
                    "x": 1169.4864864864867,
                    "y": 682.4324324324325,
                    "z": 605.5454864864864
                }
            }
        },
        {
            "blPoint": {
                "imageCoords": {
                    "x": -1,
                    "y": -1
                },
                "uvCoords": {
                    "x": -1,
                    "y": -1
                },
                "uvCoordsNormalized": {
                    "x": 0.0,
                    "y": 1.0
                },
                "uvCoordsNormalizedYflipped": {
                    "x": 0.0,
                    "y": 0.2702702702702702
                },
                "worldcoords": {
                    "x": 1589.5,
                    "y": 750.0,
                    "z": 605.509
                }
            },
            "brPoint": {
                "imageCoords": {
                    "x": -1,
                    "y": -1
                },
                "uvCoords": {
                    "x": -1,
                    "y": -1
                },
                "uvCoordsNormalized": {
                    "x": 0.5263157894736842,
                    "y": 1.0
                },
                "uvCoordsNormalizedYflipped": {
                    "x": 0.5263157894736842,
                    "y": 0.2702702702702702
                },
                "worldcoords": {
                    "x": 1368.4473684210525,
                    "y": 750.0,
                    "z": 605.5353157894737
                }
            },
            "centerPoint": {
                "imageCoords": {
                    "x": -1,
                    "y": -1
                },
                "uvCoords": {
                    "x": -1,
                    "y": -1
                },
                "uvCoordsNormalized": {
                    "x": 0.2631578947368421,
                    "y": 0.8648648648648649
                },
                "uvCoordsNormalizedYflipped": {
                    "x": 0.2631578947368421,
                    "y": 0.1351351351351351
                },
                "worldcoords": {
                    "x": 1478.9736842105265,
                    "y": 716.2162162162163,
                    "z": 605.5289146514936
                }
            },
            "imageFilename": "floor2/wall_7/IMG_7378.JPG",
            "imageHeight": 792,
            "imageIndex": 7,
            "imageWidth": 1188,
            "neighborImages": {
                "bottomImage": {
                    "distance": 1000000.0,
                    "pointIndex": -1
                },
                "leftImage": {
                    "distance": 1000000.0,
                    "pointIndex": -1
                },
                "rightImage": {
                    "distance": 1000000.0,
                    "pointIndex": -1
                },
                "topImage": {
                    "distance": 1000000.0,
                    "pointIndex": -1
                }
            },
            "originX": 0,
            "originY": 0,
            "tlPoint": {
                "imageCoords": {
                    "x": -1,
                    "y": -1
                },
                "uvCoords": {
                    "x": -1,
                    "y": -1
                },
                "uvCoordsNormalized": {
                    "x": 0.0,
                    "y": 0.7297297297297298
                },
                "uvCoordsNormalizedYflipped": {
                    "x": 0.0,
                    "y": 0.0
                },
                "worldcoords": {
                    "x": 1589.5,
                    "y": 682.4324324324325,
                    "z": 605.5225135135136
                }
            },
            "trPoint": {
                "imageCoords": {
                    "x": -1,
                    "y": -1
                },
                "uvCoords": {
                    "x": -1,
                    "y": -1
                },
                "uvCoordsNormalized": {
                    "x": 0.5263157894736842,
                    "y": 0.7297297297297298
                },
                "uvCoordsNormalizedYflipped": {
                    "x": 0.5263157894736842,
                    "y": 0.0
                },
                "worldcoords": {
                    "x": 1368.4473684210525,
                    "y": 682.4324324324325,
                    "z": 605.5488293029871
                }
            }
        }
    ],
    "materialIndex": 5,
    "materialName": "./floor2/wall_7/flatten_canvas.resized.jpg",
    "overviewImageInfo": {
        "blPoint": {
            "imageCoords": {
                "x": 0,
                "y": 2929
            },
            "uvCoords": {
                "x": -1,
                "y": -1
            },
            "uvCoordsNormalized": {
                "x": 0,
                "y": 1
            },
            "uvCoordsNormalizedYflipped": {
                "x": -1,
                "y": -1
            },
            "worldcoords": {
                "x": 1589.5,
                "y": 750.0,
                "z": 605.509
            }
        },
        "brPoint": {
            "imageCoords": {
                "x": 2256,
                "y": 2929
            },
            "uvCoords": {
                "x": -1,
                "y": -1
            },
            "uvCoordsNormalized": {
                "x": 1,
                "y": 1
            },
            "uvCoordsNormalizedYflipped": {
                "x": -1,
                "y": -1
            },
            "worldcoords": {
                "x": 1169.5,
                "y": 750.0,
                "z": 605.559
            }
        },
        "centerPoint": {
            "imageCoords": {
                "x": 1128,
                "y": 1465
            },
            "uvCoords": {
                "x": -1,
                "y": -1
            },
            "uvCoordsNormalized": {
                "x": -1,
                "y": -1
            },
            "uvCoordsNormalizedYflipped": {
                "x": -1,
                "y": -1
            },
            "worldcoords": {
                "x": 0,
                "y": 0,
                "z": 0
            }
        },
        "imageFilename": "NA",
        "imageHeight": 2930,
        "imageIndex": 0,
        "imageWidth": 2257,
        "neighborImages": {
            "bottomImage": {
                "distance": 1000000.0,
                "pointIndex": -1
            },
            "leftImage": {
                "distance": 1000000.0,
                "pointIndex": -1
            },
            "rightImage": {
                "distance": 1000000.0,
                "pointIndex": -1
            },
            "topImage": {
                "distance": 1000000.0,
                "pointIndex": -1
            }
        },
        "originX": 0,
        "originY": 0,
        "tlPoint": {
            "imageCoords": {
                "x": -1,
                "y": -1
            },
            "uvCoords": {
                "x": -1,
                "y": -1
            },
            "uvCoordsNormalized": {
                "x": 0,
                "y": 0
            },
            "uvCoordsNormalizedYflipped": {
                "x": -1,
                "y": -1
            },
            "worldcoords": {
                "x": 1589.5,
                "y": 500.0,
                "z": 605.559
            }
        },
        "trPoint": {
            "imageCoords": {
                "x": 2256,
                "y": 0
            },
            "uvCoords": {
                "x": -1,
                "y": -1
            },
            "uvCoordsNormalized": {
                "x": 1,
                "y": 0
            },
            "uvCoordsNormalizedYflipped": {
                "x": -1,
                "y": -1
            },
            "worldcoords": {
                "x": 1169.45,
                "y": 500.0,
                "z": 605.509
            }
        }
    }
}