{
    "imagesInfo": [
        {
            "blPoint": {
                "imageCoords": {
                    "x": -1,
                    "y": -1
                },
                "uvCoords": {
                    "x": -1,
                    "y": -1
                },
                "uvCoordsNormalized": {
                    "x": 0.0,
                    "y": 0.35714285714285715
                },
                "uvCoordsNormalizedYflipped": {
                    "x": 0.0,
                    "y": 1.0
                },
                "worldcoords": {
                    "x": 103.51785714285714,
                    "y": 339.2857142857143,
                    "z": 963.559
                }
            },
            "brPoint": {
                "imageCoords": {
                    "x": -1,
                    "y": -1
                },
                "uvCoords": {
                    "x": -1,
                    "y": -1
                },
                "uvCoordsNormalized": {
                    "x": 0.3571428571428571,
                    "y": 0.35714285714285715
                },
                "uvCoordsNormalizedYflipped": {
                    "x": 0.3571428571428571,
                    "y": 1.0
                },
                "worldcoords": {
                    "x": 103.51785714285715,
                    "y": 339.2857142857143,
                    "z": 870.7197142857143
                }
            },
            "centerPoint": {
                "imageCoords": {
                    "x": -1,
                    "y": -1
                },
                "uvCoords": {
                    "x": -1,
                    "y": -1
                },
                "uvCoordsNormalized": {
                    "x": 0.17857142857142855,
                    "y": 0.1785714285714286
                },
                "uvCoordsNormalizedYflipped": {
                    "x": 0.17857142857142855,
                    "y": 0.8214285714285714
                },
                "worldcoords": {
                    "x": 103.50892857142856,
                    "y": 294.6428571428571,
                    "z": 917.139357142857
                }
            },
            "imageFilename": "floor1/wall_3/IMG_7193.JPG",
            "imageHeight": 792,
            "imageIndex": 0,
            "imageWidth": 1188,
            "neighborImages": {
                "bottomImage": {
                    "distance": 1000000.0,
                    "pointIndex": -1
                },
                "leftImage": {
                    "distance": 1000000.0,
                    "pointIndex": -1
                },
                "rightImage": {
                    "distance": 1000000.0,
                    "pointIndex": -1
                },
                "topImage": {
                    "distance": 1000000.0,
                    "pointIndex": -1
                }
            },
            "originX": 0,
            "originY": 0,
            "tlPoint": {
                "imageCoords": {
                    "x": -1,
                    "y": -1
                },
                "uvCoords": {
                    "x": -1,
                    "y": -1
                },
                "uvCoordsNormalized": {
                    "x": 0.0,
                    "y": 5.551115123125783e-17
                },
                "uvCoordsNormalizedYflipped": {
                    "x": 0.0,
                    "y": 0.6428571428571428
                },
                "worldcoords": {
                    "x": 103.5,
                    "y": 250.00000000000003,
                    "z": 963.559
                }
            },
            "trPoint": {
                "imageCoords": {
                    "x": -1,
                    "y": -1
                },
                "uvCoords": {
                    "x": -1,
                    "y": -1
                },
                "uvCoordsNormalized": {
                    "x": 0.3571428571428571,
                    "y": 5.551115123125783e-17
                },
                "uvCoordsNormalizedYflipped": {
                    "x": 0.3571428571428571,
                    "y": 0.6428571428571428
                },
                "worldcoords": {
                    "x": 103.5,
                    "y": 250.00000000000003,
                    "z": 870.7018571428571
                }
            }
        },
        {
            "blPoint": {
                "imageCoords": {
                    "x": -1,
                    "y": -1
                },
                "uvCoords": {
                    "x": -1,
                    "y": -1
                },
                "uvCoordsNormalized": {
                    "x": 0.3214285714285714,
                    "y": 0.35714285714285715
                },
                "uvCoordsNormalizedYflipped": {
                    "x": 0.3214285714285714,
                    "y": 1.0
                },
                "worldcoords": {
                    "x": 103.51785714285712,
                    "y": 339.2857142857143,
                    "z": 880.003642857143
                }
            },
            "brPoint": {
                "imageCoords": {
                    "x": -1,
                    "y": -1
                },
                "uvCoords": {
                    "x": -1,
                    "y": -1
                },
                "uvCoordsNormalized": {
                    "x": 0.6785714285714285,
                    "y": 0.35714285714285715
                },
                "uvCoordsNormalizedYflipped": {
                    "x": 0.6785714285714285,
                    "y": 1.0
                },
                "worldcoords": {
                    "x": 103.51785714285714,
                    "y": 339.2857142857143,
                    "z": 787.1482857142857
                }
            },
            "centerPoint": {
                "imageCoords": {
                    "x": -1,
                    "y": -1
                },
                "uvCoords": {
                    "x": -1,
                    "y": -1
                },
                "uvCoordsNormalized": {
                    "x": 0.49999999999999994,
                    "y": 0.1785714285714286
                },
                "uvCoordsNormalizedYflipped": {
                    "x": 0.49999999999999994,
                    "y": 0.8214285714285714
                },
                "worldcoords": {
                    "x": 103.50892857142857,
                    "y": 294.6428571428571,
                    "z": 833.5679285714285
                }
            },
            "imageFilename": "floor1/wall_3/IMG_7194.JPG",
            "imageHeight": 792,
            "imageIndex": 1,
            "imageWidth": 1188,
            "neighborImages": {
                "bottomImage": {
                    "distance": 1000000.0,
                    "pointIndex": -1
                },
                "leftImage": {
                    "distance": 1000000.0,
                    "pointIndex": -1
                },
                "rightImage": {
                    "distance": 1000000.0,
                    "pointIndex": -1
                },
                "topImage": {
                    "distance": 1000000.0,
                    "pointIndex": -1
                }
            },
            "originX": 0,
            "originY": 0,
            "tlPoint": {
                "imageCoords": {
                    "x": -1,
                    "y": -1
                },
                "uvCoords": {
                    "x": -1,
                    "y": -1
                },
                "uvCoordsNormalized": {
                    "x": 0.3214285714285714,
                    "y": 5.551115123125783e-17
                },
                "uvCoordsNormalizedYflipped": {
                    "x": 0.3214285714285714,
                    "y": 0.6428571428571428
                },
                "worldcoords": {
                    "x": 103.5,
                    "y": 250.0,
                    "z": 879.9875714285714
                }
            },
            "trPoint": {
                "imageCoords": {
                    "x": -1,
                    "y": -1
                },
                "uvCoords": {
                    "x": -1,
                    "y": -1
                },
                "uvCoordsNormalized": {
                    "x": 0.6785714285714285,
                    "y": 5.551115123125783e-17
                },
                "uvCoordsNormalizedYflipped": {
                    "x": 0.6785714285714285,
                    "y": 0.6428571428571428
                },
                "worldcoords": {
                    "x": 103.5,
                    "y": 250.00000000000003,
                    "z": 787.1304285714286
                }
            }
        },
        {
            "blPoint": {
                "imageCoords": {
                    "x": -1,
                    "y": -1
                },
                "uvCoords": {
                    "x": -1,
                    "y": -1
                },
                "uvCoordsNormalized": {
                    "x": 0.6428571428571428,
                    "y": 0.35714285714285715
                },
                "uvCoordsNormalizedYflipped": {
                    "x": 0.6428571428571428,
                    "y": 1.0
                },
                "worldcoords": {
                    "x": 103.51785714285714,
                    "y": 339.28571428571433,
                    "z": 796.434
                }
            },
            "brPoint": {
                "imageCoords": {
                    "x": -1,
                    "y": -1
                },
                "uvCoords": {
                    "x": -1,
                    "y": -1
                },
                "uvCoordsNormalized": {
                    "x": 0.9999999999999999,
                    "y": 0.35714285714285715
                },
                "uvCoordsNormalizedYflipped": {
                    "x": 0.9999999999999999,
                    "y": 1.0
                },
                "worldcoords": {
                    "x": 103.51785714285714,
                    "y": 339.2857142857143,
                    "z": 703.5768571428571
                }
            },
            "centerPoint": {
                "imageCoords": {
                    "x": -1,
                    "y": -1
                },
                "uvCoords": {
                    "x": -1,
                    "y": -1
                },
                "uvCoordsNormalized": {
                    "x": 0.8214285714285714,
                    "y": 0.1785714285714286
                },
                "uvCoordsNormalizedYflipped": {
                    "x": 0.8214285714285714,
                    "y": 0.8214285714285714
                },
                "worldcoords": {
                    "x": 103.50892857142857,
                    "y": 294.6428571428571,
                    "z": 749.9965
                }
            },
            "imageFilename": "floor1/wall_3/IMG_7195.JPG",
            "imageHeight": 792,
            "imageIndex": 2,
            "imageWidth": 1188,
            "neighborImages": {
                "bottomImage": {
                    "distance": 1000000.0,
                    "pointIndex": -1
                },
                "leftImage": {
                    "distance": 1000000.0,
                    "pointIndex": -1
                },
                "rightImage": {
                    "distance": 1000000.0,
                    "pointIndex": -1
                },
                "topImage": {
                    "distance": 1000000.0,
                    "pointIndex": -1
                }
            },
            "originX": 0,
            "originY": 0,
            "tlPoint": {
                "imageCoords": {
                    "x": -1,
                    "y": -1
                },
                "uvCoords": {
                    "x": -1,
                    "y": -1
                },
                "uvCoordsNormalized": {
                    "x": 0.6428571428571428,
                    "y": 5.551115123125783e-17
                },
                "uvCoordsNormalizedYflipped": {
                    "x": 0.6428571428571428,
                    "y": 0.6428571428571428
                },
                "worldcoords": {
                    "x": 103.5,
                    "y": 250.00000000000003,
                    "z": 796.4161428571429
                }
            },
            "trPoint": {
                "imageCoords": {
                    "x": -1,
                    "y": -1
                },
                "uvCoords": {
                    "x": -1,
                    "y": -1
                },
                "uvCoordsNormalized": {
                    "x": 0.9999999999999999,
                    "y": 5.551115123125783e-17
                },
                "uvCoordsNormalizedYflipped": {
                    "x": 0.9999999999999999,
                    "y": 0.6428571428571428
                },
                "worldcoords": {
                    "x": 103.5,
                    "y": 250.00000000000003,
                    "z": 703.559
                }
            }
        },
        {
            "blPoint": {
                "imageCoords": {
                    "x": -1,
                    "y": -1
                },
                "uvCoords": {
                    "x": -1,
                    "y": -1
                },
                "uvCoordsNormalized": {
                    "x": 0.7297297297297297,
                    "y": 0.6785714285714286
                },
                "uvCoordsNormalizedYflipped": {
                    "x": 0.7297297297297297,
                    "y": 0.6785714285714286
                },
                "worldcoords": {
                    "x": 103.53392857142858,
                    "y": 419.6428571428571,
                    "z": 773.8631988416989
                }
            },
            "brPoint": {
                "imageCoords": {
                    "x": -1,
                    "y": -1
                },
                "uvCoords": {
                    "x": -1,
                    "y": -1
                },
                "uvCoordsNormalized": {
                    "x": 1.0,
                    "y": 0.6785714285714286
                },
                "uvCoordsNormalizedYflipped": {
                    "x": 1.0,
                    "y": 0.6785714285714286
                },
                "worldcoords": {
                    "x": 103.53392857142858,
                    "y": 419.6428571428571,
                    "z": 703.5929285714286
                }
            },
            "centerPoint": {
                "imageCoords": {
                    "x": -1,
                    "y": -1
                },
                "uvCoords": {
                    "x": -1,
                    "y": -1
                },
                "uvCoordsNormalized": {
                    "x": 0.8648648648648648,
                    "y": 0.5
                },
                "uvCoordsNormalizedYflipped": {
                    "x": 0.8648648648648648,
                    "y": 0.5
                },
                "worldcoords": {
                    "x": 103.525,
                    "y": 375.0,
                    "z": 738.719135135135
                }
            },
            "imageFilename": "floor1/wall_3/IMG_7196.JPG",
            "imageHeight": 792,
            "imageIndex": 3,
            "imageWidth": 1188,
            "neighborImages": {
                "bottomImage": {
                    "distance": 1000000.0,
                    "pointIndex": -1
                },
                "leftImage": {
                    "distance": 1000000.0,
                    "pointIndex": -1
                },
                "rightImage": {
                    "distance": 1000000.0,
                    "pointIndex": -1
                },
                "topImage": {
                    "distance": 1000000.0,
                    "pointIndex": -1
                }
            },
            "originX": 0,
            "originY": 0,
            "tlPoint": {
                "imageCoords": {
                    "x": -1,
                    "y": -1
                },
                "uvCoords": {
                    "x": -1,
                    "y": -1
                },
                "uvCoordsNormalized": {
                    "x": 0.7297297297297297,
                    "y": 0.32142857142857145
                },
                "uvCoordsNormalizedYflipped": {
                    "x": 0.7297297297297297,
                    "y": 0.3214285714285714
                },
                "worldcoords": {
                    "x": 103.51607142857144,
                    "y": 330.3571428571429,
                    "z": 773.8453416988417
                }
            },
            "trPoint": {
                "imageCoords": {
                    "x": -1,
                    "y": -1
                },
                "uvCoords": {
                    "x": -1,
                    "y": -1
                },
                "uvCoordsNormalized": {
                    "x": 1.0,
                    "y": 0.32142857142857145
                },
                "uvCoordsNormalizedYflipped": {
                    "x": 1.0,
                    "y": 0.3214285714285714
                },
                "worldcoords": {
                    "x": 103.51607142857144,
                    "y": 330.3571428571429,
                    "z": 703.5750714285714
                }
            }
        },
        {
            "blPoint": {
                "imageCoords": {
                    "x": -1,
                    "y": -1
                },
                "uvCoords": {
                    "x": -1,
                    "y": -1
                },
                "uvCoordsNormalized": {
                    "x": 0.4864864864864864,
                    "y": 0.6785714285714286
                },
                "uvCoordsNormalizedYflipped": {
                    "x": 0.4864864864864864,
                    "y": 0.6785714285714286
                },
                "worldcoords": {
                    "x": 103.53392857142856,
                    "y": 419.64285714285717,
                    "z": 837.0968378378378
                }
            },
            "brPoint": {
                "imageCoords": {
                    "x": -1,
                    "y": -1
                },
                "uvCoords": {
                    "x": -1,
                    "y": -1
                },
                "uvCoordsNormalized": {
                    "x": 0.7567567567567566,
                    "y": 0.6785714285714286
                },
                "uvCoordsNormalizedYflipped": {
                    "x": 0.7567567567567566,
                    "y": 0.6785714285714286
                },
                "worldcoords": {
                    "x": 103.53392857142858,
                    "y": 419.6428571428571,
                    "z": 766.8361718146718
                }
            },
            "centerPoint": {
                "imageCoords": {
                    "x": -1,
                    "y": -1
                },
                "uvCoords": {
                    "x": -1,
                    "y": -1
                },
                "uvCoordsNormalized": {
                    "x": 0.6216216216216215,
                    "y": 0.5
                },
                "uvCoordsNormalizedYflipped": {
                    "x": 0.6216216216216215,
                    "y": 0.5
                },
                "worldcoords": {
                    "x": 103.525,
                    "y": 375.0,
                    "z": 801.9623783783784
                }
            },
            "imageFilename": "floor1/wall_3/IMG_7197.JPG",
            "imageHeight": 792,
            "imageIndex": 4,
            "imageWidth": 1188,
            "neighborImages": {
                "bottomImage": {
                    "distance": 1000000.0,
                    "pointIndex": -1
                },
                "leftImage": {
                    "distance": 1000000.0,
                    "pointIndex": -1
                },
                "rightImage": {
                    "distance": 1000000.0,
                    "pointIndex": -1
                },
                "topImage": {
                    "distance": 1000000.0,
                    "pointIndex": -1
                }
            },
            "originX": 0,
            "originY": 0,
            "tlPoint": {
                "imageCoords": {
                    "x": -1,
                    "y": -1
                },
                "uvCoords": {
                    "x": -1,
                    "y": -1
                },
                "uvCoordsNormalized": {
                    "x": 0.4864864864864864,
                    "y": 0.32142857142857145
                },
                "uvCoordsNormalizedYflipped": {
                    "x": 0.4864864864864864,
                    "y": 0.3214285714285714
                },
                "worldcoords": {
                    "x": 103.51607142857144,
                    "y": 330.3571428571429,
                    "z": 837.0885849420849
                }
            },
            "trPoint": {
                "imageCoords": {
                    "x": -1,
                    "y": -1
                },
                "uvCoords": {
                    "x": -1,
                    "y": -1
                },
                "uvCoordsNormalized": {
                    "x": 0.7567567567567566,
                    "y": 0.32142857142857145
                },
                "uvCoordsNormalizedYflipped": {
                    "x": 0.7567567567567566,
                    "y": 0.3214285714285714
                },
                "worldcoords": {
                    "x": 103.51607142857144,
                    "y": 330.3571428571429,
                    "z": 766.8183146718147
                }
            }
        },
        {
            "blPoint": {
                "imageCoords": {
                    "x": -1,
                    "y": -1
                },
                "uvCoords": {
                    "x": -1,
                    "y": -1
                },
                "uvCoordsNormalized": {
                    "x": 0.24324324324324317,
                    "y": 0.6785714285714286
                },
                "uvCoordsNormalizedYflipped": {
                    "x": 0.24324324324324317,
                    "y": 0.6785714285714286
                },
                "worldcoords": {
                    "x": 103.53392857142856,
                    "y": 419.6428571428571,
                    "z": 900.327918918919
                }
            },
            "brPoint": {
                "imageCoords": {
                    "x": -1,
                    "y": -1
                },
                "uvCoords": {
                    "x": -1,
                    "y": -1
                },
                "uvCoordsNormalized": {
                    "x": 0.5135135135135134,
                    "y": 0.6785714285714286
                },
                "uvCoordsNormalizedYflipped": {
                    "x": 0.5135135135135134,
                    "y": 0.6785714285714286
                },
                "worldcoords": {
                    "x": 103.53392857142858,
                    "y": 419.64285714285717,
                    "z": 830.0711621621623
                }
            },
            "centerPoint": {
                "imageCoords": {
                    "x": -1,
                    "y": -1
                },
                "uvCoords": {
                    "x": -1,
                    "y": -1
                },
                "uvCoordsNormalized": {
                    "x": 0.3783783783783783,
                    "y": 0.5
                },
                "uvCoordsNormalizedYflipped": {
                    "x": 0.3783783783783783,
                    "y": 0.5
                },
                "worldcoords": {
                    "x": 103.52499999999999,
                    "y": 375.0,
                    "z": 865.1995405405405
                }
            },
            "imageFilename": "floor1/wall_3/IMG_7198.JPG",
            "imageHeight": 792,
            "imageIndex": 5,
            "imageWidth": 1188,
            "neighborImages": {
                "bottomImage": {
                    "distance": 1000000.0,
                    "pointIndex": -1
                },
                "leftImage": {
                    "distance": 1000000.0,
                    "pointIndex": -1
                },
                "rightImage": {
                    "distance": 1000000.0,
                    "pointIndex": -1
                },
                "topImage": {
                    "distance": 1000000.0,
                    "pointIndex": -1
                }
            },
            "originX": 0,
            "originY": 0,
            "tlPoint": {
                "imageCoords": {
                    "x": -1,
                    "y": -1
                },
                "uvCoords": {
                    "x": -1,
                    "y": -1
                },
                "uvCoordsNormalized": {
                    "x": 0.24324324324324317,
                    "y": 0.32142857142857145
                },
                "uvCoordsNormalizedYflipped": {
                    "x": 0.24324324324324317,
                    "y": 0.3214285714285714
                },
                "worldcoords": {
                    "x": 103.51607142857144,
                    "y": 330.3571428571429,
                    "z": 900.3279189189191
                }
            },
            "trPoint": {
                "imageCoords": {
                    "x": -1,
                    "y": -1
                },
                "uvCoords": {
                    "x": -1,
                    "y": -1
                },
                "uvCoordsNormalized": {
                    "x": 0.5135135135135134,
                    "y": 0.32142857142857145
                },
                "uvCoordsNormalizedYflipped": {
                    "x": 0.5135135135135134,
                    "y": 0.3214285714285714
                },
                "worldcoords": {
                    "x": 103.51607142857144,
                    "y": 330.3571428571429,
                    "z": 830.061557915058
                }
            }
        },
        {
            "blPoint": {
                "imageCoords": {
                    "x": -1,
                    "y": -1
                },
                "uvCoords": {
                    "x": -1,
                    "y": -1
                },
                "uvCoordsNormalized": {
                    "x": 0.0,
                    "y": 0.6785714285714286
                },
                "uvCoordsNormalizedYflipped": {
                    "x": 0.0,
                    "y": 0.6785714285714286
                },
                "worldcoords": {
                    "x": 103.53392857142858,
                    "y": 419.6428571428571,
                    "z": 963.559
                }
            },
            "brPoint": {
                "imageCoords": {
                    "x": -1,
                    "y": -1
                },
                "uvCoords": {
                    "x": -1,
                    "y": -1
                },
                "uvCoordsNormalized": {
                    "x": 0.27027027027027023,
                    "y": 0.6785714285714286
                },
                "uvCoordsNormalizedYflipped": {
                    "x": 0.27027027027027023,
                    "y": 0.6785714285714286
                },
                "worldcoords": {
                    "x": 103.53392857142856,
                    "y": 419.6428571428571,
                    "z": 893.3022432432433
                }
            },
            "centerPoint": {
                "imageCoords": {
                    "x": -1,
                    "y": -1
                },
                "uvCoords": {
                    "x": -1,
                    "y": -1
                },
                "uvCoordsNormalized": {
                    "x": 0.13513513513513511,
                    "y": 0.5
                },
                "uvCoordsNormalizedYflipped": {
                    "x": 0.13513513513513511,
                    "y": 0.5
                },
                "worldcoords": {
                    "x": 103.525,
                    "y": 375.0,
                    "z": 928.4306216216216
                }
            },
            "imageFilename": "floor1/wall_3/IMG_7199.JPG",
            "imageHeight": 792,
            "imageIndex": 6,
            "imageWidth": 1188,
            "neighborImages": {
                "bottomImage": {
                    "distance": 1000000.0,
                    "pointIndex": -1
                },
                "leftImage": {
                    "distance": 1000000.0,
                    "pointIndex": -1
                },
                "rightImage": {
                    "distance": 1000000.0,
                    "pointIndex": -1
                },
                "topImage": {
                    "distance": 1000000.0,
                    "pointIndex": -1
                }
            },
            "originX": 0,
            "originY": 0,
            "tlPoint": {
                "imageCoords": {
                    "x": -1,
                    "y": -1
                },
                "uvCoords": {
                    "x": -1,
                    "y": -1
                },
                "uvCoordsNormalized": {
                    "x": 0.0,
                    "y": 0.32142857142857145
                },
                "uvCoordsNormalizedYflipped": {
                    "x": 0.0,
                    "y": 0.3214285714285714
                },
                "worldcoords": {
                    "x": 103.51607142857144,
                    "y": 330.3571428571429,
                    "z": 963.5590000000001
                }
            },
            "trPoint": {
                "imageCoords": {
                    "x": -1,
                    "y": -1
                },
                "uvCoords": {
                    "x": -1,
                    "y": -1
                },
                "uvCoordsNormalized": {
                    "x": 0.27027027027027023,
                    "y": 0.32142857142857145
                },
                "uvCoordsNormalizedYflipped": {
                    "x": 0.27027027027027023,
                    "y": 0.3214285714285714
                },
                "worldcoords": {
                    "x": 103.51607142857144,
                    "y": 330.3571428571429,
                    "z": 893.3022432432434
                }
            }
        },
        {
            "blPoint": {
                "imageCoords": {
                    "x": -1,
                    "y": -1
                },
                "uvCoords": {
                    "x": -1,
                    "y": -1
                },
                "uvCoordsNormalized": {
                    "x": 0.0,
                    "y": 0.9999999999999999
                },
                "uvCoordsNormalizedYflipped": {
                    "x": 0.0,
                    "y": 0.3571428571428572
                },
                "worldcoords": {
                    "x": 103.55,
                    "y": 499.99999999999994,
                    "z": 963.559
                }
            },
            "brPoint": {
                "imageCoords": {
                    "x": -1,
                    "y": -1
                },
                "uvCoords": {
                    "x": -1,
                    "y": -1
                },
                "uvCoordsNormalized": {
                    "x": 0.3571428571428571,
                    "y": 0.9999999999999999
                },
                "uvCoordsNormalizedYflipped": {
                    "x": 0.3571428571428571,
                    "y": 0.3571428571428572
                },
                "worldcoords": {
                    "x": 103.55000000000001,
                    "y": 500.0,
                    "z": 870.7197142857143
                }
            },
            "centerPoint": {
                "imageCoords": {
                    "x": -1,
                    "y": -1
                },
                "uvCoords": {
                    "x": -1,
                    "y": -1
                },
                "uvCoordsNormalized": {
                    "x": 0.17857142857142855,
                    "y": 0.8214285714285714
                },
                "uvCoordsNormalizedYflipped": {
                    "x": 0.17857142857142855,
                    "y": 0.1785714285714286
                },
                "worldcoords": {
                    "x": 103.54107142857143,
                    "y": 455.3571428571428,
                    "z": 917.1393571428571
                }
            },
            "imageFilename": "floor1/wall_3/IMG_7200.JPG",
            "imageHeight": 792,
            "imageIndex": 7,
            "imageWidth": 1188,
            "neighborImages": {
                "bottomImage": {
                    "distance": 1000000.0,
                    "pointIndex": -1
                },
                "leftImage": {
                    "distance": 1000000.0,
                    "pointIndex": -1
                },
                "rightImage": {
                    "distance": 1000000.0,
                    "pointIndex": -1
                },
                "topImage": {
                    "distance": 1000000.0,
                    "pointIndex": -1
                }
            },
            "originX": 0,
            "originY": 0,
            "tlPoint": {
                "imageCoords": {
                    "x": -1,
                    "y": -1
                },
                "uvCoords": {
                    "x": -1,
                    "y": -1
                },
                "uvCoordsNormalized": {
                    "x": 0.0,
                    "y": 0.6428571428571428
                },
                "uvCoordsNormalizedYflipped": {
                    "x": 0.0,
                    "y": 1.1102230246251565e-16
                },
                "worldcoords": {
                    "x": 103.53214285714286,
                    "y": 410.71428571428567,
                    "z": 963.559
                }
            },
            "trPoint": {
                "imageCoords": {
                    "x": -1,
                    "y": -1
                },
                "uvCoords": {
                    "x": -1,
                    "y": -1
                },
                "uvCoordsNormalized": {
                    "x": 0.3571428571428571,
                    "y": 0.6428571428571428
                },
                "uvCoordsNormalizedYflipped": {
                    "x": 0.3571428571428571,
                    "y": 1.1102230246251565e-16
                },
                "worldcoords": {
                    "x": 103.53214285714287,
                    "y": 410.7142857142858,
                    "z": 870.7197142857144
                }
            }
        },
        {
            "blPoint": {
                "imageCoords": {
                    "x": -1,
                    "y": -1
                },
                "uvCoords": {
                    "x": -1,
                    "y": -1
                },
                "uvCoordsNormalized": {
                    "x": 0.3214285714285714,
                    "y": 0.9999999999999999
                },
                "uvCoordsNormalizedYflipped": {
                    "x": 0.3214285714285714,
                    "y": 0.3571428571428572
                },
                "worldcoords": {
                    "x": 103.55000000000001,
                    "y": 499.99999999999994,
                    "z": 880.003642857143
                }
            },
            "brPoint": {
                "imageCoords": {
                    "x": -1,
                    "y": -1
                },
                "uvCoords": {
                    "x": -1,
                    "y": -1
                },
                "uvCoordsNormalized": {
                    "x": 0.6785714285714285,
                    "y": 0.9999999999999999
                },
                "uvCoordsNormalizedYflipped": {
                    "x": 0.6785714285714285,
                    "y": 0.3571428571428572
                },
                "worldcoords": {
                    "x": 103.55000000000001,
                    "y": 499.9999999999999,
                    "z": 787.1643571428572
                }
            },
            "centerPoint": {
                "imageCoords": {
                    "x": -1,
                    "y": -1
                },
                "uvCoords": {
                    "x": -1,
                    "y": -1
                },
                "uvCoordsNormalized": {
                    "x": 0.49999999999999994,
                    "y": 0.8214285714285714
                },
                "uvCoordsNormalizedYflipped": {
                    "x": 0.49999999999999994,
                    "y": 0.1785714285714286
                },
                "worldcoords": {
                    "x": 103.54107142857143,
                    "y": 455.3571428571428,
                    "z": 833.5840000000001
                }
            },
            "imageFilename": "floor1/wall_3/IMG_7201.JPG",
            "imageHeight": 792,
            "imageIndex": 8,
            "imageWidth": 1188,
            "neighborImages": {
                "bottomImage": {
                    "distance": 1000000.0,
                    "pointIndex": -1
                },
                "leftImage": {
                    "distance": 1000000.0,
                    "pointIndex": -1
                },
                "rightImage": {
                    "distance": 1000000.0,
                    "pointIndex": -1
                },
                "topImage": {
                    "distance": 1000000.0,
                    "pointIndex": -1
                }
            },
            "originX": 0,
            "originY": 0,
            "tlPoint": {
                "imageCoords": {
                    "x": -1,
                    "y": -1
                },
                "uvCoords": {
                    "x": -1,
                    "y": -1
                },
                "uvCoordsNormalized": {
                    "x": 0.3214285714285714,
                    "y": 0.6428571428571428
                },
                "uvCoordsNormalizedYflipped": {
                    "x": 0.3214285714285714,
                    "y": 1.1102230246251565e-16
                },
                "worldcoords": {
                    "x": 103.53214285714284,
                    "y": 410.71428571428567,
                    "z": 880.003642857143
                }
            },
            "trPoint": {
                "imageCoords": {
                    "x": -1,
                    "y": -1
                },
                "uvCoords": {
                    "x": -1,
                    "y": -1
                },
                "uvCoordsNormalized": {
                    "x": 0.6785714285714285,
                    "y": 0.6428571428571428
                },
                "uvCoordsNormalizedYflipped": {
                    "x": 0.6785714285714285,
                    "y": 1.1102230246251565e-16
                },
                "worldcoords": {
                    "x": 103.53214285714286,
                    "y": 410.71428571428567,
                    "z": 787.1625714285715
                }
            }
        },
        {
            "blPoint": {
                "imageCoords": {
                    "x": -1,
                    "y": -1
                },
                "uvCoords": {
                    "x": -1,
                    "y": -1
                },
                "uvCoordsNormalized": {
                    "x": 0.6428571428571428,
                    "y": 0.9999999999999999
                },
                "uvCoordsNormalizedYflipped": {
                    "x": 0.6428571428571428,
                    "y": 0.3571428571428572
                },
                "worldcoords": {
                    "x": 103.55000000000001,
                    "y": 499.99999999999994,
                    "z": 796.4482857142857
                }
            },
            "brPoint": {
                "imageCoords": {
                    "x": -1,
                    "y": -1
                },
                "uvCoords": {
                    "x": -1,
                    "y": -1
                },
                "uvCoordsNormalized": {
                    "x": 0.9999999999999999,
                    "y": 0.9999999999999999
                },
                "uvCoordsNormalizedYflipped": {
                    "x": 0.9999999999999999,
                    "y": 0.3571428571428572
                },
                "worldcoords": {
                    "x": 103.55,
                    "y": 499.99999999999994,
                    "z": 703.609
                }
            },
            "centerPoint": {
                "imageCoords": {
                    "x": -1,
                    "y": -1
                },
                "uvCoords": {
                    "x": -1,
                    "y": -1
                },
                "uvCoordsNormalized": {
                    "x": 0.8214285714285714,
                    "y": 0.8214285714285714
                },
                "uvCoordsNormalizedYflipped": {
                    "x": 0.8214285714285714,
                    "y": 0.1785714285714286
                },
                "worldcoords": {
                    "x": 103.54107142857143,
                    "y": 455.3571428571429,
                    "z": 750.0286428571429
                }
            },
            "imageFilename": "floor1/wall_3/IMG_7202.JPG",
            "imageHeight": 792,
            "imageIndex": 9,
            "imageWidth": 1188,
            "neighborImages": {
                "bottomImage": {
                    "distance": 1000000.0,
                    "pointIndex": -1
                },
                "leftImage": {
                    "distance": 1000000.0,
                    "pointIndex": -1
                },
                "rightImage": {
                    "distance": 1000000.0,
                    "pointIndex": -1
                },
                "topImage": {
                    "distance": 1000000.0,
                    "pointIndex": -1
                }
            },
            "originX": 0,
            "originY": 0,
            "tlPoint": {
                "imageCoords": {
                    "x": -1,
                    "y": -1
                },
                "uvCoords": {
                    "x": -1,
                    "y": -1
                },
                "uvCoordsNormalized": {
                    "x": 0.6428571428571428,
                    "y": 0.6428571428571428
                },
                "uvCoordsNormalizedYflipped": {
                    "x": 0.6428571428571428,
                    "y": 1.1102230246251565e-16
                },
                "worldcoords": {
                    "x": 103.53214285714286,
                    "y": 410.71428571428567,
                    "z": 796.4482857142857
                }
            },
            "trPoint": {
                "imageCoords": {
                    "x": -1,
                    "y": -1
                },
                "uvCoords": {
                    "x": -1,
                    "y": -1
                },
                "uvCoordsNormalized": {
                    "x": 0.9999999999999999,
                    "y": 0.6428571428571428
                },
                "uvCoordsNormalizedYflipped": {
                    "x": 0.9999999999999999,
                    "y": 1.1102230246251565e-16
                },
                "worldcoords": {
                    "x": 103.53214285714286,
                    "y": 410.71428571428567,
                    "z": 703.5911428571429
                }
            }
        }
    ],
    "materialIndex": 14,
    "materialName": "./floor1/wall_3/flatten_canvas.resized.jpg",
    "overviewImageInfo": {
        "blPoint": {
            "imageCoords": {
                "x": 0,
                "y": 2216
            },
            "uvCoords": {
                "x": -1,
                "y": -1
            },
            "uvCoordsNormalized": {
                "x": 0,
                "y": 1
            },
            "uvCoordsNormalizedYflipped": {
                "x": -1,
                "y": -1
            },
            "worldcoords": {
                "x": 103.55,
                "y": 500.0,
                "z": 963.559
            }
        },
        "brPoint": {
            "imageCoords": {
                "x": 4394,
                "y": 2216
            },
            "uvCoords": {
                "x": -1,
                "y": -1
            },
            "uvCoordsNormalized": {
                "x": 1,
                "y": 1
            },
            "uvCoordsNormalizedYflipped": {
                "x": -1,
                "y": -1
            },
            "worldcoords": {
                "x": 103.55,
                "y": 500.0,
                "z": 703.609
            }
        },
        "centerPoint": {
            "imageCoords": {
                "x": 2197,
                "y": 1108
            },
            "uvCoords": {
                "x": -1,
                "y": -1
            },
            "uvCoordsNormalized": {
                "x": -1,
                "y": -1
            },
            "uvCoordsNormalizedYflipped": {
                "x": -1,
                "y": -1
            },
            "worldcoords": {
                "x": 0,
                "y": 0,
                "z": 0
            }
        },
        "imageFilename": "NA",
        "imageHeight": 2217,
        "imageIndex": 0,
        "imageWidth": 4395,
        "neighborImages": {
            "bottomImage": {
                "distance": 1000000.0,
                "pointIndex": -1
            },
            "leftImage": {
                "distance": 1000000.0,
                "pointIndex": -1
            },
            "rightImage": {
                "distance": 1000000.0,
                "pointIndex": -1
            },
            "topImage": {
                "distance": 1000000.0,
                "pointIndex": -1
            }
        },
        "originX": 0,
        "originY": 0,
        "tlPoint": {
            "imageCoords": {
                "x": -1,
                "y": -1
            },
            "uvCoords": {
                "x": -1,
                "y": -1
            },
            "uvCoordsNormalized": {
                "x": 0,
                "y": 0
            },
            "uvCoordsNormalizedYflipped": {
                "x": -1,
                "y": -1
            },
            "worldcoords": {
                "x": 103.5,
                "y": 250.0,
                "z": 963.559
            }
        },
        "trPoint": {
            "imageCoords": {
                "x": 4394,
                "y": 0
            },
            "uvCoords": {
                "x": -1,
                "y": -1
            },
            "uvCoordsNormalized": {
                "x": 1,
                "y": 0
            },
            "uvCoordsNormalizedYflipped": {
                "x": -1,
                "y": -1
            },
            "worldcoords": {
                "x": 103.5,
                "y": 250.0,
                "z": 703.559
            }
        }
    }
}